snapshot_date,player_name,team_name,competition,position,age,predicted_value_eur,form_multiplier,contract_modifier,form_score,goals_recent,assists_recent,matches_played_recent,dynamic_value_eur,value_delta_pct
2026-09-12,Kylian Mbappé,Real Madrid CF,PD,,25.61533196440794,124040408.0,1.09,0.95,0.8,4,0,4,128443842.0,3.5
2026-09-12,Erling Haaland,Manchester City FC,PL,,24.030116358658454,120039632.0,1.03,1.0,0.6,3,0,3,123640821.0,3.0
2026-09-12,Florian Wirtz,Bayer 04 Leverkusen,BL1,,21.24845995893224,119180016.0,1.0,1.0,0.0,0,0,0,119180016.0,0.0
2026-09-12,Ousmane Dembélé,Paris Saint-Germain FC,FL1,,27.21423682409309,114443256.0,1.0,0.95,0.0,0,0,0,108721093.0,-5.0
2026-09-12,Vinicius Junior,Real Madrid CF,PD,,24.05475701574264,107915656.0,0.99,1.0,0.4667,1,2,4,106836499.0,-1.0
2026-09-12,Declan Rice,Arsenal FC,PL,,25.54688569472964,102920032.0,1.0,0.95,0.0,0,0,0,97774030.0,-5.0
2026-09-12,Bukayo Saka,Arsenal FC,PL,,22.90485968514716,100040088.0,0.97,1.0,0.4,2,0,3,97038885.0,-3.0
2026-09-12,Raphinha,FC Barcelona,PD,,27.630390143737166,92569968.0,1.09,0.95,0.8,6,0,4,95856202.0,3.6
2026-09-12,Jude Bellingham,Real Madrid CF,PD,,21.09240246406571,90665816.0,1.05,1.0,0.6667,2,2,4,95199107.0,5.0
2026-09-12,Dominik Szoboszlai,Liverpool FC,PL,,23.76728268309377,89493208.0,0.91,1.0,0.2,1,0,4,81438819.0,-9.0
2026-09-12,Luis Díaz,Liverpool FC,PL,,27.548254620123203,88083736.0,0.91,0.95,0.2,1,0,2,76148390.0,-13.5
2026-09-12,Xavi Simons,RB Leipzig,BL1,,21.281314168377826,87278152.0,1.0,1.0,0.0,0,0,0,87278152.0,0.0
2026-09-12,Bryan Mbeumo,Brentford FC,PL,,24.985626283367555,86841600.0,0.97,1.0,0.4,2,0,3,84236352.0,-3.0
2026-09-12,Michael Olise,FC Bayern München,BL1,,22.63655030800821,86521680.0,0.91,1.0,0.2,1,0,2,78734729.0,-9.0
2026-09-12,Jonathan David,Lille OSC,FL1,,24.54757015742642,85452208.0,1.0,1.0,0.0,0,0,0,85452208.0,0.0
2026-09-12,Nicolas Jackson,Chelsea FC,PL,,23.11567419575633,85393064.0,1.0,1.0,0.0,0,0,0,85393064.0,0.0
2026-09-12,Cody Gakpo,Liverpool FC,PL,,25.23750855578371,85159496.0,1.03,0.95,0.6,1,3,4,83328567.0,-2.1
2026-09-12,Phil Foden,Manchester City FC,PL,,24.177960301163587,83639888.0,1.0,1.0,0.0,0,0,0,83639888.0,0.0
2026-09-12,Enzo Fernández,Chelsea FC,PL,,23.537303216974674,83538968.0,1.0,1.0,0.0,0,0,0,83538968.0,0.0
2026-09-12,Federico Valverde,Real Madrid CF,PD,,26.028747433264886,83363720.0,1.0,0.95,0.0,0,0,0,79195534.0,-5.0
2026-09-12,Bradley Barcola,Paris Saint-Germain FC,FL1,,21.913757700205338,82975072.0,1.0,1.0,0.0,0,0,0,82975072.0,0.0
2026-09-12,Lamine Yamal,FC Barcelona,PD,,17.05407255304586,79266632.0,1.09,1.0,0.8,4,0,4,86400629.0,9.0
2026-09-12,Omar Marmoush,Eintracht Frankfurt,BL1,,25.481177275838466,78947208.0,1.0,0.95,0.0,0,0,0,74999848.0,-5.0
2026-09-12,Liam Delap,Ipswich Town FC,PL,,21.47843942505133,77898368.0,0.91,1.0,0.2,1,0,3,70887515.0,-9.0
2026-09-12,Pedri,FC Barcelona,PD,,21.683778234086244,76792840.0,0.95,1.0,0.3333,1,1,4,72953198.0,-5.0
2026-09-12,Jamal Musiala,FC Bayern München,BL1,,21.429158110882955,76388768.0,1.0,1.0,0.0,0,0,0,76388768.0,0.0
2026-09-12,Pedro Neto,Chelsea FC,PL,,24.39698836413416,74498632.0,0.91,1.0,0.2,1,0,4,67793755.0,-9.0
2026-09-12,Matheus Cunha,Wolverhampton Wanderers FC,PL,,25.182751540041068,74328448.0,1.0,0.95,0.0,0,0,0,70612026.0,-5.0
2026-09-12,Cole Palmer,Chelsea FC,PL,,22.23956194387405,74268504.0,1.05,1.0,0.6667,2,2,4,77981929.0,5.0
2026-09-12,Dejan Kulusevski,Tottenham Hotspur FC,PL,,24.268309377138944,71574152.0,1.0,1.0,0.0,0,0,0,71574152.0,0.0
2026-09-12,Eberechi Eze,Crystal Palace FC,PL,,26.091718001368925,71436952.0,1.0,0.95,0.0,0,0,0,67865104.0,-5.0
2026-09-12,Dani Olmo,FC Barcelona,PD,,26.236824093086927,70578968.0,1.0,0.95,0.0,0,0,0,67050020.0,-5.0
2026-09-12,Noni Madueke,Chelsea FC,PL,,22.39561943874059,70232368.0,1.0,1.0,0.0,0,0,0,70232368.0,0.0
2026-09-12,Amad Diallo,Manchester United FC,PL,,22.05886379192334,68797144.0,1.0,1.0,0.0,0,0,0,68797144.0,0.0
2026-09-12,Achraf Hakimi,Paris Saint-Germain FC,FL1,,25.741273100616016,68712432.0,1.0,0.95,0.0,0,0,0,65276810.0,-5.0
2026-09-12,Anthony Elanga,Nottingham Forest FC,PL,,22.26420260095825,67697480.0,0.97,1.0,0.4,2,0,3,65666556.0,-3.0
2026-09-12,Christian Pulisic,AC Milan,SA,,25.869952087611225,67456712.0,1.0,0.95,0.0,0,0,0,64083876.0,-5.0
2026-09-12,Álex Baena,Villarreal CF,PD,,23.033538672142367,66990892.0,1.07,1.0,0.7333,3,1,4,71680254.0,7.0
2026-09-12,Mohammed Kudus,West Ham United FC,PL,,23.99726214921287,66463860.0,1.0,1.0,0.0,0,0,0,66463860.0,0.0
2026-09-12,Kang-in Lee,Paris Saint-Germain FC,FL1,,23.44695414099932,66337464.0,0.95,1.0,0.3333,1,1,4,63020591.0,-5.0
2026-09-12,Marcus Rashford,Aston Villa FC,PL,,26.751540041067763,66229748.0,1.0,0.95,0.0,0,0,0,62918261.0,-5.0
2026-09-12,Bruno Guimarães,Newcastle United FC,PL,,26.70773442847365,66094216.0,1.0,0.95,0.0,0,0,0,62789505.0,-5.0
2026-09-12,Alexander Sørloth,Club Atlético de Madrid,PD,,28.657084188911703,66040408.0,1.0,0.95,0.0,0,0,0,62738388.0,-5.0
2026-09-12,James Maddison,Tottenham Hotspur FC,PL,,27.68788501026694,64216564.0,1.0,0.95,0.0,0,0,0,61005736.0,-5.0
2026-09-12,Andrey Santos,RC Strasbourg Alsace,FL1,,20.246406570841888,64151316.0,1.0,1.0,0.0,0,0,0,64151316.0,0.0
2026-09-12,João Pedro,Brighton & Hove Albion FC,PL,,22.847364818617383,63838108.0,1.09,1.0,0.8,3,3,4,69583538.0,9.0
2026-09-12,Darwin Núñez,Liverpool FC,PL,,25.10609171800137,63526432.0,1.0,0.95,0.0,0,0,0,60350110.0,-5.0
2026-09-12,Anthony Gordon,Newcastle United FC,PL,,23.43326488706365,62916756.0,1.0,1.0,0.0,0,0,0,62916756.0,0.0
2026-09-12,Harry Kane,FC Bayern München,BL1,,31.01163586584531,62613520.0,1.0,0.82,0.0,0,0,0,51343086.0,-18.0
2026-09-12,Sandro Tonali,Newcastle United FC,PL,,24.23271731690623,62563976.0,1.0,1.0,0.0,0,0,0,62563976.0,0.0
2026-09-12,Alexis Mac Allister,Liverpool FC,PL,,25.60438056125941,61968148.0,1.0,0.95,0.0,0,0,0,58869741.0,-5.0
2026-09-12,Alexander Isak,Newcastle United FC,PL,,24.862422997946613,61705132.0,1.03,1.0,0.6,3,0,4,63556286.0,3.0
2026-09-12,Morgan Rogers,Aston Villa FC,PL,,22.01779603011636,59788984.0,1.07,1.0,0.7333,3,1,4,63974213.0,7.0
2026-09-12,Kaoru Mitoma,Brighton & Hove Albion FC,PL,,27.200547570157426,59384156.0,1.0,0.95,0.0,0,0,0,56414948.0,-5.0
2026-09-12,Dominic Solanke,Tottenham Hotspur FC,PL,,26.88021902806297,59148692.0,1.0,0.95,0.0,0,0,0,56191257.0,-5.0
2026-09-12,Rafael Leão,AC Milan,SA,,25.144421629021217,58969584.0,1.0,0.95,0.0,0,0,0,56021105.0,-5.0
2026-09-12,Diogo Jota,Liverpool FC,PL,,27.65776865160849,58790236.0,1.0,0.95,0.0,0,0,0,55850724.0,-5.0
2026-09-12,Yoane Wissa,Brentford FC,PL,,27.90965092402464,58614000.0,0.95,0.95,0.3333,1,1,3,52899135.0,-9.8
2026-09-12,Leandro Trossard,Arsenal FC,PL,,29.659137577002053,58096884.0,1.0,0.95,0.0,0,0,0,55192040.0,-5.0
2026-09-12,Nick Woltemade,VfB Stuttgart,BL1,,22.46132785763176,58082592.0,1.0,1.0,0.0,0,0,0,58082592.0,0.0
2026-09-12,Antoine Semenyo,AFC Bournemouth,PL,,24.566735112936342,57861224.0,1.0,1.0,0.0,0,0,0,57861224.0,0.0
2026-09-12,Rodrygo,Real Madrid CF,PD,,23.55920602327173,56463224.0,1.0,1.0,0.0,0,0,0,56463224.0,0.0
2026-09-12,Bruno Fernandes,Manchester United FC,PL,,29.897330595482547,56254684.0,1.03,0.95,0.6,3,1,3,55045208.0,-2.2
2026-09-12,Rayan Cherki,Olympique Lyonnais,FL1,,20.95824777549624,56229044.0,1.03,1.0,0.6,2,2,3,57915915.0,3.0
2026-09-12,Gonçalo Ramos,Paris Saint-Germain FC,FL1,,23.11567419575633,56096108.0,0.91,1.0,0.2,1,0,4,51047458.0,-9.0
2026-09-12,Mikel Merino,Arsenal FC,PL,,28.109514031485283,54806364.0,1.0,0.95,0.0,0,0,0,52066046.0,-5.0
2026-09-12,Loïs Openda,RB Leipzig,BL1,,24.45722108145106,54588632.0,0.95,1.0,0.3333,1,1,3,51859200.0,-5.0
2026-09-12,Lautaro Martínez,FC Internazionale Milano,SA,,26.94318959616701,53912332.0,0.97,0.95,0.4,2,0,3,49680214.0,-7.8
2026-09-12,Fermín López,FC Barcelona,PD,,21.22655715263518,52869776.0,1.09,1.0,0.8,4,2,4,57628056.0,9.0
2026-09-12,Morgan Gibbs-White,Nottingham Forest FC,PL,,24.511978097193705,52853744.0,0.99,1.0,0.4667,1,2,4,52325207.0,-1.0
2026-09-12,Dušan Vlahović,Juventus FC,SA,,24.50924024640657,52533536.0,1.0,1.0,0.0,0,0,0,52533536.0,0.0
2026-09-12,Brennan Johnson,Tottenham Hotspur FC,PL,,23.19233401779603,52377656.0,1.0,1.0,0.0,0,0,0,52377656.0,0.0
2026-09-12,Justin Kluivert,AFC Bournemouth,PL,,25.24298425735797,52331320.0,0.91,0.95,0.2,1,0,4,45240426.0,-13.6
2026-09-12,Conor Gallagher,Club Atlético de Madrid,PD,,24.484599589322382,52011500.0,1.0,1.0,0.0,0,0,0,52011500.0,0.0
2026-09-12,Leroy Sané,FC Bayern München,BL1,,28.555783709787818,51825924.0,1.0,0.95,0.0,0,0,0,49234628.0,-5.0
2026-09-12,Jacob Murphy,Newcastle United FC,PL,,29.43463381245722,51423296.0,1.0,0.95,0.0,0,0,0,48852131.0,-5.0
2026-09-12,Omar Marmoush,Manchester City FC,PL,,25.481177275838466,50945324.0,1.0,0.95,0.0,0,0,0,48398058.0,-5.0
2026-09-12,Tijjani Reijnders,AC Milan,SA,,26.00958247775496,50386472.0,1.0,0.95,0.0,0,0,0,47867148.0,-5.0
2026-09-12,Evann Guessand,OGC Nice,FL1,,23.08555783709788,50236484.0,1.0,1.0,0.0,0,0,0,50236484.0,0.0
2026-09-12,Joshua Zirkzee,Manchester United FC,PL,,23.195071868583163,50069180.0,1.0,1.0,0.0,0,0,0,50069180.0,0.0
2026-09-12,Patrik Schick,Bayer 04 Leverkusen,BL1,,28.52019164955509,49827576.0,1.03,0.95,0.6,3,1,3,48756283.0,-2.2
2026-09-12,Bernardo Silva,Manchester City FC,PL,,29.976728268309376,49424260.0,1.0,0.95,0.0,0,0,0,46953047.0,-5.0
2026-09-12,Harvey Barnes,Newcastle United FC,PL,,26.64476386036961,48698580.0,0.91,0.95,0.2,1,0,3,42099922.0,-13.6
2026-09-12,Ritsu Doan,SC Freiburg,BL1,,26.127310061601644,48569084.0,1.0,0.95,0.0,0,0,0,46140630.0,-5.0
2026-09-12,Ismaïla Sarr,Crystal Palace FC,PL,,26.431211498973305,48392100.0,1.0,0.95,0.0,0,0,0,45972495.0,-5.0
2026-09-12,Ollie Watkins,Aston Villa FC,PL,,28.588637919233403,48138200.0,1.0,0.95,0.0,0,0,0,45731290.0,-5.0
2026-09-12,Karim Adeyemi,Borussia Dortmund,BL1,,22.535249828884325,47675208.0,0.95,1.0,0.3333,1,1,4,45291448.0,-5.0
2026-09-12,Evanilson,AFC Bournemouth,PL,,24.82135523613963,47555056.0,1.0,1.0,0.0,0,0,0,47555056.0,0.0
2026-09-12,Alejandro Garnacho,Manchester United FC,PL,,20.08487337440109,46696584.0,1.0,1.0,0.0,0,0,0,46696584.0,0.0
2026-09-12,Dango Ouattara,AFC Bournemouth,PL,,22.469541409993155,46576768.0,1.0,1.0,0.0,0,0,0,46576768.0,0.0
2026-09-12,Nicolò Barella,FC Internazionale Milano,SA,,27.479808350444905,46554652.0,1.0,0.95,0.0,0,0,0,44226919.0,-5.0
2026-09-12,Jørgen Strand Larsen,Wolverhampton Wanderers FC,PL,,24.484599589322382,45821000.0,0.91,1.0,0.2,1,0,4,41697110.0,-9.0
2026-09-12,Fabián Ruiz,Paris Saint-Germain FC,FL1,,28.32854209445585,45476040.0,1.0,0.95,0.0,0,0,0,43202238.0,-5.0
2026-09-12,Maximilian Beier,Borussia Dortmund,BL1,,21.790554414784395,45248920.0,1.0,1.0,0.0,0,0,0,45248920.0,0.0
2026-09-12,Kai Havertz,Arsenal FC,PL,,25.14168377823409,45072340.0,0.97,0.95,0.4,2,0,3,41534161.0,-7.9
2026-09-12,Mateo Retegui,Atalanta BC,SA,,25.259411362080765,44505872.0,1.0,0.95,0.0,0,0,0,42280578.0,-5.0
2026-09-12,Nikola Milenković,Nottingham Forest FC,PL,,26.80355920602328,44461920.0,1.0,0.95,0.0,0,0,0,42238824.0,-5.0
2026-09-12,Georginio Rutter,Brighton & Hove Albion FC,PL,,22.28336755646817,44132580.0,1.0,1.0,0.0,0,0,0,44132580.0,0.0
2026-09-12,Ademola Lookman,Atalanta BC,SA,,26.781656399726216,43972012.0,0.91,0.95,0.2,1,0,4,38013804.0,-13.6
2026-09-12,Khvicha Kvaratskhelia,SSC Napoli,SA,,23.46611909650924,43762836.0,1.0,1.0,0.0,0,0,0,43762836.0,0.0
2026-09-12,Kevin Schade,Brentford FC,PL,,22.6776180698152,43594464.0,1.03,1.0,0.6,3,0,4,44902298.0,3.0
2026-09-12,Jarrod Bowen,West Ham United FC,PL,,28.583162217659137,43388328.0,1.0,0.95,0.0,0,0,0,41218912.0,-5.0
2026-09-12,Lucas Paquetá,West Ham United FC,PL,,26.92950034223135,43105232.0,1.0,0.95,0.0,0,0,0,40949970.0,-5.0
2026-09-12,Richarlison,Tottenham Hotspur FC,PL,,27.227926078028748,42486108.0,1.0,0.95,0.0,0,0,0,40361803.0,-5.0
2026-09-12,Thierno Barry,Villarreal CF,PD,,24.553045859000683,42196748.0,0.91,1.0,0.2,1,0,4,38399041.0,-9.0
2026-09-12,Adrien Rabiot,Olympique de Marseille,FL1,,29.3305954825462,41813064.0,0.95,0.95,0.3333,1,1,4,37736290.0,-9.8
2026-09-12,Dan Ndoye,Bologna FC 1909,SA,,23.76728268309377,41620588.0,0.91,1.0,0.2,1,0,4,37874735.0,-9.0
2026-09-12,Jean-Philippe Mateta,Crystal Palace FC,PL,,27.09377138945928,41611700.0,1.0,0.95,0.0,0,0,0,39531115.0,-5.0
2026-09-12,Julian Brandt,Borussia Dortmund,BL1,,28.249144421629023,41554752.0,1.0,0.95,0.0,0,0,0,39477014.0,-5.0
2026-09-12,Marcus Tavernier,AFC Bournemouth,PL,,25.363449691991782,41240808.0,1.03,0.95,0.6,3,0,4,40354131.0,-2.1
2026-09-12,Randal Kolo Muani,Juventus FC,SA,,25.65639972621492,41211872.0,1.0,0.95,0.0,0,0,0,39151278.0,-5.0
2026-09-12,Jeremie Frimpong,Bayer 04 Leverkusen,BL1,,23.64134154688569,41198668.0,1.0,1.0,0.0,0,0,0,41198668.0,0.0
2026-09-12,Amadou Onana,Aston Villa FC,PL,,22.9596167008898,41137576.0,1.0,1.0,0.0,0,0,0,41137576.0,0.0
2026-09-12,Davide Frattesi,FC Internazionale Milano,SA,,24.85968514715948,40611108.0,1.03,1.0,0.6,3,0,4,41829441.0,3.0
2026-09-12,Mason Greenwood,Olympique de Marseille,FL1,,22.833675564681723,40604680.0,1.0,1.0,0.0,0,0,0,40604680.0,0.0
2026-09-12,Serge Gnabry,FC Bayern München,BL1,,29.05133470225873,40407360.0,1.0,0.95,0.0,0,0,0,38386992.0,-5.0
2026-09-12,Fábio Silva,UD Las Palmas,PD,,22.036960985626283,39928072.0,0.97,1.0,0.4,2,0,3,38730230.0,-3.0
2026-09-12,Federico Dimarco,FC Internazionale Milano,SA,,26.72416153319644,39403404.0,1.0,0.95,0.0,0,0,0,37433234.0,-5.0
2026-09-12,Amine Gouiri,Olympique de Marseille,FL1,,24.45722108145106,39279216.0,1.09,1.0,0.8,4,0,4,42814345.0,9.0
2026-09-12,Iliman Ndiaye,Everton FC,PL,,24.40520191649555,38878432.0,1.0,1.0,0.0,0,0,0,38878432.0,0.0
2026-09-12,Dilane Bakwa,RC Strasbourg Alsace,FL1,,21.932922655715263,38836116.0,0.91,1.0,0.2,1,0,2,35340866.0,-9.0
2026-09-12,Nikola Krstović,US Lecce,SA,,24.32306639288159,38366168.0,0.91,1.0,0.2,1,0,3,34913213.0,-9.0
2026-09-12,Khvicha Kvaratskhelia,Paris Saint-Germain FC,FL1,,23.46611909650924,38118532.0,1.0,1.0,0.0,0,0,0,38118532.0,0.0
2026-09-12,Callum Hudson-Odoi,Nottingham Forest FC,PL,,23.731690622861056,38004988.0,1.0,1.0,0.0,0,0,0,38004988.0,0.0
2026-09-12,Kingsley Coman,FC Bayern München,BL1,,28.13415468856948,38000856.0,1.0,0.95,0.0,0,0,0,36100813.0,-5.0
2026-09-12,Denzel Dumfries,FC Internazionale Milano,SA,,28.28747433264887,37335792.0,1.0,0.95,0.0,0,0,0,35469002.0,-5.0
2026-09-12,Jonathan Burkardt,1. FSV Mainz 05,BL1,,24.057494866529773,36718692.0,1.01,1.0,0.5333,2,1,3,37085879.0,1.0
2026-09-12,Arnaud Kalimuendo,Stade Rennais FC 1901,FL1,,22.529774127310063,36581888.0,1.0,1.0,0.0,0,0,0,36581888.0,0.0
2026-09-12,Jonathan Tah,Bayer 04 Leverkusen,BL1,,28.470910335386723,36350624.0,1.0,0.95,0.0,0,0,0,34533093.0,-5.0
2026-09-12,Rasmus Højlund,Manchester United FC,PL,,21.489390828199863,36232740.0,0.97,1.0,0.4,2,0,3,35145758.0,-3.0
2026-09-12,Francisco Conceição,Juventus FC,SA,,21.631759069130734,36033156.0,1.0,1.0,0.0,0,0,0,36033156.0,0.0
2026-09-12,Alex Iwobi,Fulham FC,PL,,28.246406570841888,35952696.0,1.0,0.95,0.0,0,0,0,34155061.0,-5.0
2026-09-12,Leon Goretzka,FC Bayern München,BL1,,29.4839151266256,35902740.0,1.0,0.95,0.0,0,0,0,34107603.0,-5.0
2026-09-12,Harry Wilson,Fulham FC,PL,,27.362080766598226,35638836.0,1.0,0.95,0.0,0,0,0,33856894.0,-5.0
2026-09-12,Alexis Saelemaekers,AS Roma,SA,,25.097878165639973,35198784.0,1.0,0.95,0.0,0,0,0,33438845.0,-5.0
2026-09-12,Charles De Ketelaere,Atalanta BC,SA,,23.394934976043807,35098824.0,1.0,1.0,0.0,0,0,0,35098824.0,0.0
2026-09-12,Luis Henrique,Olympique de Marseille,FL1,,22.63107460643395,34843224.0,1.0,1.0,0.0,0,0,0,34843224.0,0.0
2026-09-12,Mohamed Salah,Liverpool FC,PL,,32.12867898699521,34508960.0,1.0,0.82,0.0,0,0,0,28297347.0,-18.0
2026-09-12,Mikel Oyarzabal,Real Sociedad de Fútbol,PD,,27.27994524298425,34161672.0,1.0,0.95,0.0,0,0,0,32453588.0,-5.0
2026-09-12,Ryan Sessegnon,Fulham FC,PL,,24.205338809034902,34112380.0,1.0,1.0,0.0,0,0,0,34112380.0,0.0
2026-09-12,Ange-Yoan Bonny,Parma Calcio 1913,SA,,20.76933607118412,33967984.0,1.0,1.0,0.0,0,0,0,33967984.0,0.0
2026-09-12,Hamed Traoré,AJ Auxerre,FL1,,24.45722108145106,33490064.0,1.0,1.0,0.0,0,0,0,33490064.0,0.0
2026-09-12,Giacomo Raspadori,SSC Napoli,SA,,24.4517453798768,32913544.0,0.91,1.0,0.2,1,0,3,29951325.0,-9.0
2026-09-12,Joelinton,Newcastle United FC,PL,,27.964407939767284,32750852.0,1.0,0.95,0.0,0,0,0,31113309.0,-5.0
2026-09-12,Bafodé Diakité,Lille OSC,FL1,,23.567419575633128,32327092.0,1.0,1.0,0.0,0,0,0,32327092.0,0.0
2026-09-12,Beto,Everton FC,PL,,26.49965776865161,32184420.0,1.0,0.95,0.0,0,0,0,30575199.0,-5.0
2026-09-12,Scott McTominay,SSC Napoli,SA,,27.64681724845996,32164656.0,1.0,0.95,0.0,0,0,0,30556423.0,-5.0
2026-09-12,Ethan Nwaneri,Arsenal FC,PL,,17.366187542778917,31766472.0,1.0,1.0,0.0,0,0,0,31766472.0,0.0
2026-09-12,Dwight McNeil,Everton FC,PL,,24.692676249144423,31749692.0,1.0,1.0,0.0,0,0,0,31749692.0,0.0
2026-09-12,Jhon Durán,Aston Villa FC,PL,,20.635181382614647,31525216.0,1.0,1.0,0.0,0,0,0,31525216.0,0.0
2026-09-12,Ángel Correa,Club Atlético de Madrid,PD,,29.399041752224505,31362624.0,1.0,0.95,0.0,0,0,0,29794493.0,-5.0
2026-09-12,Samuel Chukwueze,AC Milan,SA,,25.196440793976727,31335596.0,1.0,0.95,0.0,0,0,0,29768816.0,-5.0
2026-09-12,Tomáš Souček,West Ham United FC,PL,,29.426420260095824,31289668.0,1.0,0.95,0.0,0,0,0,29725185.0,-5.0
2026-09-12,Victor Boniface,Bayer 04 Leverkusen,BL1,,23.60574948665298,30575516.0,1.0,1.0,0.0,0,0,0,30575516.0,0.0
2026-09-12,Ermedin Demirovic,VfB Stuttgart,BL1,,26.354551676933607,30422988.0,0.91,0.95,0.2,1,0,3,26300673.0,-13.6
2026-09-12,Romelu Lukaku,SSC Napoli,SA,,31.21971252566735,30337632.0,1.0,0.82,0.0,0,0,0,24876858.0,-18.0
2026-09-12,Georges Mikautadze,Olympique Lyonnais,FL1,,23.750855578370977,29855672.0,0.95,1.0,0.3333,1,1,4,28362888.0,-5.0
2026-09-12,Donyell Malen,Borussia Dortmund,BL1,,25.533196440793976,29590636.0,1.03,0.95,0.6,5,0,3,28954437.0,-2.2
2026-09-12,Moise Kean,ACF Fiorentina,SA,,24.424366872005475,29580592.0,1.0,1.0,0.0,0,0,0,29580592.0,0.0
2026-09-12,Emile Smith Rowe,Fulham FC,PL,,24.01095140314853,29504240.0,1.0,1.0,0.0,0,0,0,29504240.0,0.0
2026-09-12,Takefusa Kubo,Real Sociedad de Fútbol,PD,,23.159479808350444,29213060.0,1.0,1.0,0.0,0,0,0,29213060.0,0.0
2026-09-12,Theo Hernández,AC Milan,SA,,26.819986310746064,28687504.0,1.0,0.95,0.0,0,0,0,27253129.0,-5.0
2026-09-12,Maghnes Akliouche,AS Monaco FC,FL1,,22.431211498973305,28385536.0,1.0,1.0,0.0,0,0,0,28385536.0,0.0
2026-09-12,Éderson,Atalanta BC,SA,,25.07049965776865,28100196.0,0.91,0.95,0.2,1,0,3,24292619.0,-13.6
2026-09-12,Rodrigo Muniz,Fulham FC,PL,,23.24435318275154,27995820.0,1.0,1.0,0.0,0,0,0,27995820.0,0.0
2026-09-12,Patrick Dorgu,US Lecce,SA,,19.76454483230664,27979220.0,1.0,1.0,0.0,0,0,0,27979220.0,0.0
2026-09-12,Eljif Elmas,Torino FC,SA,,24.854209445585216,27458576.0,1.0,1.0,0.0,0,0,0,27458576.0,0.0
2026-09-12,Artem Dovbyk,AS Roma,SA,,27.1129363449692,27206360.0,0.91,0.95,0.2,1,0,3,23519898.0,-13.6
2026-09-12,Sebastian Nanasi,RC Strasbourg Alsace,FL1,,22.21218343600274,26354072.0,1.0,1.0,0.0,0,0,0,26354072.0,0.0
2026-09-12,Martinelli,Arsenal FC,PL,,23.1211498973306,26219604.0,1.0,1.0,0.0,0,0,0,26219604.0,0.0
2026-09-12,Pape Gueye,Villarreal CF,PD,,25.51950718685832,26013328.0,0.91,0.95,0.2,1,0,4,22488522.0,-13.6
2026-09-12,Ansgar Knauff,Eintracht Frankfurt,BL1,,22.55715263518138,25940640.0,1.0,1.0,0.0,0,0,0,25940640.0,0.0
2026-09-12,Daniel Muñoz,Crystal Palace FC,PL,,28.18343600273785,25928128.0,1.0,0.95,0.0,0,0,0,24631722.0,-5.0
2026-09-12,Tiago Tomás,VfL Wolfsburg,BL1,,22.127310061601644,25512616.0,1.0,1.0,0.0,0,0,0,25512616.0,0.0
2026-09-12,Denis Zakaria,AS Monaco FC,FL1,,27.696098562628336,24592168.0,1.0,0.95,0.0,0,0,0,23362560.0,-5.0
2026-09-12,Diego López,Valencia CF,PD,,22.220396988364133,24471076.0,1.0,1.0,0.0,0,0,0,24471076.0,0.0
2026-09-12,Ludovic Blas,Stade Rennais FC 1901,FL1,,26.584531143052704,24424584.0,1.0,0.95,0.0,0,0,0,23203355.0,-5.0
2026-09-12,Hugo Larsson,Eintracht Frankfurt,BL1,,20.095824777549623,24140444.0,1.0,1.0,0.0,0,0,0,24140444.0,0.0
2026-09-12,Koni De Winter,Genoa CFC,SA,,22.138261464750173,24138880.0,1.0,1.0,0.0,0,0,0,24138880.0,0.0
2026-09-12,Hakan Çalhanoğlu,FC Internazionale Milano,SA,,30.47775496235456,24000188.0,0.97,0.82,0.4,2,0,3,19089750.0,-20.5
2026-09-12,Neil El Aynaoui,Racing Club de Lens,FL1,,23.082819986310746,23823184.0,1.0,1.0,0.0,0,0,0,23823184.0,0.0
2026-09-12,Jack Hinshelwood,Brighton & Hove Albion FC,PL,,19.307323750855577,23749956.0,0.91,1.0,0.2,2,0,1,21612460.0,-9.0
2026-09-12,Giovani Lo Celso,Real Betis Balompié,PD,,28.31211498973306,23648344.0,1.0,0.95,0.0,0,0,0,22465927.0,-5.0
2026-09-12,Enzo Millot,VfB Stuttgart,BL1,,22.04243668720055,23333768.0,1.0,1.0,0.0,0,0,0,23333768.0,0.0
2026-09-12,Riccardo Orsolini,Bologna FC 1909,SA,,27.51813826146475,22819688.0,1.0,0.95,0.0,0,0,0,21678704.0,-5.0
2026-09-12,Breel Embolo,AS Monaco FC,FL1,,27.460643394934976,22466888.0,1.0,0.95,0.0,0,0,0,21343544.0,-5.0
2026-09-12,Rayan Aït Nouri,Wolverhampton Wanderers FC,PL,,23.15400410677618,22365900.0,1.0,1.0,0.0,0,0,0,22365900.0,0.0
2026-09-12,Deniz Undav,VfB Stuttgart,BL1,,28.03559206023272,22340788.0,1.0,0.95,0.0,0,0,0,21223749.0,-5.0
2026-09-12,Daniel Maldini,Atalanta BC,SA,,22.806297056810404,22129372.0,0.91,1.0,0.2,1,0,3,20137729.0,-9.0
2026-09-12,Habib Diarra,RC Strasbourg Alsace,FL1,,20.577686516084874,21989432.0,1.0,1.0,0.0,0,0,0,21989432.0,0.0
2026-09-12,Raphaël Guerreiro,FC Bayern München,BL1,,30.60917180013689,21963820.0,1.0,0.82,0.0,0,0,0,18010332.0,-18.0
2026-09-12,Oihan Sancet,Athletic Club,PD,,24.268309377138944,21925020.0,0.91,1.0,0.2,1,0,5,19951768.0,-9.0
2026-09-12,Jonas Wind,VfL Wolfsburg,BL1,,25.481177275838466,21905084.0,1.0,0.95,0.0,0,0,0,20809830.0,-5.0
2026-09-12,Kenan Yıldız,Juventus FC,SA,,19.24435318275154,21637124.0,1.0,1.0,0.0,0,0,0,21637124.0,0.0
2026-09-12,Alberto Moleiro,UD Las Palmas,PD,,20.83778234086242,21106896.0,1.0,1.0,0.0,0,0,0,21106896.0,0.0
2026-09-12,Eliesse Ben Seghir,AS Monaco FC,FL1,,19.45516769336071,21106092.0,1.0,1.0,0.0,0,0,0,21106092.0,0.0
2026-09-12,Tammy Abraham,AC Milan,SA,,26.830937713894592,21086252.0,1.0,0.95,0.0,0,0,0,20031939.0,-5.0
2026-09-12,Nico Paz,Como 1907,SA,,19.89596167008898,20909352.0,0.91,1.0,0.2,1,0,3,19027510.0,-9.0
2026-09-12,Roberto Piccoli,Cagliari Calcio,SA,,23.509924709103355,20601996.0,0.91,1.0,0.2,1,0,3,18747816.0,-9.0
2026-09-12,Moses Simon,FC Nantes,FL1,,29.05681040383299,20274120.0,1.0,0.95,0.0,0,0,0,19260414.0,-5.0
2026-09-12,Yangel Herrera,Girona FC,PD,,26.56536618754278,20265768.0,0.91,0.95,0.2,1,0,5,17519756.0,-13.6
2026-09-12,Tom Bischof,TSG 1899 Hoffenheim,BL1,,19.09377138945928,20089352.0,1.0,1.0,0.0,0,0,0,20089352.0,0.0
2026-09-12,Mario Pašalić,Atalanta BC,SA,,29.475701574264203,20085292.0,1.0,0.95,0.0,0,0,0,19081027.0,-5.0
2026-09-12,Eldor Shomurodov,AS Roma,SA,,29.09240246406571,20019696.0,1.0,0.95,0.0,0,0,0,19018711.0,-5.0
2026-09-12,Cucurella,Chelsea FC,PL,,26.028747433264886,19991764.0,1.0,0.95,0.0,0,0,0,18992176.0,-5.0
2026-09-12,Nico Williams,Athletic Club,PD,,22.05612594113621,19918688.0,0.91,1.0,0.2,1,0,5,18126006.0,-9.0
2026-09-12,Gustav Isaksen,SS Lazio,SA,,23.28542094455852,19690384.0,1.0,1.0,0.0,0,0,0,19690384.0,0.0
2026-09-12,Heung-min Son,Tottenham Hotspur FC,PL,,32.06570841889117,19526048.0,1.0,0.82,0.0,0,0,0,16011359.0,-18.0
2026-09-12,Óscar Mingueza,RC Celta de Vigo,PD,,25.22108145106092,19501784.0,1.0,0.95,0.0,0,0,0,18526695.0,-5.0
2026-09-12,Mika Biereth,AS Monaco FC,FL1,,21.47843942505133,19464324.0,1.0,1.0,0.0,0,0,0,19464324.0,0.0
2026-09-12,Nicolas Pépé,Villarreal CF,PD,,29.177275838466805,19434052.0,0.97,0.95,0.4,2,0,4,17908479.0,-7.8
2026-09-12,Simon Sohm,Parma Calcio 1913,SA,,23.307323750855577,19412640.0,1.0,1.0,0.0,0,0,0,19412640.0,0.0
2026-09-12,Anastasios Douvikas,RC Celta de Vigo,PD,,24.99931553730321,19184792.0,0.97,1.0,0.4,2,0,3,18609248.0,-3.0
2026-09-12,Ridle Baku,RB Leipzig,BL1,,26.31622176591376,19114520.0,0.97,0.95,0.4,2,0,2,17614030.0,-7.9
2026-09-12,Yacine Adli,ACF Fiorentina,SA,,24.0082135523614,19108104.0,1.0,1.0,0.0,0,0,0,19108104.0,0.0
2026-09-12,Zuriko Davitashvili,AS Saint-Étienne,FL1,,23.457905544147845,18922156.0,1.0,1.0,0.0,0,0,0,18922156.0,0.0
2026-09-12,Lorenzo Colombo,Empoli FC,SA,,22.40109514031485,18816812.0,1.0,1.0,0.0,0,0,0,18816812.0,0.0
2026-09-12,Chris Wood,Nottingham Forest FC,PL,,32.65160848733744,18768136.0,1.0,0.82,0.0,0,0,0,15389872.0,-18.0
2026-09-12,Gaetano Oristanio,Venezia FC,SA,,21.842573579739906,18683664.0,1.0,1.0,0.0,0,0,0,18683664.0,0.0
2026-09-12,Shuto Machino,Holstein Kiel,BL1,,24.83778234086242,18640808.0,1.0,1.0,0.0,0,0,0,18640808.0,0.0
2026-09-12,Christian Nørgaard,Brentford FC,PL,,30.39561943874059,18453212.0,1.0,0.82,0.0,0,0,0,15131634.0,-18.0
2026-09-12,Santiago Castro,Bologna FC 1909,SA,,19.86858316221766,18200628.0,1.0,1.0,0.0,0,0,0,18200628.0,0.0
2026-09-12,Jonathan Rowe,Olympique de Marseille,FL1,,21.256673511293634,18180608.0,1.0,1.0,0.0,0,0,0,18180608.0,0.0
2026-09-12,Joško Gvardiol,Manchester City FC,PL,,22.521560574948666,18149564.0,0.95,1.0,0.3333,1,1,3,17242086.0,-5.0
2026-09-12,Mateo Kovačić,Manchester City FC,PL,,30.23956194387405,17851760.0,1.0,0.82,0.0,0,0,0,14638443.0,-18.0
2026-09-12,Mitchel Bakker,Lille OSC,FL1,,24.11498973305955,17366332.0,1.0,1.0,0.0,0,0,0,17366332.0,0.0
2026-09-12,Nikola Vlašić,Torino FC,SA,,26.82546201232033,17324680.0,1.0,0.95,0.0,0,0,0,16458446.0,-5.0
2026-09-12,Yankubah Minteh,Brighton & Hove Albion FC,PL,,20.02737850787132,17277884.0,1.0,1.0,0.0,0,0,0,17277884.0,0.0
2026-09-12,Hans Nicolussi Caviglia,Venezia FC,SA,,24.12046543463381,17043728.0,1.0,1.0,0.0,0,0,0,17043728.0,0.0
2026-09-12,Bryan Cristante,AS Roma,SA,,29.415468856947296,16686040.0,1.0,0.95,0.0,0,0,0,15851738.0,-5.0
2026-09-12,Keito Nakamura,Stade de Reims,FL1,,24.01095140314853,16321067.0,1.0,1.0,0.0,0,0,0,16321067.0,0.0
2026-09-12,Patrick Cutrone,Como 1907,SA,,26.576317590691307,16281114.0,1.0,0.95,0.0,0,0,0,15467058.0,-5.0
2026-09-12,Emre Can,Borussia Dortmund,BL1,,30.55167693360712,16211888.0,1.0,0.82,0.0,0,0,0,13293748.0,-18.0
2026-09-12,Nathaniel Brown,Eintracht Frankfurt,BL1,,21.127994524298423,16116406.0,1.0,1.0,0.0,0,0,0,16116406.0,0.0
2026-09-12,Jacob Bruun Larsen,VfB Stuttgart,BL1,,25.867214236824093,16110167.0,1.0,0.95,0.0,0,0,0,15304659.0,-5.0
2026-09-12,Boulaye Dia,SS Lazio,SA,,27.707049965776864,15970656.0,1.0,0.95,0.0,0,0,0,15172123.0,-5.0
2026-09-12,Hugo Duro,Valencia CF,PD,,24.725530458590008,15919684.0,1.0,1.0,0.0,0,0,0,15919684.0,0.0
2026-09-12,Brais Méndez,Real Sociedad de Fútbol,PD,,27.564681724846,15909576.0,1.0,0.95,0.0,0,0,0,15114097.0,-5.0
2026-09-12,Mattias Svanberg,VfL Wolfsburg,BL1,,25.571526351813823,15850785.0,1.0,0.95,0.0,0,0,0,15058246.0,-5.0
2026-09-12,Nadir Zortea,Cagliari Calcio,SA,,25.11978097193703,15802938.0,1.0,0.95,0.0,0,0,0,15012791.0,-5.0
2026-09-12,Marco Brescianini,Atalanta BC,SA,,24.531143052703623,15790133.0,1.0,1.0,0.0,0,0,0,15790133.0,0.0
2026-09-12,Lucas Beltrán,ACF Fiorentina,SA,,23.107460643394933,15695518.0,1.0,1.0,0.0,0,0,0,15695518.0,0.0
2026-09-12,Folarin Balogun,AS Monaco FC,FL1,,23.08008213552361,15598405.0,1.0,1.0,0.0,0,0,0,15598405.0,0.0
2026-09-12,Jens Odgaard,Bologna FC 1909,SA,,25.3388090349076,15485610.0,1.0,0.95,0.0,0,0,0,14711330.0,-5.0
2026-09-12,Lassine Sinayoko,AJ Auxerre,FL1,,24.648870636550303,15325149.0,1.03,1.0,0.6,4,0,3,15784903.0,3.0
2026-09-12,Stephy Mavididi,Leicester City FC,PL,,26.17111567419576,15293583.0,1.0,0.95,0.0,0,0,0,14528904.0,-5.0
2026-09-12,Samuel Szmodics,Ipswich Town FC,PL,,28.854209445585216,15099962.0,1.0,0.95,0.0,0,0,0,14344964.0,-5.0
2026-09-12,Youssouf Ndayishimiye,OGC Nice,FL1,,25.76317590691308,14924071.0,1.0,0.95,0.0,0,0,0,14177867.0,-5.0
2026-09-12,Jacopo Fazzini,Empoli FC,SA,,21.37987679671458,14923672.0,1.0,1.0,0.0,0,0,0,14923672.0,0.0
2026-09-12,Can Uzun,Eintracht Frankfurt,BL1,,18.72142368240931,14663159.0,0.97,1.0,0.4,2,0,3,14223264.0,-3.0
2026-09-12,Ayoze Pérez,Villarreal CF,PD,,31.00889801505818,14418134.0,1.0,0.82,0.0,0,0,0,11822870.0,-18.0
2026-09-12,Iñaki Williams,Athletic Club,PD,,30.13004791238877,14356445.0,1.0,0.82,0.0,0,0,0,11772285.0,-18.0
2026-09-12,Lorenzo Lucca,Udinese Calcio,SA,,23.89048596851472,14319936.0,1.0,1.0,0.0,0,0,0,14319936.0,0.0
2026-09-12,Takumi Minamino,AS Monaco FC,FL1,,29.541409993155373,14281858.0,1.0,0.95,0.0,0,0,0,13567765.0,-5.0
2026-09-12,Mattia Zaccagni,SS Lazio,SA,,29.127994524298423,14245185.0,1.0,0.95,0.0,0,0,0,13532926.0,-5.0
2026-09-12,Mahdi Camara,Stade Brestois 29,FL1,,26.0889801505818,14235759.0,1.0,0.95,0.0,0,0,0,13523971.0,-5.0
2026-09-12,Rolando Mandragora,ACF Fiorentina,SA,,27.091033538672143,14189810.0,0.91,0.95,0.2,1,0,3,12267091.0,-13.5
2026-09-12,Cyle Larin,RCD Mallorca,PD,,29.29226557152635,14133411.0,1.0,0.95,0.0,0,0,0,13426740.0,-5.0
2026-09-12,Robin Hack,Borussia Mönchengladbach,BL1,,25.93018480492813,14040553.0,1.0,0.95,0.0,0,0,0,13338525.0,-5.0
2026-09-12,Andrea Pinamonti,Genoa CFC,SA,,25.204654346338124,14015028.0,1.0,0.95,0.0,0,0,0,13314277.0,-5.0
2026-09-12,Umar Sadiq,Valencia CF,PD,,27.49349760438056,14004767.0,0.91,0.95,0.2,1,0,3,12107121.0,-13.6
2026-09-12,Romano Schmid,SV Werder Bremen,BL1,,24.511978097193705,13968778.0,1.0,1.0,0.0,0,0,0,13968778.0,0.0
2026-09-12,Vedat Muriqi,RCD Mallorca,PD,,30.272416153319643,13933467.0,1.0,0.82,0.0,0,0,0,11425443.0,-18.0
2026-09-12,Abdallah Sima,Stade Brestois 29,FL1,,23.123887748117728,13901295.0,1.0,1.0,0.0,0,0,0,13901295.0,0.0
2026-09-12,Edon Zhegrova,Lille OSC,FL1,,25.3388090349076,13874673.0,1.0,0.95,0.0,0,0,0,13180939.0,-5.0
2026-09-12,Gabriel Strefezza,Como 1907,SA,,27.28815879534565,13832290.0,1.0,0.95,0.0,0,0,0,13140676.0,-5.0
2026-09-12,Dennis Man,Parma Calcio 1913,SA,,25.932922655715263,13817998.0,1.0,0.95,0.0,0,0,0,13127098.0,-5.0
2026-09-12,Aimar Oroz,CA Osasuna,PD,,22.6776180698152,13682069.0,1.0,1.0,0.0,0,0,0,13682069.0,0.0
2026-09-12,Malick Fofana,Olympique Lyonnais,FL1,,19.33744010951403,13678729.0,0.91,1.0,0.2,1,0,2,12447643.0,-9.0
2026-09-12,Cucho Hernández,Real Betis Balompié,PD,,25.28405201916496,13645296.0,1.0,0.95,0.0,0,0,0,12963031.0,-5.0
2026-09-12,Thilo Kehrer,AS Monaco FC,FL1,,27.860369609856264,13641601.0,1.0,0.95,0.0,0,0,0,12959521.0,-5.0
2026-09-12,Tim Kleindienst,Borussia Mönchengladbach,BL1,,28.919917864476385,13598218.0,1.0,0.95,0.0,0,0,0,12918307.0,-5.0
2026-09-12,Matias Fernandez-Pardo,Lille OSC,FL1,,19.49075975359343,13346757.0,1.0,1.0,0.0,0,0,0,13346757.0,0.0
2026-09-12,Antonio Nusa,RB Leipzig,BL1,,19.290896646132783,13194458.0,0.91,1.0,0.2,1,0,2,12006957.0,-9.0
2026-09-12,Vitinha,Paris Saint-Germain FC,FL1,,24.465434633812457,13146628.0,0.95,1.0,0.3333,1,1,3,12489297.0,-5.0
2026-09-12,Antony,Real Betis Balompié,PD,,24.435318275154003,13067928.0,1.0,1.0,0.0,0,0,0,13067928.0,0.0
2026-09-12,Marshall Munetsi,Stade de Reims,FL1,,28.109514031485283,12925466.0,1.0,0.95,0.0,0,0,0,12279193.0,-5.0
2026-09-12,Pablo Torre,FC Barcelona,PD,,21.3305954825462,12907309.0,1.0,1.0,0.0,0,0,0,12907309.0,0.0
2026-09-12,Zakaria Aboukhlal,Toulouse FC,FL1,,24.4517453798768,12844414.0,1.0,1.0,0.0,0,0,0,12844414.0,0.0
2026-09-12,Robert Lewandowski,FC Barcelona,PD,,35.945242984257355,12799196.0,1.0,0.65,0.0,0,0,0,8319477.0,-35.0
2026-09-12,Pablo Rosario,OGC Nice,FL1,,27.564681724846,12788800.0,1.0,0.95,0.0,0,0,0,12149360.0,-5.0
2026-09-12,Giovanni Fabbian,Bologna FC 1909,SA,,21.54688569472964,12734107.0,1.0,1.0,0.0,0,0,0,12734107.0,0.0
2026-09-12,Sebastiano Esposito,Empoli FC,SA,,22.083504449007528,12672153.0,1.0,1.0,0.0,0,0,0,12672153.0,0.0
2026-09-12,Santi Comesaña,Villarreal CF,PD,,27.822039698836413,12573921.0,1.0,0.95,0.0,0,0,0,11945225.0,-5.0
2026-09-12,Raúl Moro,Real Valladolid CF,PD,,21.65639972621492,12507401.0,1.0,1.0,0.0,0,0,0,12507401.0,0.0
2026-09-12,Marash Kumbulla,RCD Espanyol de Barcelona,PD,,24.47912388774812,12414755.0,1.0,1.0,0.0,0,0,0,12414755.0,0.0
2026-09-12,Facundo Buonanotte,Leicester City FC,PL,,19.60574948665298,12401715.0,1.0,1.0,0.0,0,0,0,12401715.0,0.0
2026-09-12,Paul Wanner,1. FC Heidenheim 1846,BL1,,18.60643394934976,12265205.0,1.0,1.0,0.0,0,0,0,12265205.0,0.0
2026-09-12,Matteo Cancellieri,Parma Calcio 1913,SA,,22.466803559206024,12187109.0,0.91,1.0,0.2,1,0,4,11090269.0,-9.0
2026-09-12,Gaëtan Laborde,OGC Nice,FL1,,30.24777549623545,12037499.0,1.0,0.82,0.0,0,0,0,9870749.0,-18.0
2026-09-12,Sofiane Diop,OGC Nice,FL1,,24.145106091718,11996517.0,1.0,1.0,0.0,0,0,0,11996517.0,0.0
2026-09-12,Antoine Griezmann,Club Atlético de Madrid,PD,,33.36618754277892,11980397.0,1.0,0.82,0.0,0,0,0,9823926.0,-18.0
2026-09-12,Matthis Abline,FC Nantes,FL1,,21.347022587268995,11957887.0,1.0,1.0,0.0,0,0,0,11957887.0,0.0
2026-09-12,Javi Puado,RCD Espanyol de Barcelona,PD,,26.187542778918548,11888276.0,1.0,0.95,0.0,0,0,0,11293862.0,-5.0
2026-09-12,Isco,Real Betis Balompié,PD,,32.27926078028747,11698408.0,1.0,0.82,0.0,0,0,0,9592695.0,-18.0
2026-09-12,Sandro,UD Las Palmas,PD,,29.065023956194388,11669615.0,1.0,0.95,0.0,0,0,0,11086134.0,-5.0
2026-09-12,Amin Sarr,Hellas Verona FC,SA,,23.392197125256672,11649844.0,1.0,1.0,0.0,0,0,0,11649844.0,0.0
2026-09-12,Samuel Mbangula,Juventus FC,SA,,20.542094455852155,11525237.0,1.0,1.0,0.0,0,0,0,11525237.0,0.0
2026-09-12,Álex Berenguer,Athletic Club,PD,,29.078713210130047,11494261.0,0.91,0.95,0.2,1,0,5,9936789.0,-13.5
2026-09-12,Fabian Schär,Newcastle United FC,PL,,32.616016427104725,11220847.0,1.0,0.82,0.0,0,0,0,9201095.0,-18.0
2026-09-12,Jens Stage,SV Werder Bremen,BL1,,27.72895277207392,11113073.0,1.0,0.95,0.0,0,0,0,10557419.0,-5.0
2026-09-12,Giovanni Di Lorenzo,SSC Napoli,SA,,30.99247091033539,11072809.0,1.0,0.82,0.0,0,0,0,9079703.0,-18.0
2026-09-12,Gorka Guruzeta,Athletic Club,PD,,27.88501026694045,11007741.0,1.0,0.95,0.0,0,0,0,10457354.0,-5.0
2026-09-12,Arnaut Danjuma,Girona FC,PD,,27.498973305954827,10915164.0,1.0,0.95,0.0,0,0,0,10369406.0,-5.0
2026-09-12,Frank Magri,Toulouse FC,FL1,,24.908966461327857,10798209.0,1.0,1.0,0.0,0,0,0,10798209.0,0.0
2026-09-12,Matteo Politano,SSC Napoli,SA,,30.99520876112252,10251423.0,0.91,0.82,0.2,1,0,3,7649612.0,-25.4
2026-09-12,Gaëtan Perrin,AJ Auxerre,FL1,,28.150581793292265,10162047.0,1.0,0.95,0.0,0,0,0,9653945.0,-5.0
2026-09-12,Kevin De Bruyne,Manchester City FC,PL,,33.09514031485284,10102157.0,0.95,0.82,0.3333,1,1,3,7869580.0,-22.1
2026-09-12,Danny Welbeck,Brighton & Hove Albion FC,PL,,33.68104038329911,10053047.0,1.0,0.82,0.0,0,0,0,8243499.0,-18.0
2026-09-12,Mauro Arambarri,Getafe CF,PD,,28.83778234086242,9827063.0,1.0,0.95,0.0,0,0,0,9335710.0,-5.0
2026-09-12,Corentin Tolisso,Olympique Lyonnais,FL1,,29.9958932238193,9797530.0,1.0,0.95,0.0,0,0,0,9307654.0,-5.0
2026-09-12,Armin Gigovic,Holstein Kiel,BL1,,22.321697467488026,9771179.0,1.0,1.0,0.0,0,0,0,9771179.0,0.0
2026-09-12,Michael Keane,Everton FC,PL,,31.55373032169747,9733048.0,1.0,0.82,0.0,0,0,0,7981099.0,-18.0
2026-09-12,Yann Gboho,Toulouse FC,FL1,,23.54551676933607,9640667.0,1.0,1.0,0.0,0,0,0,9640667.0,0.0
2026-09-12,Thomas Partey,Arsenal FC,PL,,31.134839151266256,9595447.0,1.0,0.82,0.0,0,0,0,7868267.0,-18.0
2026-09-12,Franck Honorat,Borussia Mönchengladbach,BL1,,27.97262149212868,9546050.0,1.0,0.95,0.0,0,0,0,9068748.0,-5.0
2026-09-12,Paulo Dybala,AS Roma,SA,,30.71047227926078,9478232.0,1.0,0.82,0.0,0,0,0,7772150.0,-18.0
2026-09-12,Lucas Höler,SC Freiburg,BL1,,30.06160164271047,9427568.0,1.0,0.82,0.0,0,0,0,7730606.0,-18.0
2026-09-12,Samuel Essende,FC Augsburg,BL1,,26.521560574948666,9318053.0,1.0,0.95,0.0,0,0,0,8852150.0,-5.0
2026-09-12,Marvin Ducksch,SV Werder Bremen,BL1,,30.403832991101982,9183902.0,1.0,0.82,0.0,0,0,0,7530800.0,-18.0
2026-09-12,Vincenzo Grifo,SC Freiburg,BL1,,31.318275154004105,9174727.0,1.0,0.82,0.0,0,0,0,7523276.0,-18.0
2026-09-12,Paul Onuachu,Southampton FC,PL,,30.17932922655715,9139028.0,1.0,0.82,0.0,0,0,0,7494003.0,-18.0
2026-09-12,Mitchell Weiser,SV Werder Bremen,BL1,,30.28062970568104,9136344.0,1.0,0.82,0.0,0,0,0,7491802.0,-18.0
2026-09-12,Williot Swedberg,RC Celta de Vigo,PD,,20.49828884325804,8997461.0,1.0,1.0,0.0,0,0,0,8997461.0,0.0
2026-09-12,Marco Grüll,SV Werder Bremen,BL1,,26.072553045859,8982389.0,0.99,0.95,0.4667,1,2,3,8447937.0,-5.9
2026-09-12,Borja Iglesias,RC Celta de Vigo,PD,,31.537303216974674,8945561.0,1.0,0.82,0.0,0,0,0,7335360.0,-18.0
2026-09-12,Sinaly Diomandé,AJ Auxerre,FL1,,23.312799452429843,8878731.0,1.0,1.0,0.0,0,0,0,8878731.0,0.0
2026-09-12,Hugo Ekitike,Eintracht Frankfurt,BL1,,22.11635865845312,8826531.0,1.0,1.0,0.0,0,0,0,8826531.0,0.0
2026-09-12,Mohammed Amoura,VfL Wolfsburg,BL1,,24.229979466119097,8802750.0,1.0,1.0,0.0,0,0,0,8802750.0,0.0
2026-09-12,Răzvan Marin,Cagliari Calcio,SA,,28.191649555099247,8795810.0,1.0,0.95,0.0,0,0,0,8356020.0,-5.0
2026-09-12,Mostafa Mohamed,FC Nantes,FL1,,26.67488021902806,8599999.0,1.0,0.95,0.0,0,0,0,8169999.0,-5.0
2026-09-12,Ante Budimir,CA Osasuna,PD,,33.02943189596167,8574031.0,1.09,0.82,0.8,4,0,5,7663469.0,-10.6
2026-09-12,Julián Álvarez,Club Atlético de Madrid,PD,,24.501026694045173,8559970.0,1.0,1.0,0.0,0,0,0,8559970.0,0.0
2026-09-12,Benedict Hollerbach,1. FC Union Berlin,BL1,,23.208761122518823,8524045.0,1.0,1.0,0.0,0,0,0,8524045.0,0.0
2026-09-12,Raúl Jiménez,Fulham FC,PL,,33.242984257357975,8464198.0,1.0,0.82,0.0,0,0,0,6940642.0,-18.0
2026-09-12,Johannes Eggestein,FC St. Pauli 1910,BL1,,26.2340862422998,8449044.0,1.0,0.95,0.0,0,0,0,8026592.0,-5.0
2026-09-12,Josué Casimir,Le Havre AC,FL1,,22.85284052019165,8442922.0,1.0,1.0,0.0,0,0,0,8442922.0,0.0
2026-09-12,Jacob Ondrejka,Parma Calcio 1913,SA,,21.913757700205338,8411595.0,1.0,1.0,0.0,0,0,0,8411595.0,0.0
2026-09-12,Danilo Cataldi,ACF Fiorentina,SA,,29.987679671457904,8400772.0,1.0,0.95,0.0,0,0,0,7980733.0,-5.0
2026-09-12,Dodi Lukebakio,Sevilla FC,PD,,26.85284052019165,8300683.5,1.0,0.95,0.0,0,0,0,7885649.0,-5.0
2026-09-12,Romain Del Castillo,Stade Brestois 29,FL1,,28.34223134839151,8221184.5,0.91,0.95,0.2,1,0,2,7107214.0,-13.6
2026-09-12,Davide Zappacosta,Atalanta BC,SA,,32.139630390143736,8216301.5,1.0,0.82,0.0,0,0,0,6737367.0,-18.0
2026-09-12,Bryan Gil,Girona FC,PD,,23.468856947296374,8112281.0,1.0,1.0,0.0,0,0,0,8112281.0,0.0
2026-09-12,M'Bala Nzola,Racing Club de Lens,FL1,,27.95345653661876,8080700.5,1.0,0.95,0.0,0,0,0,7676665.0,-5.0
2026-09-12,Maximilian Arnold,VfL Wolfsburg,BL1,,30.18206707734429,8079991.5,1.0,0.82,0.0,0,0,0,6625593.0,-18.0
2026-09-12,Robin Gosens,ACF Fiorentina,SA,,30.07529089664613,8066656.5,0.91,0.82,0.2,1,0,3,6019339.0,-25.4
2026-09-12,Jordan Ayew,Leicester City FC,PL,,32.889801505817935,7963125.0,1.0,0.82,0.0,0,0,0,6529762.0,-18.0
2026-09-12,Wesley Saïd,Racing Club de Lens,FL1,,29.286789869952088,7900651.0,1.0,0.95,0.0,0,0,0,7505618.0,-5.0
2026-09-12,Arnaud Nordin,Montpellier HSC,FL1,,26.12457221081451,7882964.0,1.0,0.95,0.0,0,0,0,7488816.0,-5.0
2026-09-12,Himad Abdelli,Angers SCO,FL1,,24.70636550308008,7867755.5,1.0,1.0,0.0,0,0,0,7867756.0,0.0
2026-09-12,Justin Njinmah,SV Werder Bremen,BL1,,23.709787816564,7803134.0,1.0,1.0,0.0,0,0,0,7803134.0,0.0
2026-09-12,Sehrou Guirassy,Borussia Dortmund,BL1,,28.38877481177276,7698241.0,1.03,0.95,0.6,2,2,3,7532729.0,-2.1
2026-09-12,Abel Ruiz,Girona FC,PD,,24.50924024640657,7690118.0,1.0,1.0,0.0,0,0,0,7690118.0,0.0
2026-09-12,Ferrán Torres,FC Barcelona,PD,,24.421629021218344,7669259.5,0.97,1.0,0.4,2,0,3,7439182.0,-3.0
2026-09-12,Alassane Pléa,Borussia Mönchengladbach,BL1,,31.394934976043807,7634167.0,1.0,0.82,0.0,0,0,0,6260017.0,-18.0
2026-09-12,Morgan Guilavogui,FC St. Pauli 1910,BL1,,26.39561943874059,7610382.5,1.0,0.95,0.0,0,0,0,7229863.0,-5.0
2026-09-12,Mario Götze,Eintracht Frankfurt,BL1,,32.16153319644079,7526261.0,1.0,0.82,0.0,0,0,0,6171534.0,-18.0
2026-09-12,Assane Diao,Como 1907,SA,,18.899383983572896,7483810.5,1.01,1.0,0.5333,2,1,3,7558649.0,1.0
2026-09-12,Roberto Fernández,RCD Espanyol de Barcelona,PD,,22.0807665982204,7472827.5,1.15,1.0,1.0,5,0,5,8593752.0,15.0
2026-09-12,Casper Tengstedt,Hellas Verona FC,SA,,24.16700889801506,7436797.0,1.0,1.0,0.0,0,0,0,7436797.0,0.0
2026-09-12,Ko Itakura,Borussia Mönchengladbach,BL1,,27.509924709103355,7430466.0,1.0,0.95,0.0,0,0,0,7058943.0,-5.0
2026-09-12,Dani Raba,CD Leganés,PD,,28.7583846680356,7422342.5,1.0,0.95,0.0,0,0,0,7051225.0,-5.0
2026-09-12,Felix Agu,SV Werder Bremen,BL1,,24.84599589322382,7400333.0,1.0,1.0,0.0,0,0,0,7400333.0,0.0
2026-09-12,Keven Schlotterbeck,FC Augsburg,BL1,,27.260780287474333,7242450.0,1.0,0.95,0.0,0,0,0,6880328.0,-5.0
2026-09-12,Paul Nebel,1. FSV Mainz 05,BL1,,21.80971937029432,7199918.0,1.0,1.0,0.0,0,0,0,7199918.0,0.0
2026-09-12,Phillip Tietz,FC Augsburg,BL1,,27.06365503080082,7077931.5,1.03,0.95,0.6,3,0,3,6925756.0,-2.1
2026-09-12,Emanuel Emegha,RC Strasbourg Alsace,FL1,,21.492128678987,7048260.0,1.0,1.0,0.0,0,0,0,7048260.0,0.0
2026-09-12,Juan Cruz,CD Leganés,PD,,24.268309377138944,7036305.5,1.0,1.0,0.0,0,0,0,7036306.0,0.0
2026-09-12,Oliver Burke,SV Werder Bremen,BL1,,27.318275154004105,7022757.0,1.0,0.95,0.0,0,0,0,6671619.0,-5.0
2026-09-12,Benjamin Šeško,RB Leipzig,BL1,,21.17180013689254,6952513.0,0.91,1.0,0.2,1,0,3,6326787.0,-9.0
2026-09-12,Luis Rioja,Valencia CF,PD,,30.792607802874745,6874102.5,1.0,0.82,0.0,0,0,0,5636764.0,-18.0
2026-09-12,Marcus Thuram-Ulien,FC Internazionale Milano,SA,,26.98699520876112,6858099.5,0.91,0.95,0.2,1,0,3,5928827.0,-13.6
2026-09-12,Joel Pohjanpalo,Venezia FC,SA,,29.883641341546884,6690127.5,1.0,0.95,0.0,0,0,0,6355621.0,-5.0
2026-09-12,Borja Mayoral,Getafe CF,PD,,27.32375085557837,6567608.5,1.0,0.95,0.0,0,0,0,6239228.0,-5.0
2026-09-12,Tom Rothe,1. FC Union Berlin,BL1,,19.756331279945243,6563012.5,1.0,1.0,0.0,0,0,0,6563012.0,-0.0
2026-09-12,Neal Maupay,Olympique de Marseille,FL1,,27.964407939767284,6561004.0,1.0,0.95,0.0,0,0,0,6232954.0,-5.0
2026-09-12,Kevin Stöger,Borussia Mönchengladbach,BL1,,30.92950034223135,6556156.5,1.0,0.82,0.0,0,0,0,5376048.0,-18.0
2026-09-12,Toni Martínez,Deportivo Alavés,PD,,27.08829568788501,6529469.0,1.0,0.95,0.0,0,0,0,6202996.0,-5.0
2026-09-12,Akor Adams,Montpellier HSC,FL1,,24.50650239561944,6472944.0,0.91,1.0,0.2,1,0,4,5890379.0,-9.0
2026-09-12,Yeremi Pino,Villarreal CF,PD,,21.782340862423,6447148.5,1.0,1.0,0.0,0,0,0,6447148.0,-0.0
2026-09-12,Álvaro Morata,AC Milan,SA,,31.77275838466804,6348012.0,1.0,0.82,0.0,0,0,0,5205370.0,-18.0
2026-09-12,Alexis Claude Maurice,FC Augsburg,BL1,,26.154688569472963,6334133.5,0.91,0.95,0.2,1,0,2,5475858.0,-13.6
2026-09-12,Che Adams,Torino FC,SA,,28.05201916495551,6272948.5,0.97,0.95,0.4,2,0,3,5780522.0,-7.9
2026-09-12,Sergio Camello,Rayo Vallecano de Madrid,PD,,23.471594798083505,6200665.0,1.09,1.0,0.8,5,1,4,6758725.0,9.0
2026-09-12,Daniel Mosquera,Hellas Verona FC,SA,,24.78302532511978,6185787.0,1.0,1.0,0.0,0,0,0,6185787.0,0.0
2026-09-12,Romain Faivre,Stade Brestois 29,FL1,,26.050650239561943,6154324.0,1.0,0.95,0.0,0,0,0,5846608.0,-5.0
2026-09-12,Valentín Castellanos,SS Lazio,SA,,25.828884325804243,6143962.0,1.0,0.95,0.0,0,0,0,5836764.0,-5.0
2026-09-12,Isaac,Sevilla FC,PD,,24.205338809034902,6129448.0,0.95,1.0,0.3333,1,1,5,5822976.0,-5.0
2026-09-12,Esteban Lepaul,Angers SCO,FL1,,24.28747433264887,6116216.0,1.03,1.0,0.6,3,0,4,6299702.0,3.0
2026-09-12,Nadiem Amiri,1. FSV Mainz 05,BL1,,27.761806981519506,6110223.0,1.0,0.95,0.0,0,0,0,5804712.0,-5.0
2026-09-12,Jae-sung Lee,1. FSV Mainz 05,BL1,,31.97535934291581,6105254.5,1.0,0.82,0.0,0,0,0,5006309.0,-18.0
2026-09-12,Pathé Ciss,Rayo Vallecano de Madrid,PD,,30.379192334017795,6063505.5,1.0,0.82,0.0,0,0,0,4972075.0,-18.0
2026-09-12,Marvin Pieringer,1. FC Heidenheim 1846,BL1,,24.826830937713893,6057327.0,1.0,1.0,0.0,0,0,0,6057327.0,0.0
2026-09-12,Jorge de Frutos,Rayo Vallecano de Madrid,PD,,27.444216290212182,5984525.0,1.0,0.95,0.0,0,0,0,5685299.0,-5.0
2026-09-12,Alexander Bernhardsson,Holstein Kiel,BL1,,25.897330595482547,5853832.5,1.0,0.95,0.0,0,0,0,5561141.0,-5.0
2026-09-12,Ludovic Ajorque,Stade Brestois 29,FL1,,30.431211498973305,5791578.5,0.91,0.82,0.2,1,0,3,4321676.0,-25.4
2026-09-12,Iago Aspas,RC Celta de Vigo,PD,,37.002053388090346,5755569.0,0.91,0.65,0.2,1,0,5,3404419.0,-40.9
2026-09-12,Goduine Koyalipou,Racing Club de Lens,FL1,,24.459958932238195,5751393.0,1.0,1.0,0.0,0,0,0,5751393.0,0.0
2026-09-12,Lukas Kübler,SC Freiburg,BL1,,31.920602327173167,5677350.0,1.0,0.82,0.0,0,0,0,4655427.0,-18.0
2026-09-12,Vincent Sierro,Toulouse FC,FL1,,28.815879534565365,5655609.5,1.0,0.95,0.0,0,0,0,5372829.0,-5.0
2026-09-12,Jamie Bynoe-Gittens,Borussia Dortmund,BL1,,19.980835044490075,5647773.0,1.0,1.0,0.0,0,0,0,5647773.0,0.0
2026-09-12,Nicolás Tagliafico,Olympique Lyonnais,FL1,,31.91786447638604,5583891.0,1.0,0.82,0.0,0,0,0,4578791.0,-18.0
2026-09-12,Isi Palazón,Rayo Vallecano de Madrid,PD,,29.59616700889801,5550458.5,1.0,0.95,0.0,0,0,0,5272936.0,-5.0
2026-09-12,Desire Doue,Paris Saint-Germain FC,FL1,,19.16221765913758,5527875.5,1.0,1.0,0.0,0,0,0,5527876.0,0.0
2026-09-12,Adam Hložek,TSG 1899 Hoffenheim,BL1,,22.02053388090349,5509339.5,0.97,1.0,0.4,2,0,3,5344059.0,-3.0
2026-09-12,Carlos Vicente,Deportivo Alavés,PD,,25.27583846680356,5506151.0,1.0,0.95,0.0,0,0,0,5230843.0,-5.0
2026-09-12,Selim Amallah,Real Valladolid CF,PD,,27.709787816564,5474682.5,1.0,0.95,0.0,0,0,0,5200948.0,-5.0
2026-09-12,Chrisantus,Getafe CF,PD,,21.204654346338124,5463224.0,1.0,1.0,0.0,0,0,0,5463224.0,0.0
2026-09-12,Hugo Alvarez,RC Celta de Vigo,PD,,21.08418891170432,5421231.0,1.0,1.0,0.0,0,0,0,5421231.0,0.0
2026-09-12,Khéphren Thuram-Ulie,Juventus FC,SA,,23.351129363449694,5390581.5,1.0,1.0,0.0,0,0,0,5390582.0,0.0
2026-09-12,Felix Lemarechal,RC Strasbourg Alsace,FL1,,20.985626283367555,5377345.0,1.0,1.0,0.0,0,0,0,5377345.0,0.0
2026-09-12,Joao Neves,Paris Saint-Germain FC,FL1,,19.84394250513347,5349284.5,1.0,1.0,0.0,0,0,0,5349284.0,-0.0
2026-09-12,Alfonso González,RC Celta de Vigo,PD,,25.245722108145102,5345506.0,1.0,0.95,0.0,0,0,0,5078231.0,-5.0
2026-09-12,Marius Bülter,TSG 1899 Hoffenheim,BL1,,31.342915811088297,5320143.0,1.0,0.82,0.0,0,0,0,4362517.0,-18.0
2026-09-12,André Zambo Anguissa,SSC Napoli,SA,,28.709103353867214,5315355.5,1.0,0.95,0.0,0,0,0,5049588.0,-5.0
2026-09-12,Florian Thauvin,Udinese Calcio,SA,,31.512662559890487,5261066.0,1.03,0.82,0.6,3,1,3,4443496.0,-15.5
2026-09-12,Phil Harres,Holstein Kiel,BL1,,22.354551676933607,5153234.5,1.0,1.0,0.0,0,0,0,5153234.0,-0.0
2026-09-12,Shavy Warren Babicka,Toulouse FC,FL1,,24.16700889801506,5133472.0,1.0,1.0,0.0,0,0,0,5133472.0,0.0
2026-09-12,Pablo Duran,RC Celta de Vigo,PD,,23.18685831622177,5115634.0,1.0,1.0,0.0,0,0,0,5115634.0,0.0
2026-09-12,Léo Scienza,1. FC Heidenheim 1846,BL1,,25.883641341546884,5088682.5,1.0,0.95,0.0,0,0,0,4834248.0,-5.0
2026-09-12,Daniel Vivian,Athletic Club,PD,,25.07597535934292,5081975.0,1.0,0.95,0.0,0,0,0,4827876.0,-5.0
2026-09-12,Unai López,Rayo Vallecano de Madrid,PD,,28.75564681724846,5046150.5,1.0,0.95,0.0,0,0,0,4793843.0,-5.0
2026-09-12,Raúl,CA Osasuna,PD,,23.742642026009584,4998060.0,1.0,1.0,0.0,0,0,0,4998060.0,0.0
2026-09-12,Jofre Carreras Pagès,RCD Espanyol de Barcelona,PD,,23.123887748117728,4971656.5,1.0,1.0,0.0,0,0,0,4971656.0,-0.0
2026-09-12,Munir El Haddadi,CD Leganés,PD,,28.91718001368925,4959902.5,1.0,0.95,0.0,0,0,0,4711907.0,-5.0
2026-09-12,Rubén García,CA Osasuna,PD,,31.04996577686516,4902735.0,1.0,0.82,0.0,0,0,0,4020243.0,-18.0
2026-09-12,Hákon Haraldsson,Lille OSC,FL1,,21.31143052703628,4835571.0,0.91,1.0,0.2,1,0,3,4400370.0,-9.0
2026-09-12,Joakim Mæhle,VfL Wolfsburg,BL1,,27.200547570157426,4776191.5,1.0,0.95,0.0,0,0,0,4537382.0,-5.0
2026-09-12,Hernani,Parma Calcio 1913,SA,,30.349075975359344,4771506.5,1.0,0.82,0.0,0,0,0,3912635.0,-18.0
2026-09-12,Tim Weah,Juventus FC,SA,,24.44079397672827,4752668.5,1.0,1.0,0.0,0,0,0,4752668.0,-0.0
2026-09-12,Jonathan Clauss,OGC Nice,FL1,,31.84941820670773,4734993.0,1.0,0.82,0.0,0,0,0,3882694.0,-18.0
2026-09-12,Douglas Augusto,FC Nantes,FL1,,27.548254620123203,4711628.5,1.0,0.95,0.0,0,0,0,4476047.0,-5.0
2026-09-12,Lucas Stassin,AS Saint-Étienne,FL1,,19.67145790554415,4583019.0,0.91,1.0,0.2,1,0,2,4170547.0,-9.0
2026-09-12,Junya Ito,Stade de Reims,FL1,,31.39767282683093,4570204.5,1.0,0.82,0.0,0,0,0,3747568.0,-18.0
2026-09-12,Marten de Roon,Atalanta BC,SA,,33.34428473648186,4519329.5,1.0,0.82,0.0,0,0,0,3705850.0,-18.0
2026-09-12,RamónTerrats Espacio,Getafe CF,PD,,23.786447638603697,4483339.0,1.0,1.0,0.0,0,0,0,4483339.0,0.0
2026-09-12,Ado Onaiwu,AJ Auxerre,FL1,,28.73100616016427,4395814.0,1.0,0.95,0.0,0,0,0,4176023.0,-5.0
2026-09-12,Myron Boadu,VfL Bochum 1848,BL1,,23.54551676933607,4384464.0,1.0,1.0,0.0,0,0,0,4384464.0,0.0
2026-09-12,Brahim Diaz,Real Madrid CF,PD,,24.996577686516083,4381621.5,1.0,1.0,0.0,0,0,0,4381622.0,0.0
2026-09-12,Santiago Pierotti,US Lecce,SA,,23.32922655715264,4341809.5,1.0,1.0,0.0,0,0,0,4341810.0,0.0
2026-09-12,Alexandre Lacazette,Olympique Lyonnais,FL1,,33.18001368925393,4319025.5,1.0,0.82,0.0,0,0,0,3541601.0,-18.0
2026-09-12,Cristhian Stuani,Girona FC,PD,,37.804243668720055,4300308.5,1.0,0.65,0.0,0,0,0,2795201.0,-35.0
2026-09-12,Juanlu,Sevilla FC,PD,,20.9637234770705,4213378.5,1.0,1.0,0.0,0,0,0,4213378.0,-0.0
2026-09-12,Enrico Del Prato,Parma Calcio 1913,SA,,24.725530458590008,4191316.25,1.0,1.0,0.0,0,0,0,4191316.0,-0.0
2026-09-12,Ibrahima Niane,Angers SCO,FL1,,25.39356605065024,4149496.25,1.0,0.95,0.0,0,0,0,3942021.0,-5.0
2026-09-12,Aitor Paredes Casamichana,Athletic Club,PD,,24.257357973990416,4137081.0,0.91,1.0,0.2,1,0,5,3764744.0,-9.0
2026-09-12,Oladapo Afolayan,FC St. Pauli 1910,BL1,,26.466803559206024,4107353.0,1.0,0.95,0.0,0,0,0,3901985.0,-5.0
2026-09-12,Matúš Bero,VfL Bochum 1848,BL1,,28.903490759753595,4105563.25,1.0,0.95,0.0,0,0,0,3900285.0,-5.0
2026-09-12,Albert Guðmundsson,ACF Fiorentina,SA,,27.129363449692,4101912.0,0.91,0.95,0.2,1,0,4,3546103.0,-13.5
2026-09-12,Mathias Honsak,1. FC Heidenheim 1846,BL1,,27.61396303901437,4094451.0,1.0,0.95,0.0,0,0,0,3889728.0,-5.0
2026-09-12,Andrej Kramarić,TSG 1899 Hoffenheim,BL1,,33.11978097193703,4059102.25,1.0,0.82,0.0,0,0,0,3328464.0,-18.0
2026-09-12,Jeong Wooyeong,1. FC Union Berlin,BL1,,24.865160848733744,4050231.75,1.0,1.0,0.0,0,0,0,4050232.0,0.0
2026-09-12,Rasmus Kristensen,Eintracht Frankfurt,BL1,,27.05817932922656,4044607.75,1.0,0.95,0.0,0,0,0,3842377.0,-5.0
2026-09-12,Philipp Hofmann,VfL Bochum 1848,BL1,,31.34017796030116,4026143.0,1.0,0.82,0.0,0,0,0,3301437.0,-18.0
2026-09-12,Irvin Cardona,AS Saint-Étienne,FL1,,26.981519507186857,3999195.0,1.0,0.95,0.0,0,0,0,3799235.0,-5.0
2026-09-12,Jan Schöppner,1. FC Heidenheim 1846,BL1,,25.138945927446954,3964816.0,1.0,0.95,0.0,0,0,0,3766575.0,-5.0
2026-09-12,Joan Jordán,Deportivo Alavés,PD,,30.072553045859,3916058.0,1.0,0.82,0.0,0,0,0,3211168.0,-18.0
2026-09-12,Marko Arnautovic,FC Internazionale Milano,SA,,35.285420944558524,3896619.0,1.0,0.65,0.0,0,0,0,2532802.0,-35.0
2026-09-12,Felix Kalu Nmecha,Borussia Dortmund,BL1,,23.80835044490076,3886087.0,0.97,1.0,0.4,2,0,3,3769504.0,-3.0
2026-09-12,Mohamed Cho,OGC Nice,FL1,,20.53388090349076,3816102.0,1.0,1.0,0.0,0,0,0,3816102.0,0.0
2026-09-12,Pedro,SS Lazio,SA,,37.01300479123888,3809008.5,1.0,0.65,0.0,0,0,0,2475856.0,-35.0
2026-09-12,Dany Mota Carvalho,AC Monza,SA,,26.250513347022583,3790682.75,1.0,0.95,0.0,0,0,0,3601149.0,-5.0
2026-09-12,Matias Soule,AS Roma,SA,,21.297741273100616,3777046.0,1.01,1.0,0.5333,2,1,3,3814816.0,1.0
2026-09-12,Przemysław Frankowski,Racing Club de Lens,FL1,,29.305954825462013,3767631.25,0.95,0.95,0.3333,1,1,4,3400287.0,-9.8
2026-09-12,Gift Orban,TSG 1899 Hoffenheim,BL1,,22.04243668720055,3735210.75,1.0,1.0,0.0,0,0,0,3735211.0,0.0
2026-09-12,Ibrahim Sissoko,AS Saint-Étienne,FL1,,28.67898699520876,3718002.5,1.0,0.95,0.0,0,0,0,3532102.0,-5.0
2026-09-12,Abdoulaye Touré,Le Havre AC,FL1,,30.41478439425052,3707719.75,1.0,0.82,0.0,0,0,0,3040330.0,-18.0
2026-09-12,Andrej Ilic,1. FC Union Berlin,BL1,,24.32854209445585,3706853.75,1.0,1.0,0.0,0,0,0,3706854.0,0.0
2026-09-12,Ali El Abdi,OGC Nice,FL1,,30.61464750171116,3695815.75,1.0,0.82,0.0,0,0,0,3030569.0,-18.0
2026-09-12,Issa Soumaré,Le Havre AC,FL1,,23.80835044490076,3695755.75,1.0,1.0,0.0,0,0,0,3695756.0,0.0
2026-09-12,Elias Saad,FC St. Pauli 1910,BL1,,24.5968514715948,3562154.75,1.0,1.0,0.0,0,0,0,3562155.0,0.0
2026-09-12,Oumar Diakite,Stade de Reims,FL1,,20.61601642710472,3552330.25,1.0,1.0,0.0,0,0,0,3552330.0,-0.0
2026-09-12,Carlos Gómez,Stade Rennais FC 1901,FL1,,21.88637919233402,3402073.75,1.0,1.0,0.0,0,0,0,3402074.0,0.0
2026-09-12,Mamadou Sylla,Real Valladolid CF,PD,,30.368240930869263,3297484.75,1.0,0.82,0.0,0,0,0,2703937.0,-18.0
2026-09-12,Jubal Júnior,AJ Auxerre,FL1,,30.924024640657084,3294530.0,1.0,0.82,0.0,0,0,0,2701515.0,-18.0
2026-09-12,Álvaro García,Rayo Vallecano de Madrid,PD,,31.761806981519506,3292585.75,0.95,0.82,0.3333,1,1,4,2564924.0,-22.1
2026-09-12,Matteo Darmian,FC Internazionale Milano,SA,,34.66392881587954,3268168.5,1.0,0.65,0.0,0,0,0,2124310.0,-35.0
2026-09-12,Haris Tabaković,TSG 1899 Hoffenheim,BL1,,30.11635865845312,3246937.75,1.0,0.82,0.0,0,0,0,2662489.0,-18.0
2026-09-12,Adrian Beck,1. FC Heidenheim 1846,BL1,,27.145790554414784,3242079.75,1.0,0.95,0.0,0,0,0,3079976.0,-5.0
2026-09-12,Álex Muñoz,UD Las Palmas,PD,,30.00684462696783,3222911.5,1.0,0.82,0.0,0,0,0,2642787.0,-18.0
2026-09-12,Yaser Asprilla,Girona FC,PD,,20.700889801505816,3028421.75,1.0,1.0,0.0,0,0,0,3028422.0,0.0
2026-09-12,André Ayew,Le Havre AC,FL1,,34.62286105407255,3022671.25,1.0,0.65,0.0,0,0,0,1964736.0,-35.0
2026-09-12,Steven Skrzybski,Holstein Kiel,BL1,,31.7015742642026,3018799.5,1.0,0.82,0.0,0,0,0,2475416.0,-18.0
2026-09-12,Dani Parejo,Villarreal CF,PD,,35.29363449691992,2899648.0,1.0,0.65,0.0,0,0,0,1884771.0,-35.0
2026-09-12,Kike García,Deportivo Alavés,PD,,34.68309377138946,2843870.25,1.0,0.65,0.0,0,0,0,1848516.0,-35.0
2026-09-12,Ahmadou Bamba Dieng,Angers SCO,FL1,,24.358658453114305,2750391.75,1.0,1.0,0.0,0,0,0,2750392.0,0.0
2026-09-12,Kenny Lala,Stade Brestois 29,FL1,,32.82956878850103,2748768.75,1.0,0.82,0.0,0,0,0,2253990.0,-18.0
2026-09-12,Willi Orban,RB Leipzig,BL1,,31.742642026009584,2743190.75,1.0,0.82,0.0,0,0,0,2249416.0,-18.0
2026-09-12,Orri Oskarsson,Real Sociedad de Fútbol,PD,,19.923340177960306,2617992.75,0.91,1.0,0.2,1,0,5,2382373.0,-9.0
2026-09-12,Joshua King,Toulouse FC,FL1,,32.544832306639286,2601868.75,0.97,0.82,0.4,2,0,4,2069526.0,-20.5
2026-09-12,Duván Zapata,Torino FC,SA,,33.33607118412046,2482891.0,1.0,0.82,0.0,0,0,0,2035971.0,-18.0
2026-09-12,Arouna Sangante,Le Havre AC,FL1,,22.305270362765228,2438104.25,1.0,1.0,0.0,0,0,0,2438104.0,-0.0
2026-09-12,Santiago Giménez,AC Milan,SA,,23.28815879534565,2391526.25,1.0,1.0,0.0,0,0,0,2391526.0,-0.0
2026-09-12,Jamie Vardy,Leicester City FC,PL,,37.55509924709104,2349756.5,1.0,0.65,0.0,0,0,0,1527342.0,-35.0
2026-09-12,Leandro Cabrera,RCD Espanyol de Barcelona,PD,,33.125256673511295,2273735.75,1.0,0.82,0.0,0,0,0,1864463.0,-18.0
2026-09-12,Adam Marušić,SS Lazio,SA,,31.789185489390828,2133137.25,1.0,0.82,0.0,0,0,0,1749173.0,-18.0
2026-09-12,Sepe Elye Wahi,Olympique de Marseille,FL1,,21.579739904175224,1825420.0,0.91,1.0,0.2,1,0,2,1661132.0,-9.0
2026-09-12,Vítor Roque,Real Betis Balompié,PD,,19.42231348391513,1744017.0,1.0,1.0,0.0,0,0,0,1744017.0,0.0
2026-09-12,Dani Rodríguez,RCD Mallorca,PD,,36.1533196440794,1355529.25,1.0,0.65,0.0,0,0,0,881094.0,-35.0
2026-09-12,Milan Đurić,Parma Calcio 1913,SA,,34.195756331279945,704353.6875,1.0,0.65,0.0,0,0,0,457830.0,-35.0
2026-09-13,Kylian Mbappé,Real Madrid CF,PD,,25.61533196440794,124040408.0,1.15,0.95,1.0,6,1,5,135514146.0,9.3
2026-09-13,Erling Haaland,Manchester City FC,PL,,24.030116358658454,120039632.0,1.03,1.0,0.6,3,0,3,123640821.0,3.0
2026-09-13,Florian Wirtz,Bayer 04 Leverkusen,BL1,,21.24845995893224,119180016.0,1.0,1.0,0.0,0,0,0,119180016.0,0.0
2026-09-13,Ousmane Dembélé,Paris Saint-Germain FC,FL1,,27.21423682409309,114443256.0,1.0,0.95,0.0,0,0,0,108721093.0,-5.0
2026-09-13,Vinicius Junior,Real Madrid CF,PD,,24.05475701574264,107915656.0,1.03,1.0,0.6,1,3,5,111153126.0,3.0
2026-09-13,Declan Rice,Arsenal FC,PL,,25.54688569472964,102920032.0,1.0,0.95,0.0,0,0,0,97774030.0,-5.0
2026-09-13,Bukayo Saka,Arsenal FC,PL,,22.90485968514716,100040088.0,1.03,1.0,0.6,3,0,4,103041291.0,3.0
2026-09-13,Raphinha,FC Barcelona,PD,,27.630390143737166,92569968.0,1.09,0.95,0.8,6,0,4,95856202.0,3.6
2026-09-13,Jude Bellingham,Real Madrid CF,PD,,21.09240246406571,90665816.0,1.11,1.0,0.8667,3,2,5,100639056.0,11.0
2026-09-13,Dominik Szoboszlai,Liverpool FC,PL,,23.76728268309377,89493208.0,0.91,1.0,0.2,1,0,4,81438819.0,-9.0
2026-09-13,Luis Díaz,Liverpool FC,PL,,27.548254620123203,88083736.0,0.91,0.95,0.2,1,0,2,76148390.0,-13.5
2026-09-13,Xavi Simons,RB Leipzig,BL1,,21.281314168377826,87278152.0,1.0,1.0,0.0,0,0,0,87278152.0,0.0
2026-09-13,Bryan Mbeumo,Brentford FC,PL,,24.985626283367555,86841600.0,0.97,1.0,0.4,2,0,3,84236352.0,-3.0
2026-09-13,Michael Olise,FC Bayern München,BL1,,22.63655030800821,86521680.0,0.91,1.0,0.2,1,0,2,78734729.0,-9.0
2026-09-13,Jonathan David,Lille OSC,FL1,,24.54757015742642,85452208.0,1.0,1.0,0.0,0,0,0,85452208.0,0.0
2026-09-13,Nicolas Jackson,Chelsea FC,PL,,23.11567419575633,85393064.0,1.0,1.0,0.0,0,0,0,85393064.0,0.0
2026-09-13,Cody Gakpo,Liverpool FC,PL,,25.23750855578371,85159496.0,1.03,0.95,0.6,1,3,4,83328567.0,-2.1
2026-09-13,Phil Foden,Manchester City FC,PL,,24.177960301163587,83639888.0,1.0,1.0,0.0,0,0,0,83639888.0,0.0
2026-09-13,Enzo Fernández,Chelsea FC,PL,,23.537303216974674,83538968.0,1.0,1.0,0.0,0,0,0,83538968.0,0.0
2026-09-13,Federico Valverde,Real Madrid CF,PD,,26.028747433264886,83363720.0,1.0,0.95,0.0,0,0,0,79195534.0,-5.0
2026-09-13,Bradley Barcola,Paris Saint-Germain FC,FL1,,21.913757700205338,82975072.0,1.0,1.0,0.0,0,0,0,82975072.0,0.0
2026-09-13,Lamine Yamal,FC Barcelona,PD,,17.05407255304586,79266632.0,1.09,1.0,0.8,4,0,4,86400629.0,9.0
2026-09-13,Omar Marmoush,Eintracht Frankfurt,BL1,,25.481177275838466,78947208.0,1.0,0.95,0.0,0,0,0,74999848.0,-5.0
2026-09-13,Liam Delap,Ipswich Town FC,PL,,21.47843942505133,77898368.0,0.91,1.0,0.2,1,0,3,70887515.0,-9.0
2026-09-13,Pedri,FC Barcelona,PD,,21.683778234086244,76792840.0,0.95,1.0,0.3333,1,1,4,72953198.0,-5.0
2026-09-13,Jamal Musiala,FC Bayern München,BL1,,21.429158110882955,76388768.0,1.0,1.0,0.0,0,0,0,76388768.0,0.0
2026-09-13,Pedro Neto,Chelsea FC,PL,,24.39698836413416,74498632.0,0.91,1.0,0.2,1,0,4,67793755.0,-9.0
2026-09-13,Matheus Cunha,Wolverhampton Wanderers FC,PL,,25.182751540041068,74328448.0,1.0,0.95,0.0,0,0,0,70612026.0,-5.0
2026-09-13,Cole Palmer,Chelsea FC,PL,,22.23956194387405,74268504.0,1.05,1.0,0.6667,2,2,4,77981929.0,5.0
2026-09-13,Dejan Kulusevski,Tottenham Hotspur FC,PL,,24.268309377138944,71574152.0,1.0,1.0,0.0,0,0,0,71574152.0,0.0
2026-09-13,Eberechi Eze,Crystal Palace FC,PL,,26.091718001368925,71436952.0,1.0,0.95,0.0,0,0,0,67865104.0,-5.0
2026-09-13,Dani Olmo,FC Barcelona,PD,,26.236824093086927,70578968.0,1.0,0.95,0.0,0,0,0,67050020.0,-5.0
2026-09-13,Noni Madueke,Chelsea FC,PL,,22.39561943874059,70232368.0,1.0,1.0,0.0,0,0,0,70232368.0,0.0
2026-09-13,Amad Diallo,Manchester United FC,PL,,22.05886379192334,68797144.0,1.0,1.0,0.0,0,0,0,68797144.0,0.0
2026-09-13,Achraf Hakimi,Paris Saint-Germain FC,FL1,,25.741273100616016,68712432.0,1.0,0.95,0.0,0,0,0,65276810.0,-5.0
2026-09-13,Anthony Elanga,Nottingham Forest FC,PL,,22.26420260095825,67697480.0,0.97,1.0,0.4,2,0,3,65666556.0,-3.0
2026-09-13,Christian Pulisic,AC Milan,SA,,25.869952087611225,67456712.0,1.0,0.95,0.0,0,0,0,64083876.0,-5.0
2026-09-13,Álex Baena,Villarreal CF,PD,,23.033538672142367,66990892.0,1.07,1.0,0.7333,3,1,4,71680254.0,7.0
2026-09-13,Mohammed Kudus,West Ham United FC,PL,,23.99726214921287,66463860.0,1.0,1.0,0.0,0,0,0,66463860.0,0.0
2026-09-13,Kang-in Lee,Paris Saint-Germain FC,FL1,,23.44695414099932,66337464.0,0.95,1.0,0.3333,1,1,4,63020591.0,-5.0
2026-09-13,Marcus Rashford,Aston Villa FC,PL,,26.751540041067763,66229748.0,1.0,0.95,0.0,0,0,0,62918261.0,-5.0
2026-09-13,Bruno Guimarães,Newcastle United FC,PL,,26.70773442847365,66094216.0,0.91,0.95,0.2,1,0,3,57138450.0,-13.5
2026-09-13,Alexander Sørloth,Club Atlético de Madrid,PD,,28.657084188911703,66040408.0,1.0,0.95,0.0,0,0,0,62738388.0,-5.0
2026-09-13,James Maddison,Tottenham Hotspur FC,PL,,27.68788501026694,64216564.0,1.0,0.95,0.0,0,0,0,61005736.0,-5.0
2026-09-13,Andrey Santos,RC Strasbourg Alsace,FL1,,20.246406570841888,64151316.0,1.0,1.0,0.0,0,0,0,64151316.0,0.0
2026-09-13,João Pedro,Brighton & Hove Albion FC,PL,,22.847364818617383,63838108.0,1.09,1.0,0.8,3,3,4,69583538.0,9.0
2026-09-13,Darwin Núñez,Liverpool FC,PL,,25.10609171800137,63526432.0,1.0,0.95,0.0,0,0,0,60350110.0,-5.0
2026-09-13,Anthony Gordon,Newcastle United FC,PL,,23.43326488706365,62916756.0,1.0,1.0,0.0,0,0,0,62916756.0,0.0
2026-09-13,Harry Kane,FC Bayern München,BL1,,31.01163586584531,62613520.0,1.0,0.82,0.0,0,0,0,51343086.0,-18.0
2026-09-13,Sandro Tonali,Newcastle United FC,PL,,24.23271731690623,62563976.0,1.0,1.0,0.0,0,0,0,62563976.0,0.0
2026-09-13,Alexis Mac Allister,Liverpool FC,PL,,25.60438056125941,61968148.0,1.0,0.95,0.0,0,0,0,58869741.0,-5.0
2026-09-13,Alexander Isak,Newcastle United FC,PL,,24.862422997946613,61705132.0,1.03,1.0,0.6,3,0,4,63556286.0,3.0
2026-09-13,Morgan Rogers,Aston Villa FC,PL,,22.01779603011636,59788984.0,1.07,1.0,0.7333,3,1,4,63974213.0,7.0
2026-09-13,Kaoru Mitoma,Brighton & Hove Albion FC,PL,,27.200547570157426,59384156.0,1.0,0.95,0.0,0,0,0,56414948.0,-5.0
2026-09-13,Dominic Solanke,Tottenham Hotspur FC,PL,,26.88021902806297,59148692.0,1.0,0.95,0.0,0,0,0,56191257.0,-5.0
2026-09-13,Rafael Leão,AC Milan,SA,,25.144421629021217,58969584.0,1.0,0.95,0.0,0,0,0,56021105.0,-5.0
2026-09-13,Diogo Jota,Liverpool FC,PL,,27.65776865160849,58790236.0,1.0,0.95,0.0,0,0,0,55850724.0,-5.0
2026-09-13,Yoane Wissa,Brentford FC,PL,,27.90965092402464,58614000.0,0.95,0.95,0.3333,1,1,3,52899135.0,-9.8
2026-09-13,Leandro Trossard,Arsenal FC,PL,,29.659137577002053,58096884.0,1.0,0.95,0.0,0,0,0,55192040.0,-5.0
2026-09-13,Nick Woltemade,VfB Stuttgart,BL1,,22.46132785763176,58082592.0,1.0,1.0,0.0,0,0,0,58082592.0,0.0
2026-09-13,Antoine Semenyo,AFC Bournemouth,PL,,24.566735112936342,57861224.0,1.0,1.0,0.0,0,0,0,57861224.0,0.0
2026-09-13,Rodrygo,Real Madrid CF,PD,,23.55920602327173,56463224.0,1.0,1.0,0.0,0,0,0,56463224.0,0.0
2026-09-13,Bruno Fernandes,Manchester United FC,PL,,29.897330595482547,56254684.0,1.03,0.95,0.6,3,1,3,55045208.0,-2.2
2026-09-13,Rayan Cherki,Olympique Lyonnais,FL1,,20.95824777549624,56229044.0,1.03,1.0,0.6,2,2,3,57915915.0,3.0
2026-09-13,Gonçalo Ramos,Paris Saint-Germain FC,FL1,,23.11567419575633,56096108.0,0.91,1.0,0.2,1,0,4,51047458.0,-9.0
2026-09-13,Mikel Merino,Arsenal FC,PL,,28.109514031485283,54806364.0,1.0,0.95,0.0,0,0,0,52066046.0,-5.0
2026-09-13,Loïs Openda,RB Leipzig,BL1,,24.45722108145106,54588632.0,0.95,1.0,0.3333,1,1,4,51859200.0,-5.0
2026-09-13,Lautaro Martínez,FC Internazionale Milano,SA,,26.94318959616701,53912332.0,0.97,0.95,0.4,2,0,3,49680214.0,-7.8
2026-09-13,Fermín López,FC Barcelona,PD,,21.22655715263518,52869776.0,1.09,1.0,0.8,4,2,4,57628056.0,9.0
2026-09-13,Morgan Gibbs-White,Nottingham Forest FC,PL,,24.511978097193705,52853744.0,0.99,1.0,0.4667,1,2,4,52325207.0,-1.0
2026-09-13,Dušan Vlahović,Juventus FC,SA,,24.50924024640657,52533536.0,1.0,1.0,0.0,0,0,0,52533536.0,0.0
2026-09-13,Brennan Johnson,Tottenham Hotspur FC,PL,,23.19233401779603,52377656.0,1.0,1.0,0.0,0,0,0,52377656.0,0.0
2026-09-13,Justin Kluivert,AFC Bournemouth,PL,,25.24298425735797,52331320.0,0.91,0.95,0.2,1,0,4,45240426.0,-13.6
2026-09-13,Conor Gallagher,Club Atlético de Madrid,PD,,24.484599589322382,52011500.0,1.0,1.0,0.0,0,0,0,52011500.0,0.0
2026-09-13,Leroy Sané,FC Bayern München,BL1,,28.555783709787818,51825924.0,1.0,0.95,0.0,0,0,0,49234628.0,-5.0
2026-09-13,Jacob Murphy,Newcastle United FC,PL,,29.43463381245722,51423296.0,1.0,0.95,0.0,0,0,0,48852131.0,-5.0
2026-09-13,Omar Marmoush,Manchester City FC,PL,,25.481177275838466,50945324.0,1.0,0.95,0.0,0,0,0,48398058.0,-5.0
2026-09-13,Tijjani Reijnders,AC Milan,SA,,26.00958247775496,50386472.0,1.0,0.95,0.0,0,0,0,47867148.0,-5.0
2026-09-13,Evann Guessand,OGC Nice,FL1,,23.08555783709788,50236484.0,1.0,1.0,0.0,0,0,0,50236484.0,0.0
2026-09-13,Joshua Zirkzee,Manchester United FC,PL,,23.195071868583163,50069180.0,1.0,1.0,0.0,0,0,0,50069180.0,0.0
2026-09-13,Patrik Schick,Bayer 04 Leverkusen,BL1,,28.52019164955509,49827576.0,1.03,0.95,0.6,3,1,3,48756283.0,-2.2
2026-09-13,Bernardo Silva,Manchester City FC,PL,,29.976728268309376,49424260.0,1.0,0.95,0.0,0,0,0,46953047.0,-5.0
2026-09-13,Harvey Barnes,Newcastle United FC,PL,,26.64476386036961,48698580.0,0.91,0.95,0.2,1,0,3,42099922.0,-13.6
2026-09-13,Ritsu Doan,SC Freiburg,BL1,,26.127310061601644,48569084.0,1.0,0.95,0.0,0,0,0,46140630.0,-5.0
2026-09-13,Ismaïla Sarr,Crystal Palace FC,PL,,26.431211498973305,48392100.0,1.0,0.95,0.0,0,0,0,45972495.0,-5.0
2026-09-13,Ollie Watkins,Aston Villa FC,PL,,28.588637919233403,48138200.0,1.0,0.95,0.0,0,0,0,45731290.0,-5.0
2026-09-13,Karim Adeyemi,Borussia Dortmund,BL1,,22.535249828884325,47675208.0,0.95,1.0,0.3333,1,1,4,45291448.0,-5.0
2026-09-13,Evanilson,AFC Bournemouth,PL,,24.82135523613963,47555056.0,1.0,1.0,0.0,0,0,0,47555056.0,0.0
2026-09-13,Alejandro Garnacho,Manchester United FC,PL,,20.08487337440109,46696584.0,1.0,1.0,0.0,0,0,0,46696584.0,0.0
2026-09-13,Dango Ouattara,AFC Bournemouth,PL,,22.469541409993155,46576768.0,1.0,1.0,0.0,0,0,0,46576768.0,0.0
2026-09-13,Nicolò Barella,FC Internazionale Milano,SA,,27.479808350444905,46554652.0,1.0,0.95,0.0,0,0,0,44226919.0,-5.0
2026-09-13,Jørgen Strand Larsen,Wolverhampton Wanderers FC,PL,,24.484599589322382,45821000.0,0.91,1.0,0.2,1,0,4,41697110.0,-9.0
2026-09-13,Fabián Ruiz,Paris Saint-Germain FC,FL1,,28.32854209445585,45476040.0,1.0,0.95,0.0,0,0,0,43202238.0,-5.0
2026-09-13,Maximilian Beier,Borussia Dortmund,BL1,,21.790554414784395,45248920.0,1.0,1.0,0.0,0,0,0,45248920.0,0.0
2026-09-13,Kai Havertz,Arsenal FC,PL,,25.14168377823409,45072340.0,0.97,0.95,0.4,2,0,4,41534161.0,-7.9
2026-09-13,Mateo Retegui,Atalanta BC,SA,,25.259411362080765,44505872.0,1.0,0.95,0.0,0,0,0,42280578.0,-5.0
2026-09-13,Nikola Milenković,Nottingham Forest FC,PL,,26.80355920602328,44461920.0,1.0,0.95,0.0,0,0,0,42238824.0,-5.0
2026-09-13,Georginio Rutter,Brighton & Hove Albion FC,PL,,22.28336755646817,44132580.0,1.0,1.0,0.0,0,0,0,44132580.0,0.0
2026-09-13,Ademola Lookman,Atalanta BC,SA,,26.781656399726216,43972012.0,0.91,0.95,0.2,1,0,4,38013804.0,-13.6
2026-09-13,Khvicha Kvaratskhelia,SSC Napoli,SA,,23.46611909650924,43762836.0,1.0,1.0,0.0,0,0,0,43762836.0,0.0
2026-09-13,Kevin Schade,Brentford FC,PL,,22.6776180698152,43594464.0,1.03,1.0,0.6,3,0,4,44902298.0,3.0
2026-09-13,Jarrod Bowen,West Ham United FC,PL,,28.583162217659137,43388328.0,1.0,0.95,0.0,0,0,0,41218912.0,-5.0
2026-09-13,Lucas Paquetá,West Ham United FC,PL,,26.92950034223135,43105232.0,1.0,0.95,0.0,0,0,0,40949970.0,-5.0
2026-09-13,Richarlison,Tottenham Hotspur FC,PL,,27.227926078028748,42486108.0,1.0,0.95,0.0,0,0,0,40361803.0,-5.0
2026-09-13,Thierno Barry,Villarreal CF,PD,,24.553045859000683,42196748.0,0.91,1.0,0.2,1,0,4,38399041.0,-9.0
2026-09-13,Adrien Rabiot,Olympique de Marseille,FL1,,29.3305954825462,41813064.0,0.99,0.95,0.4667,1,2,4,39325187.0,-5.9
2026-09-13,Dan Ndoye,Bologna FC 1909,SA,,23.76728268309377,41620588.0,0.91,1.0,0.2,1,0,4,37874735.0,-9.0
2026-09-13,Jean-Philippe Mateta,Crystal Palace FC,PL,,27.09377138945928,41611700.0,1.0,0.95,0.0,0,0,0,39531115.0,-5.0
2026-09-13,Julian Brandt,Borussia Dortmund,BL1,,28.249144421629023,41554752.0,1.0,0.95,0.0,0,0,0,39477014.0,-5.0
2026-09-13,Marcus Tavernier,AFC Bournemouth,PL,,25.363449691991782,41240808.0,1.03,0.95,0.6,3,0,4,40354131.0,-2.1
2026-09-13,Randal Kolo Muani,Juventus FC,SA,,25.65639972621492,41211872.0,1.0,0.95,0.0,0,0,0,39151278.0,-5.0
2026-09-13,Jeremie Frimpong,Bayer 04 Leverkusen,BL1,,23.64134154688569,41198668.0,1.0,1.0,0.0,0,0,0,41198668.0,0.0
2026-09-13,Amadou Onana,Aston Villa FC,PL,,22.9596167008898,41137576.0,1.0,1.0,0.0,0,0,0,41137576.0,0.0
2026-09-13,Davide Frattesi,FC Internazionale Milano,SA,,24.85968514715948,40611108.0,1.03,1.0,0.6,3,0,4,41829441.0,3.0
2026-09-13,Mason Greenwood,Olympique de Marseille,FL1,,22.833675564681723,40604680.0,1.0,1.0,0.0,0,0,0,40604680.0,0.0
2026-09-13,Serge Gnabry,FC Bayern München,BL1,,29.05133470225873,40407360.0,1.0,0.95,0.0,0,0,0,38386992.0,-5.0
2026-09-13,Fábio Silva,UD Las Palmas,PD,,22.036960985626283,39928072.0,0.97,1.0,0.4,2,0,3,38730230.0,-3.0
2026-09-13,Federico Dimarco,FC Internazionale Milano,SA,,26.72416153319644,39403404.0,1.0,0.95,0.0,0,0,0,37433234.0,-5.0
2026-09-13,Amine Gouiri,Olympique de Marseille,FL1,,24.45722108145106,39279216.0,1.09,1.0,0.8,4,0,4,42814345.0,9.0
2026-09-13,Iliman Ndiaye,Everton FC,PL,,24.40520191649555,38878432.0,1.0,1.0,0.0,0,0,0,38878432.0,0.0
2026-09-13,Dilane Bakwa,RC Strasbourg Alsace,FL1,,21.932922655715263,38836116.0,0.91,1.0,0.2,1,0,2,35340866.0,-9.0
2026-09-13,Nikola Krstović,US Lecce,SA,,24.32306639288159,38366168.0,0.91,1.0,0.2,1,0,4,34913213.0,-9.0
2026-09-13,Khvicha Kvaratskhelia,Paris Saint-Germain FC,FL1,,23.46611909650924,38118532.0,1.0,1.0,0.0,0,0,0,38118532.0,0.0
2026-09-13,Callum Hudson-Odoi,Nottingham Forest FC,PL,,23.731690622861056,38004988.0,1.0,1.0,0.0,0,0,0,38004988.0,0.0
2026-09-13,Kingsley Coman,FC Bayern München,BL1,,28.13415468856948,38000856.0,1.0,0.95,0.0,0,0,0,36100813.0,-5.0
2026-09-13,Denzel Dumfries,FC Internazionale Milano,SA,,28.28747433264887,37335792.0,1.0,0.95,0.0,0,0,0,35469002.0,-5.0
2026-09-13,Jonathan Burkardt,1. FSV Mainz 05,BL1,,24.057494866529773,36718692.0,1.01,1.0,0.5333,2,1,3,37085879.0,1.0
2026-09-13,Arnaud Kalimuendo,Stade Rennais FC 1901,FL1,,22.529774127310063,36581888.0,1.0,1.0,0.0,0,0,0,36581888.0,0.0
2026-09-13,Jonathan Tah,Bayer 04 Leverkusen,BL1,,28.470910335386723,36350624.0,1.0,0.95,0.0,0,0,0,34533093.0,-5.0
2026-09-13,Rasmus Højlund,Manchester United FC,PL,,21.489390828199863,36232740.0,0.97,1.0,0.4,2,0,3,35145758.0,-3.0
2026-09-13,Francisco Conceição,Juventus FC,SA,,21.631759069130734,36033156.0,1.0,1.0,0.0,0,0,0,36033156.0,0.0
2026-09-13,Alex Iwobi,Fulham FC,PL,,28.246406570841888,35952696.0,1.0,0.95,0.0,0,0,0,34155061.0,-5.0
2026-09-13,Leon Goretzka,FC Bayern München,BL1,,29.4839151266256,35902740.0,1.0,0.95,0.0,0,0,0,34107603.0,-5.0
2026-09-13,Harry Wilson,Fulham FC,PL,,27.362080766598226,35638836.0,1.0,0.95,0.0,0,0,0,33856894.0,-5.0
2026-09-13,Alexis Saelemaekers,AS Roma,SA,,25.097878165639973,35198784.0,1.0,0.95,0.0,0,0,0,33438845.0,-5.0
2026-09-13,Charles De Ketelaere,Atalanta BC,SA,,23.394934976043807,35098824.0,1.0,1.0,0.0,0,0,0,35098824.0,0.0
2026-09-13,Luis Henrique,Olympique de Marseille,FL1,,22.63107460643395,34843224.0,1.0,1.0,0.0,0,0,0,34843224.0,0.0
2026-09-13,Mohamed Salah,Liverpool FC,PL,,32.12867898699521,34508960.0,1.0,0.82,0.0,0,0,0,28297347.0,-18.0
2026-09-13,Mikel Oyarzabal,Real Sociedad de Fútbol,PD,,27.27994524298425,34161672.0,1.0,0.95,0.0,0,0,0,32453588.0,-5.0
2026-09-13,Ryan Sessegnon,Fulham FC,PL,,24.205338809034902,34112380.0,1.0,1.0,0.0,0,0,0,34112380.0,0.0
2026-09-13,Ange-Yoan Bonny,Parma Calcio 1913,SA,,20.76933607118412,33967984.0,1.0,1.0,0.0,0,0,0,33967984.0,0.0
2026-09-13,Hamed Traoré,AJ Auxerre,FL1,,24.45722108145106,33490064.0,1.0,1.0,0.0,0,0,0,33490064.0,0.0
2026-09-13,Giacomo Raspadori,SSC Napoli,SA,,24.4517453798768,32913544.0,0.91,1.0,0.2,1,0,4,29951325.0,-9.0
2026-09-13,Joelinton,Newcastle United FC,PL,,27.964407939767284,32750852.0,1.0,0.95,0.0,0,0,0,31113309.0,-5.0
2026-09-13,Bafodé Diakité,Lille OSC,FL1,,23.567419575633128,32327092.0,1.0,1.0,0.0,0,0,0,32327092.0,0.0
2026-09-13,Beto,Everton FC,PL,,26.49965776865161,32184420.0,1.0,0.95,0.0,0,0,0,30575199.0,-5.0
2026-09-13,Scott McTominay,SSC Napoli,SA,,27.64681724845996,32164656.0,1.0,0.95,0.0,0,0,0,30556423.0,-5.0
2026-09-13,Ethan Nwaneri,Arsenal FC,PL,,17.366187542778917,31766472.0,1.0,1.0,0.0,0,0,0,31766472.0,0.0
2026-09-13,Dwight McNeil,Everton FC,PL,,24.692676249144423,31749692.0,1.0,1.0,0.0,0,0,0,31749692.0,0.0
2026-09-13,Jhon Durán,Aston Villa FC,PL,,20.635181382614647,31525216.0,1.0,1.0,0.0,0,0,0,31525216.0,0.0
2026-09-13,Ángel Correa,Club Atlético de Madrid,PD,,29.399041752224505,31362624.0,1.0,0.95,0.0,0,0,0,29794493.0,-5.0
2026-09-13,Samuel Chukwueze,AC Milan,SA,,25.196440793976727,31335596.0,1.0,0.95,0.0,0,0,0,29768816.0,-5.0
2026-09-13,Tomáš Souček,West Ham United FC,PL,,29.426420260095824,31289668.0,1.0,0.95,0.0,0,0,0,29725185.0,-5.0
2026-09-13,Victor Boniface,Bayer 04 Leverkusen,BL1,,23.60574948665298,30575516.0,1.0,1.0,0.0,0,0,0,30575516.0,0.0
2026-09-13,Ermedin Demirovic,VfB Stuttgart,BL1,,26.354551676933607,30422988.0,0.91,0.95,0.2,1,0,3,26300673.0,-13.6
2026-09-13,Romelu Lukaku,SSC Napoli,SA,,31.21971252566735,30337632.0,1.0,0.82,0.0,0,0,0,24876858.0,-18.0
2026-09-13,Georges Mikautadze,Olympique Lyonnais,FL1,,23.750855578370977,29855672.0,0.95,1.0,0.3333,1,1,4,28362888.0,-5.0
2026-09-13,Donyell Malen,Borussia Dortmund,BL1,,25.533196440793976,29590636.0,1.03,0.95,0.6,5,0,3,28954437.0,-2.2
2026-09-13,Moise Kean,ACF Fiorentina,SA,,24.424366872005475,29580592.0,1.0,1.0,0.0,0,0,0,29580592.0,0.0
2026-09-13,Emile Smith Rowe,Fulham FC,PL,,24.01095140314853,29504240.0,1.0,1.0,0.0,0,0,0,29504240.0,0.0
2026-09-13,Takefusa Kubo,Real Sociedad de Fútbol,PD,,23.159479808350444,29213060.0,1.0,1.0,0.0,0,0,0,29213060.0,0.0
2026-09-13,Theo Hernández,AC Milan,SA,,26.819986310746064,28687504.0,1.0,0.95,0.0,0,0,0,27253129.0,-5.0
2026-09-13,Maghnes Akliouche,AS Monaco FC,FL1,,22.431211498973305,28385536.0,1.0,1.0,0.0,0,0,0,28385536.0,0.0
2026-09-13,Éderson,Atalanta BC,SA,,25.07049965776865,28100196.0,0.91,0.95,0.2,1,0,4,24292619.0,-13.6
2026-09-13,Rodrigo Muniz,Fulham FC,PL,,23.24435318275154,27995820.0,1.0,1.0,0.0,0,0,0,27995820.0,0.0
2026-09-13,Patrick Dorgu,US Lecce,SA,,19.76454483230664,27979220.0,1.0,1.0,0.0,0,0,0,27979220.0,0.0
2026-09-13,Eljif Elmas,Torino FC,SA,,24.854209445585216,27458576.0,1.0,1.0,0.0,0,0,0,27458576.0,0.0
2026-09-13,Artem Dovbyk,AS Roma,SA,,27.1129363449692,27206360.0,0.91,0.95,0.2,1,0,3,23519898.0,-13.6
2026-09-13,Sebastian Nanasi,RC Strasbourg Alsace,FL1,,22.21218343600274,26354072.0,1.0,1.0,0.0,0,0,0,26354072.0,0.0
2026-09-13,Martinelli,Arsenal FC,PL,,23.1211498973306,26219604.0,1.0,1.0,0.0,0,0,0,26219604.0,0.0
2026-09-13,Pape Gueye,Villarreal CF,PD,,25.51950718685832,26013328.0,0.91,0.95,0.2,1,0,4,22488522.0,-13.6
2026-09-13,Ansgar Knauff,Eintracht Frankfurt,BL1,,22.55715263518138,25940640.0,1.0,1.0,0.0,0,0,0,25940640.0,0.0
2026-09-13,Daniel Muñoz,Crystal Palace FC,PL,,28.18343600273785,25928128.0,1.0,0.95,0.0,0,0,0,24631722.0,-5.0
2026-09-13,Tiago Tomás,VfL Wolfsburg,BL1,,22.127310061601644,25512616.0,1.0,1.0,0.0,0,0,0,25512616.0,0.0
2026-09-13,Denis Zakaria,AS Monaco FC,FL1,,27.696098562628336,24592168.0,1.0,0.95,0.0,0,0,0,23362560.0,-5.0
2026-09-13,Diego López,Valencia CF,PD,,22.220396988364133,24471076.0,1.0,1.0,0.0,0,0,0,24471076.0,0.0
2026-09-13,Ludovic Blas,Stade Rennais FC 1901,FL1,,26.584531143052704,24424584.0,1.0,0.95,0.0,0,0,0,23203355.0,-5.0
2026-09-13,Hugo Larsson,Eintracht Frankfurt,BL1,,20.095824777549623,24140444.0,1.0,1.0,0.0,0,0,0,24140444.0,0.0
2026-09-13,Koni De Winter,Genoa CFC,SA,,22.138261464750173,24138880.0,1.0,1.0,0.0,0,0,0,24138880.0,0.0
2026-09-13,Hakan Çalhanoğlu,FC Internazionale Milano,SA,,30.47775496235456,24000188.0,0.97,0.82,0.4,2,0,3,19089750.0,-20.5
2026-09-13,Neil El Aynaoui,Racing Club de Lens,FL1,,23.082819986310746,23823184.0,1.0,1.0,0.0,0,0,0,23823184.0,0.0
2026-09-13,Jack Hinshelwood,Brighton & Hove Albion FC,PL,,19.307323750855577,23749956.0,0.91,1.0,0.2,2,0,1,21612460.0,-9.0
2026-09-13,Giovani Lo Celso,Real Betis Balompié,PD,,28.31211498973306,23648344.0,1.0,0.95,0.0,0,0,0,22465927.0,-5.0
2026-09-13,Enzo Millot,VfB Stuttgart,BL1,,22.04243668720055,23333768.0,1.0,1.0,0.0,0,0,0,23333768.0,0.0
2026-09-13,Riccardo Orsolini,Bologna FC 1909,SA,,27.51813826146475,22819688.0,1.0,0.95,0.0,0,0,0,21678704.0,-5.0
2026-09-13,Breel Embolo,AS Monaco FC,FL1,,27.460643394934976,22466888.0,1.0,0.95,0.0,0,0,0,21343544.0,-5.0
2026-09-13,Rayan Aït Nouri,Wolverhampton Wanderers FC,PL,,23.15400410677618,22365900.0,1.0,1.0,0.0,0,0,0,22365900.0,0.0
2026-09-13,Deniz Undav,VfB Stuttgart,BL1,,28.03559206023272,22340788.0,1.0,0.95,0.0,0,0,0,21223749.0,-5.0
2026-09-13,Daniel Maldini,Atalanta BC,SA,,22.806297056810404,22129372.0,0.97,1.0,0.4,2,0,4,21465491.0,-3.0
2026-09-13,Habib Diarra,RC Strasbourg Alsace,FL1,,20.577686516084874,21989432.0,1.0,1.0,0.0,0,0,0,21989432.0,0.0
2026-09-13,Raphaël Guerreiro,FC Bayern München,BL1,,30.60917180013689,21963820.0,1.0,0.82,0.0,0,0,0,18010332.0,-18.0
2026-09-13,Oihan Sancet,Athletic Club,PD,,24.268309377138944,21925020.0,0.91,1.0,0.2,1,0,5,19951768.0,-9.0
2026-09-13,Jonas Wind,VfL Wolfsburg,BL1,,25.481177275838466,21905084.0,1.0,0.95,0.0,0,0,0,20809830.0,-5.0
2026-09-13,Kenan Yıldız,Juventus FC,SA,,19.24435318275154,21637124.0,1.0,1.0,0.0,0,0,0,21637124.0,0.0
2026-09-13,Alberto Moleiro,UD Las Palmas,PD,,20.83778234086242,21106896.0,1.0,1.0,0.0,0,0,0,21106896.0,0.0
2026-09-13,Eliesse Ben Seghir,AS Monaco FC,FL1,,19.45516769336071,21106092.0,1.0,1.0,0.0,0,0,0,21106092.0,0.0
2026-09-13,Tammy Abraham,AC Milan,SA,,26.830937713894592,21086252.0,1.0,0.95,0.0,0,0,0,20031939.0,-5.0
2026-09-13,Nico Paz,Como 1907,SA,,19.89596167008898,20909352.0,0.91,1.0,0.2,1,0,3,19027510.0,-9.0
2026-09-13,Roberto Piccoli,Cagliari Calcio,SA,,23.509924709103355,20601996.0,0.91,1.0,0.2,1,0,3,18747816.0,-9.0
2026-09-13,Moses Simon,FC Nantes,FL1,,29.05681040383299,20274120.0,1.0,0.95,0.0,0,0,0,19260414.0,-5.0
2026-09-13,Yangel Herrera,Girona FC,PD,,26.56536618754278,20265768.0,0.91,0.95,0.2,1,0,5,17519756.0,-13.6
2026-09-13,Tom Bischof,TSG 1899 Hoffenheim,BL1,,19.09377138945928,20089352.0,1.0,1.0,0.0,0,0,0,20089352.0,0.0
2026-09-13,Mario Pašalić,Atalanta BC,SA,,29.475701574264203,20085292.0,1.0,0.95,0.0,0,0,0,19081027.0,-5.0
2026-09-13,Eldor Shomurodov,AS Roma,SA,,29.09240246406571,20019696.0,1.0,0.95,0.0,0,0,0,19018711.0,-5.0
2026-09-13,Cucurella,Chelsea FC,PL,,26.028747433264886,19991764.0,1.0,0.95,0.0,0,0,0,18992176.0,-5.0
2026-09-13,Nico Williams,Athletic Club,PD,,22.05612594113621,19918688.0,0.91,1.0,0.2,1,0,5,18126006.0,-9.0
2026-09-13,Gustav Isaksen,SS Lazio,SA,,23.28542094455852,19690384.0,1.0,1.0,0.0,0,0,0,19690384.0,0.0
2026-09-13,Heung-min Son,Tottenham Hotspur FC,PL,,32.06570841889117,19526048.0,1.0,0.82,0.0,0,0,0,16011359.0,-18.0
2026-09-13,Óscar Mingueza,RC Celta de Vigo,PD,,25.22108145106092,19501784.0,1.0,0.95,0.0,0,0,0,18526695.0,-5.0
2026-09-13,Mika Biereth,AS Monaco FC,FL1,,21.47843942505133,19464324.0,1.0,1.0,0.0,0,0,0,19464324.0,0.0
2026-09-13,Nicolas Pépé,Villarreal CF,PD,,29.177275838466805,19434052.0,0.97,0.95,0.4,2,0,4,17908479.0,-7.8
2026-09-13,Simon Sohm,Parma Calcio 1913,SA,,23.307323750855577,19412640.0,1.0,1.0,0.0,0,0,0,19412640.0,0.0
2026-09-13,Anastasios Douvikas,RC Celta de Vigo,PD,,24.99931553730321,19184792.0,0.97,1.0,0.4,2,0,3,18609248.0,-3.0
2026-09-13,Ridle Baku,RB Leipzig,BL1,,26.31622176591376,19114520.0,0.97,0.95,0.4,2,0,2,17614030.0,-7.9
2026-09-13,Yacine Adli,ACF Fiorentina,SA,,24.0082135523614,19108104.0,1.0,1.0,0.0,0,0,0,19108104.0,0.0
2026-09-13,Zuriko Davitashvili,AS Saint-Étienne,FL1,,23.457905544147845,18922156.0,1.0,1.0,0.0,0,0,0,18922156.0,0.0
2026-09-13,Lorenzo Colombo,Empoli FC,SA,,22.40109514031485,18816812.0,1.0,1.0,0.0,0,0,0,18816812.0,0.0
2026-09-13,Chris Wood,Nottingham Forest FC,PL,,32.65160848733744,18768136.0,1.0,0.82,0.0,0,0,0,15389872.0,-18.0
2026-09-13,Gaetano Oristanio,Venezia FC,SA,,21.842573579739906,18683664.0,1.0,1.0,0.0,0,0,0,18683664.0,0.0
2026-09-13,Shuto Machino,Holstein Kiel,BL1,,24.83778234086242,18640808.0,1.0,1.0,0.0,0,0,0,18640808.0,0.0
2026-09-13,Christian Nørgaard,Brentford FC,PL,,30.39561943874059,18453212.0,1.0,0.82,0.0,0,0,0,15131634.0,-18.0
2026-09-13,Santiago Castro,Bologna FC 1909,SA,,19.86858316221766,18200628.0,1.0,1.0,0.0,0,0,0,18200628.0,0.0
2026-09-13,Jonathan Rowe,Olympique de Marseille,FL1,,21.256673511293634,18180608.0,1.0,1.0,0.0,0,0,0,18180608.0,0.0
2026-09-13,Joško Gvardiol,Manchester City FC,PL,,22.521560574948666,18149564.0,0.95,1.0,0.3333,1,1,3,17242086.0,-5.0
2026-09-13,Mateo Kovačić,Manchester City FC,PL,,30.23956194387405,17851760.0,1.0,0.82,0.0,0,0,0,14638443.0,-18.0
2026-09-13,Mitchel Bakker,Lille OSC,FL1,,24.11498973305955,17366332.0,1.0,1.0,0.0,0,0,0,17366332.0,0.0
2026-09-13,Nikola Vlašić,Torino FC,SA,,26.82546201232033,17324680.0,1.0,0.95,0.0,0,0,0,16458446.0,-5.0
2026-09-13,Yankubah Minteh,Brighton & Hove Albion FC,PL,,20.02737850787132,17277884.0,1.0,1.0,0.0,0,0,0,17277884.0,0.0
2026-09-13,Hans Nicolussi Caviglia,Venezia FC,SA,,24.12046543463381,17043728.0,1.0,1.0,0.0,0,0,0,17043728.0,0.0
2026-09-13,Bryan Cristante,AS Roma,SA,,29.415468856947296,16686040.0,1.0,0.95,0.0,0,0,0,15851738.0,-5.0
2026-09-13,Keito Nakamura,Stade de Reims,FL1,,24.01095140314853,16321067.0,1.0,1.0,0.0,0,0,0,16321067.0,0.0
2026-09-13,Patrick Cutrone,Como 1907,SA,,26.576317590691307,16281114.0,1.0,0.95,0.0,0,0,0,15467058.0,-5.0
2026-09-13,Emre Can,Borussia Dortmund,BL1,,30.55167693360712,16211888.0,1.0,0.82,0.0,0,0,0,13293748.0,-18.0
2026-09-13,Nathaniel Brown,Eintracht Frankfurt,BL1,,21.127994524298423,16116406.0,1.0,1.0,0.0,0,0,0,16116406.0,0.0
2026-09-13,Jacob Bruun Larsen,VfB Stuttgart,BL1,,25.867214236824093,16110167.0,1.0,0.95,0.0,0,0,0,15304659.0,-5.0
2026-09-13,Boulaye Dia,SS Lazio,SA,,27.707049965776864,15970656.0,1.0,0.95,0.0,0,0,0,15172123.0,-5.0
2026-09-13,Hugo Duro,Valencia CF,PD,,24.725530458590008,15919684.0,1.0,1.0,0.0,0,0,0,15919684.0,0.0
2026-09-13,Brais Méndez,Real Sociedad de Fútbol,PD,,27.564681724846,15909576.0,1.0,0.95,0.0,0,0,0,15114097.0,-5.0
2026-09-13,Mattias Svanberg,VfL Wolfsburg,BL1,,25.571526351813823,15850785.0,1.0,0.95,0.0,0,0,0,15058246.0,-5.0
2026-09-13,Nadir Zortea,Cagliari Calcio,SA,,25.11978097193703,15802938.0,1.0,0.95,0.0,0,0,0,15012791.0,-5.0
2026-09-13,Marco Brescianini,Atalanta BC,SA,,24.531143052703623,15790133.0,1.0,1.0,0.0,0,0,0,15790133.0,0.0
2026-09-13,Lucas Beltrán,ACF Fiorentina,SA,,23.107460643394933,15695518.0,1.0,1.0,0.0,0,0,0,15695518.0,0.0
2026-09-13,Folarin Balogun,AS Monaco FC,FL1,,23.08008213552361,15598405.0,1.0,1.0,0.0,0,0,0,15598405.0,0.0
2026-09-13,Jens Odgaard,Bologna FC 1909,SA,,25.3388090349076,15485610.0,1.0,0.95,0.0,0,0,0,14711330.0,-5.0
2026-09-13,Lassine Sinayoko,AJ Auxerre,FL1,,24.648870636550303,15325149.0,1.09,1.0,0.8,4,0,4,16704412.0,9.0
2026-09-13,Stephy Mavididi,Leicester City FC,PL,,26.17111567419576,15293583.0,1.0,0.95,0.0,0,0,0,14528904.0,-5.0
2026-09-13,Samuel Szmodics,Ipswich Town FC,PL,,28.854209445585216,15099962.0,1.0,0.95,0.0,0,0,0,14344964.0,-5.0
2026-09-13,Youssouf Ndayishimiye,OGC Nice,FL1,,25.76317590691308,14924071.0,1.0,0.95,0.0,0,0,0,14177867.0,-5.0
2026-09-13,Jacopo Fazzini,Empoli FC,SA,,21.37987679671458,14923672.0,1.0,1.0,0.0,0,0,0,14923672.0,0.0
2026-09-13,Can Uzun,Eintracht Frankfurt,BL1,,18.72142368240931,14663159.0,0.97,1.0,0.4,2,0,3,14223264.0,-3.0
2026-09-13,Ayoze Pérez,Villarreal CF,PD,,31.00889801505818,14418134.0,1.0,0.82,0.0,0,0,0,11822870.0,-18.0
2026-09-13,Iñaki Williams,Athletic Club,PD,,30.13004791238877,14356445.0,0.99,0.82,0.4667,1,2,5,11654562.0,-18.8
2026-09-13,Lorenzo Lucca,Udinese Calcio,SA,,23.89048596851472,14319936.0,1.0,1.0,0.0,0,0,0,14319936.0,0.0
2026-09-13,Takumi Minamino,AS Monaco FC,FL1,,29.541409993155373,14281858.0,1.0,0.95,0.0,0,0,0,13567765.0,-5.0
2026-09-13,Mattia Zaccagni,SS Lazio,SA,,29.127994524298423,14245185.0,1.0,0.95,0.0,0,0,0,13532926.0,-5.0
2026-09-13,Mahdi Camara,Stade Brestois 29,FL1,,26.0889801505818,14235759.0,1.0,0.95,0.0,0,0,0,13523971.0,-5.0
2026-09-13,Rolando Mandragora,ACF Fiorentina,SA,,27.091033538672143,14189810.0,0.91,0.95,0.2,1,0,3,12267091.0,-13.5
2026-09-13,Cyle Larin,RCD Mallorca,PD,,29.29226557152635,14133411.0,1.0,0.95,0.0,0,0,0,13426740.0,-5.0
2026-09-13,Robin Hack,Borussia Mönchengladbach,BL1,,25.93018480492813,14040553.0,1.0,0.95,0.0,0,0,0,13338525.0,-5.0
2026-09-13,Andrea Pinamonti,Genoa CFC,SA,,25.204654346338124,14015028.0,1.0,0.95,0.0,0,0,0,13314277.0,-5.0
2026-09-13,Umar Sadiq,Valencia CF,PD,,27.49349760438056,14004767.0,0.91,0.95,0.2,1,0,3,12107121.0,-13.6
2026-09-13,Romano Schmid,SV Werder Bremen,BL1,,24.511978097193705,13968778.0,1.0,1.0,0.0,0,0,0,13968778.0,0.0
2026-09-13,Vedat Muriqi,RCD Mallorca,PD,,30.272416153319643,13933467.0,1.0,0.82,0.0,0,0,0,11425443.0,-18.0
2026-09-13,Abdallah Sima,Stade Brestois 29,FL1,,23.123887748117728,13901295.0,1.0,1.0,0.0,0,0,0,13901295.0,0.0
2026-09-13,Edon Zhegrova,Lille OSC,FL1,,25.3388090349076,13874673.0,1.0,0.95,0.0,0,0,0,13180939.0,-5.0
2026-09-13,Gabriel Strefezza,Como 1907,SA,,27.28815879534565,13832290.0,1.0,0.95,0.0,0,0,0,13140676.0,-5.0
2026-09-13,Dennis Man,Parma Calcio 1913,SA,,25.932922655715263,13817998.0,1.0,0.95,0.0,0,0,0,13127098.0,-5.0
2026-09-13,Aimar Oroz,CA Osasuna,PD,,22.6776180698152,13682069.0,1.0,1.0,0.0,0,0,0,13682069.0,0.0
2026-09-13,Malick Fofana,Olympique Lyonnais,FL1,,19.33744010951403,13678729.0,0.91,1.0,0.2,1,0,2,12447643.0,-9.0
2026-09-13,Cucho Hernández,Real Betis Balompié,PD,,25.28405201916496,13645296.0,1.0,0.95,0.0,0,0,0,12963031.0,-5.0
2026-09-13,Thilo Kehrer,AS Monaco FC,FL1,,27.860369609856264,13641601.0,1.0,0.95,0.0,0,0,0,12959521.0,-5.0
2026-09-13,Tim Kleindienst,Borussia Mönchengladbach,BL1,,28.919917864476385,13598218.0,1.0,0.95,0.0,0,0,0,12918307.0,-5.0
2026-09-13,Matias Fernandez-Pardo,Lille OSC,FL1,,19.49075975359343,13346757.0,1.0,1.0,0.0,0,0,0,13346757.0,0.0
2026-09-13,Antonio Nusa,RB Leipzig,BL1,,19.290896646132783,13194458.0,0.91,1.0,0.2,1,0,2,12006957.0,-9.0
2026-09-13,Vitinha,Paris Saint-Germain FC,FL1,,24.465434633812457,13146628.0,0.95,1.0,0.3333,1,1,3,12489297.0,-5.0
2026-09-13,Antony,Real Betis Balompié,PD,,24.435318275154003,13067928.0,1.0,1.0,0.0,0,0,0,13067928.0,0.0
2026-09-13,Marshall Munetsi,Stade de Reims,FL1,,28.109514031485283,12925466.0,1.0,0.95,0.0,0,0,0,12279193.0,-5.0
2026-09-13,Pablo Torre,FC Barcelona,PD,,21.3305954825462,12907309.0,1.0,1.0,0.0,0,0,0,12907309.0,0.0
2026-09-13,Zakaria Aboukhlal,Toulouse FC,FL1,,24.4517453798768,12844414.0,1.0,1.0,0.0,0,0,0,12844414.0,0.0
2026-09-13,Robert Lewandowski,FC Barcelona,PD,,35.945242984257355,12799196.0,1.0,0.65,0.0,0,0,0,8319477.0,-35.0
2026-09-13,Pablo Rosario,OGC Nice,FL1,,27.564681724846,12788800.0,1.0,0.95,0.0,0,0,0,12149360.0,-5.0
2026-09-13,Giovanni Fabbian,Bologna FC 1909,SA,,21.54688569472964,12734107.0,1.0,1.0,0.0,0,0,0,12734107.0,0.0
2026-09-13,Sebastiano Esposito,Empoli FC,SA,,22.083504449007528,12672153.0,1.0,1.0,0.0,0,0,0,12672153.0,0.0
2026-09-13,Santi Comesaña,Villarreal CF,PD,,27.822039698836413,12573921.0,1.0,0.95,0.0,0,0,0,11945225.0,-5.0
2026-09-13,Raúl Moro,Real Valladolid CF,PD,,21.65639972621492,12507401.0,1.0,1.0,0.0,0,0,0,12507401.0,0.0
2026-09-13,Marash Kumbulla,RCD Espanyol de Barcelona,PD,,24.47912388774812,12414755.0,1.0,1.0,0.0,0,0,0,12414755.0,0.0
2026-09-13,Facundo Buonanotte,Leicester City FC,PL,,19.60574948665298,12401715.0,0.91,1.0,0.2,1,0,5,11285561.0,-9.0
2026-09-13,Paul Wanner,1. FC Heidenheim 1846,BL1,,18.60643394934976,12265205.0,1.0,1.0,0.0,0,0,0,12265205.0,0.0
2026-09-13,Matteo Cancellieri,Parma Calcio 1913,SA,,22.466803559206024,12187109.0,0.91,1.0,0.2,1,0,4,11090269.0,-9.0
2026-09-13,Gaëtan Laborde,OGC Nice,FL1,,30.24777549623545,12037499.0,1.0,0.82,0.0,0,0,0,9870749.0,-18.0
2026-09-13,Sofiane Diop,OGC Nice,FL1,,24.145106091718,11996517.0,1.0,1.0,0.0,0,0,0,11996517.0,0.0
2026-09-13,Antoine Griezmann,Club Atlético de Madrid,PD,,33.36618754277892,11980397.0,1.0,0.82,0.0,0,0,0,9823926.0,-18.0
2026-09-13,Matthis Abline,FC Nantes,FL1,,21.347022587268995,11957887.0,1.0,1.0,0.0,0,0,0,11957887.0,0.0
2026-09-13,Javi Puado,RCD Espanyol de Barcelona,PD,,26.187542778918548,11888276.0,1.0,0.95,0.0,0,0,0,11293862.0,-5.0
2026-09-13,Isco,Real Betis Balompié,PD,,32.27926078028747,11698408.0,1.0,0.82,0.0,0,0,0,9592695.0,-18.0
2026-09-13,Sandro,UD Las Palmas,PD,,29.065023956194388,11669615.0,1.0,0.95,0.0,0,0,0,11086134.0,-5.0
2026-09-13,Amin Sarr,Hellas Verona FC,SA,,23.392197125256672,11649844.0,1.0,1.0,0.0,0,0,0,11649844.0,0.0
2026-09-13,Samuel Mbangula,Juventus FC,SA,,20.542094455852155,11525237.0,1.0,1.0,0.0,0,0,0,11525237.0,0.0
2026-09-13,Álex Berenguer,Athletic Club,PD,,29.078713210130047,11494261.0,0.95,0.95,0.3333,1,1,5,10373571.0,-9.7
2026-09-13,Fabian Schär,Newcastle United FC,PL,,32.616016427104725,11220847.0,1.0,0.82,0.0,0,0,0,9201095.0,-18.0
2026-09-13,Jens Stage,SV Werder Bremen,BL1,,27.72895277207392,11113073.0,1.0,0.95,0.0,0,0,0,10557419.0,-5.0
2026-09-13,Giovanni Di Lorenzo,SSC Napoli,SA,,30.99247091033539,11072809.0,1.0,0.82,0.0,0,0,0,9079703.0,-18.0
2026-09-13,Gorka Guruzeta,Athletic Club,PD,,27.88501026694045,11007741.0,1.0,0.95,0.0,0,0,0,10457354.0,-5.0
2026-09-13,Arnaut Danjuma,Girona FC,PD,,27.498973305954827,10915164.0,1.0,0.95,0.0,0,0,0,10369406.0,-5.0
2026-09-13,Frank Magri,Toulouse FC,FL1,,24.908966461327857,10798209.0,1.0,1.0,0.0,0,0,0,10798209.0,0.0
2026-09-13,Matteo Politano,SSC Napoli,SA,,30.99520876112252,10251423.0,0.91,0.82,0.2,1,0,3,7649612.0,-25.4
2026-09-13,Gaëtan Perrin,AJ Auxerre,FL1,,28.150581793292265,10162047.0,1.0,0.95,0.0,0,0,0,9653945.0,-5.0
2026-09-13,Kevin De Bruyne,Manchester City FC,PL,,33.09514031485284,10102157.0,0.95,0.82,0.3333,1,1,3,7869580.0,-22.1
2026-09-13,Danny Welbeck,Brighton & Hove Albion FC,PL,,33.68104038329911,10053047.0,1.0,0.82,0.0,0,0,0,8243499.0,-18.0
2026-09-13,Mauro Arambarri,Getafe CF,PD,,28.83778234086242,9827063.0,1.0,0.95,0.0,0,0,0,9335710.0,-5.0
2026-09-13,Corentin Tolisso,Olympique Lyonnais,FL1,,29.9958932238193,9797530.0,1.0,0.95,0.0,0,0,0,9307654.0,-5.0
2026-09-13,Armin Gigovic,Holstein Kiel,BL1,,22.321697467488026,9771179.0,1.0,1.0,0.0,0,0,0,9771179.0,0.0
2026-09-13,Michael Keane,Everton FC,PL,,31.55373032169747,9733048.0,1.0,0.82,0.0,0,0,0,7981099.0,-18.0
2026-09-13,Yann Gboho,Toulouse FC,FL1,,23.54551676933607,9640667.0,1.0,1.0,0.0,0,0,0,9640667.0,0.0
2026-09-13,Thomas Partey,Arsenal FC,PL,,31.134839151266256,9595447.0,1.0,0.82,0.0,0,0,0,7868267.0,-18.0
2026-09-13,Franck Honorat,Borussia Mönchengladbach,BL1,,27.97262149212868,9546050.0,1.0,0.95,0.0,0,0,0,9068748.0,-5.0
2026-09-13,Paulo Dybala,AS Roma,SA,,30.71047227926078,9478232.0,1.0,0.82,0.0,0,0,0,7772150.0,-18.0
2026-09-13,Lucas Höler,SC Freiburg,BL1,,30.06160164271047,9427568.0,1.0,0.82,0.0,0,0,0,7730606.0,-18.0
2026-09-13,Samuel Essende,FC Augsburg,BL1,,26.521560574948666,9318053.0,1.0,0.95,0.0,0,0,0,8852150.0,-5.0
2026-09-13,Marvin Ducksch,SV Werder Bremen,BL1,,30.403832991101982,9183902.0,1.0,0.82,0.0,0,0,0,7530800.0,-18.0
2026-09-13,Vincenzo Grifo,SC Freiburg,BL1,,31.318275154004105,9174727.0,1.0,0.82,0.0,0,0,0,7523276.0,-18.0
2026-09-13,Paul Onuachu,Southampton FC,PL,,30.17932922655715,9139028.0,1.0,0.82,0.0,0,0,0,7494003.0,-18.0
2026-09-13,Mitchell Weiser,SV Werder Bremen,BL1,,30.28062970568104,9136344.0,1.0,0.82,0.0,0,0,0,7491802.0,-18.0
2026-09-13,Williot Swedberg,RC Celta de Vigo,PD,,20.49828884325804,8997461.0,1.0,1.0,0.0,0,0,0,8997461.0,0.0
2026-09-13,Marco Grüll,SV Werder Bremen,BL1,,26.072553045859,8982389.0,0.99,0.95,0.4667,1,2,3,8447937.0,-5.9
2026-09-13,Borja Iglesias,RC Celta de Vigo,PD,,31.537303216974674,8945561.0,1.0,0.82,0.0,0,0,0,7335360.0,-18.0
2026-09-13,Sinaly Diomandé,AJ Auxerre,FL1,,23.312799452429843,8878731.0,1.0,1.0,0.0,0,0,0,8878731.0,0.0
2026-09-13,Hugo Ekitike,Eintracht Frankfurt,BL1,,22.11635865845312,8826531.0,1.0,1.0,0.0,0,0,0,8826531.0,0.0
2026-09-13,Mohammed Amoura,VfL Wolfsburg,BL1,,24.229979466119097,8802750.0,1.0,1.0,0.0,0,0,0,8802750.0,0.0
2026-09-13,Răzvan Marin,Cagliari Calcio,SA,,28.191649555099247,8795810.0,1.0,0.95,0.0,0,0,0,8356020.0,-5.0
2026-09-13,Mostafa Mohamed,FC Nantes,FL1,,26.67488021902806,8599999.0,1.0,0.95,0.0,0,0,0,8169999.0,-5.0
2026-09-13,Ante Budimir,CA Osasuna,PD,,33.02943189596167,8574031.0,1.09,0.82,0.8,4,0,5,7663469.0,-10.6
2026-09-13,Julián Álvarez,Club Atlético de Madrid,PD,,24.501026694045173,8559970.0,1.0,1.0,0.0,0,0,0,8559970.0,0.0
2026-09-13,Benedict Hollerbach,1. FC Union Berlin,BL1,,23.208761122518823,8524045.0,1.0,1.0,0.0,0,0,0,8524045.0,0.0
2026-09-13,Raúl Jiménez,Fulham FC,PL,,33.242984257357975,8464198.0,1.0,0.82,0.0,0,0,0,6940642.0,-18.0
2026-09-13,Johannes Eggestein,FC St. Pauli 1910,BL1,,26.2340862422998,8449044.0,1.0,0.95,0.0,0,0,0,8026592.0,-5.0
2026-09-13,Josué Casimir,Le Havre AC,FL1,,22.85284052019165,8442922.0,1.0,1.0,0.0,0,0,0,8442922.0,0.0
2026-09-13,Jacob Ondrejka,Parma Calcio 1913,SA,,21.913757700205338,8411595.0,1.0,1.0,0.0,0,0,0,8411595.0,0.0
2026-09-13,Danilo Cataldi,ACF Fiorentina,SA,,29.987679671457904,8400772.0,1.0,0.95,0.0,0,0,0,7980733.0,-5.0
2026-09-13,Dodi Lukebakio,Sevilla FC,PD,,26.85284052019165,8300683.5,1.0,0.95,0.0,0,0,0,7885649.0,-5.0
2026-09-13,Romain Del Castillo,Stade Brestois 29,FL1,,28.34223134839151,8221184.5,0.91,0.95,0.2,1,0,2,7107214.0,-13.6
2026-09-13,Davide Zappacosta,Atalanta BC,SA,,32.139630390143736,8216301.5,1.0,0.82,0.0,0,0,0,6737367.0,-18.0
2026-09-13,Bryan Gil,Girona FC,PD,,23.468856947296374,8112281.0,1.0,1.0,0.0,0,0,0,8112281.0,0.0
2026-09-13,M'Bala Nzola,Racing Club de Lens,FL1,,27.95345653661876,8080700.5,1.0,0.95,0.0,0,0,0,7676665.0,-5.0
2026-09-13,Maximilian Arnold,VfL Wolfsburg,BL1,,30.18206707734429,8079991.5,1.0,0.82,0.0,0,0,0,6625593.0,-18.0
2026-09-13,Robin Gosens,ACF Fiorentina,SA,,30.07529089664613,8066656.5,0.91,0.82,0.2,1,0,3,6019339.0,-25.4
2026-09-13,Jordan Ayew,Leicester City FC,PL,,32.889801505817935,7963125.0,1.0,0.82,0.0,0,0,0,6529762.0,-18.0
2026-09-13,Wesley Saïd,Racing Club de Lens,FL1,,29.286789869952088,7900651.0,1.0,0.95,0.0,0,0,0,7505618.0,-5.0
2026-09-13,Arnaud Nordin,Montpellier HSC,FL1,,26.12457221081451,7882964.0,1.0,0.95,0.0,0,0,0,7488816.0,-5.0
2026-09-13,Himad Abdelli,Angers SCO,FL1,,24.70636550308008,7867755.5,1.0,1.0,0.0,0,0,0,7867756.0,0.0
2026-09-13,Justin Njinmah,SV Werder Bremen,BL1,,23.709787816564,7803134.0,1.0,1.0,0.0,0,0,0,7803134.0,0.0
2026-09-13,Sehrou Guirassy,Borussia Dortmund,BL1,,28.38877481177276,7698241.0,1.03,0.95,0.6,2,2,3,7532729.0,-2.1
2026-09-13,Abel Ruiz,Girona FC,PD,,24.50924024640657,7690118.0,1.0,1.0,0.0,0,0,0,7690118.0,0.0
2026-09-13,Ferrán Torres,FC Barcelona,PD,,24.421629021218344,7669259.5,0.97,1.0,0.4,2,0,3,7439182.0,-3.0
2026-09-13,Alassane Pléa,Borussia Mönchengladbach,BL1,,31.394934976043807,7634167.0,1.0,0.82,0.0,0,0,0,6260017.0,-18.0
2026-09-13,Morgan Guilavogui,FC St. Pauli 1910,BL1,,26.39561943874059,7610382.5,1.0,0.95,0.0,0,0,0,7229863.0,-5.0
2026-09-13,Mario Götze,Eintracht Frankfurt,BL1,,32.16153319644079,7526261.0,1.0,0.82,0.0,0,0,0,6171534.0,-18.0
2026-09-13,Assane Diao,Como 1907,SA,,18.899383983572896,7483810.5,1.01,1.0,0.5333,2,1,3,7558649.0,1.0
2026-09-13,Roberto Fernández,RCD Espanyol de Barcelona,PD,,22.0807665982204,7472827.5,1.15,1.0,1.0,5,0,5,8593752.0,15.0
2026-09-13,Casper Tengstedt,Hellas Verona FC,SA,,24.16700889801506,7436797.0,0.91,1.0,0.2,1,0,2,6767485.0,-9.0
2026-09-13,Ko Itakura,Borussia Mönchengladbach,BL1,,27.509924709103355,7430466.0,1.0,0.95,0.0,0,0,0,7058943.0,-5.0
2026-09-13,Dani Raba,CD Leganés,PD,,28.7583846680356,7422342.5,1.0,0.95,0.0,0,0,0,7051225.0,-5.0
2026-09-13,Felix Agu,SV Werder Bremen,BL1,,24.84599589322382,7400333.0,1.0,1.0,0.0,0,0,0,7400333.0,0.0
2026-09-13,Keven Schlotterbeck,FC Augsburg,BL1,,27.260780287474333,7242450.0,1.0,0.95,0.0,0,0,0,6880328.0,-5.0
2026-09-13,Paul Nebel,1. FSV Mainz 05,BL1,,21.80971937029432,7199918.0,1.0,1.0,0.0,0,0,0,7199918.0,0.0
2026-09-13,Phillip Tietz,FC Augsburg,BL1,,27.06365503080082,7077931.5,1.03,0.95,0.6,3,0,3,6925756.0,-2.1
2026-09-13,Emanuel Emegha,RC Strasbourg Alsace,FL1,,21.492128678987,7048260.0,1.0,1.0,0.0,0,0,0,7048260.0,0.0
2026-09-13,Juan Cruz,CD Leganés,PD,,24.268309377138944,7036305.5,1.0,1.0,0.0,0,0,0,7036306.0,0.0
2026-09-13,Oliver Burke,SV Werder Bremen,BL1,,27.318275154004105,7022757.0,1.0,0.95,0.0,0,0,0,6671619.0,-5.0
2026-09-13,Benjamin Šeško,RB Leipzig,BL1,,21.17180013689254,6952513.0,0.91,1.0,0.2,1,0,3,6326787.0,-9.0
2026-09-13,Luis Rioja,Valencia CF,PD,,30.792607802874745,6874102.5,1.0,0.82,0.0,0,0,0,5636764.0,-18.0
2026-09-13,Marcus Thuram-Ulien,FC Internazionale Milano,SA,,26.98699520876112,6858099.5,0.91,0.95,0.2,1,0,3,5928827.0,-13.6
2026-09-13,Joel Pohjanpalo,Venezia FC,SA,,29.883641341546884,6690127.5,1.0,0.95,0.0,0,0,0,6355621.0,-5.0
2026-09-13,Borja Mayoral,Getafe CF,PD,,27.32375085557837,6567608.5,1.0,0.95,0.0,0,0,0,6239228.0,-5.0
2026-09-13,Tom Rothe,1. FC Union Berlin,BL1,,19.756331279945243,6563012.5,1.0,1.0,0.0,0,0,0,6563012.0,-0.0
2026-09-13,Neal Maupay,Olympique de Marseille,FL1,,27.964407939767284,6561004.0,1.0,0.95,0.0,0,0,0,6232954.0,-5.0
2026-09-13,Kevin Stöger,Borussia Mönchengladbach,BL1,,30.92950034223135,6556156.5,1.0,0.82,0.0,0,0,0,5376048.0,-18.0
2026-09-13,Toni Martínez,Deportivo Alavés,PD,,27.08829568788501,6529469.0,1.0,0.95,0.0,0,0,0,6202996.0,-5.0
2026-09-13,Akor Adams,Montpellier HSC,FL1,,24.50650239561944,6472944.0,0.91,1.0,0.2,1,0,4,5890379.0,-9.0
2026-09-13,Yeremi Pino,Villarreal CF,PD,,21.782340862423,6447148.5,1.0,1.0,0.0,0,0,0,6447148.0,-0.0
2026-09-13,Álvaro Morata,AC Milan,SA,,31.77275838466804,6348012.0,1.0,0.82,0.0,0,0,0,5205370.0,-18.0
2026-09-13,Alexis Claude Maurice,FC Augsburg,BL1,,26.154688569472963,6334133.5,0.91,0.95,0.2,1,0,2,5475858.0,-13.6
2026-09-13,Che Adams,Torino FC,SA,,28.05201916495551,6272948.5,0.97,0.95,0.4,2,0,3,5780522.0,-7.9
2026-09-13,Sergio Camello,Rayo Vallecano de Madrid,PD,,23.471594798083505,6200665.0,1.15,1.0,1.0,6,1,5,7130765.0,15.0
2026-09-13,Daniel Mosquera,Hellas Verona FC,SA,,24.78302532511978,6185787.0,1.0,1.0,0.0,0,0,0,6185787.0,0.0
2026-09-13,Romain Faivre,Stade Brestois 29,FL1,,26.050650239561943,6154324.0,1.0,0.95,0.0,0,0,0,5846608.0,-5.0
2026-09-13,Valentín Castellanos,SS Lazio,SA,,25.828884325804243,6143962.0,1.0,0.95,0.0,0,0,0,5836764.0,-5.0
2026-09-13,Isaac,Sevilla FC,PD,,24.205338809034902,6129448.0,0.95,1.0,0.3333,1,1,5,5822976.0,-5.0
2026-09-13,Esteban Lepaul,Angers SCO,FL1,,24.28747433264887,6116216.0,1.03,1.0,0.6,3,0,4,6299702.0,3.0
2026-09-13,Nadiem Amiri,1. FSV Mainz 05,BL1,,27.761806981519506,6110223.0,1.0,0.95,0.0,0,0,0,5804712.0,-5.0
2026-09-13,Jae-sung Lee,1. FSV Mainz 05,BL1,,31.97535934291581,6105254.5,1.0,0.82,0.0,0,0,0,5006309.0,-18.0
2026-09-13,Pathé Ciss,Rayo Vallecano de Madrid,PD,,30.379192334017795,6063505.5,1.0,0.82,0.0,0,0,0,4972075.0,-18.0
2026-09-13,Marvin Pieringer,1. FC Heidenheim 1846,BL1,,24.826830937713893,6057327.0,1.0,1.0,0.0,0,0,0,6057327.0,0.0
2026-09-13,Jorge de Frutos,Rayo Vallecano de Madrid,PD,,27.444216290212182,5984525.0,1.0,0.95,0.0,0,0,0,5685299.0,-5.0
2026-09-13,Alexander Bernhardsson,Holstein Kiel,BL1,,25.897330595482547,5853832.5,1.0,0.95,0.0,0,0,0,5561141.0,-5.0
2026-09-13,Ludovic Ajorque,Stade Brestois 29,FL1,,30.431211498973305,5791578.5,0.91,0.82,0.2,1,0,3,4321676.0,-25.4
2026-09-13,Iago Aspas,RC Celta de Vigo,PD,,37.002053388090346,5755569.0,0.91,0.65,0.2,1,0,5,3404419.0,-40.9
2026-09-13,Goduine Koyalipou,Racing Club de Lens,FL1,,24.459958932238195,5751393.0,1.0,1.0,0.0,0,0,0,5751393.0,0.0
2026-09-13,Lukas Kübler,SC Freiburg,BL1,,31.920602327173167,5677350.0,1.0,0.82,0.0,0,0,0,4655427.0,-18.0
2026-09-13,Vincent Sierro,Toulouse FC,FL1,,28.815879534565365,5655609.5,1.0,0.95,0.0,0,0,0,5372829.0,-5.0
2026-09-13,Jamie Bynoe-Gittens,Borussia Dortmund,BL1,,19.980835044490075,5647773.0,1.0,1.0,0.0,0,0,0,5647773.0,0.0
2026-09-13,Nicolás Tagliafico,Olympique Lyonnais,FL1,,31.91786447638604,5583891.0,1.0,0.82,0.0,0,0,0,4578791.0,-18.0
2026-09-13,Isi Palazón,Rayo Vallecano de Madrid,PD,,29.59616700889801,5550458.5,1.0,0.95,0.0,0,0,0,5272936.0,-5.0
2026-09-13,Desire Doue,Paris Saint-Germain FC,FL1,,19.16221765913758,5527875.5,1.0,1.0,0.0,0,0,0,5527876.0,0.0
2026-09-13,Adam Hložek,TSG 1899 Hoffenheim,BL1,,22.02053388090349,5509339.5,0.97,1.0,0.4,2,0,3,5344059.0,-3.0
2026-09-13,Carlos Vicente,Deportivo Alavés,PD,,25.27583846680356,5506151.0,1.0,0.95,0.0,0,0,0,5230843.0,-5.0
2026-09-13,Selim Amallah,Real Valladolid CF,PD,,27.709787816564,5474682.5,1.0,0.95,0.0,0,0,0,5200948.0,-5.0
2026-09-13,Chrisantus,Getafe CF,PD,,21.204654346338124,5463224.0,1.0,1.0,0.0,0,0,0,5463224.0,0.0
2026-09-13,Hugo Alvarez,RC Celta de Vigo,PD,,21.08418891170432,5421231.0,1.0,1.0,0.0,0,0,0,5421231.0,0.0
2026-09-13,Khéphren Thuram-Ulie,Juventus FC,SA,,23.351129363449694,5390581.5,1.0,1.0,0.0,0,0,0,5390582.0,0.0
2026-09-13,Felix Lemarechal,RC Strasbourg Alsace,FL1,,20.985626283367555,5377345.0,1.0,1.0,0.0,0,0,0,5377345.0,0.0
2026-09-13,Joao Neves,Paris Saint-Germain FC,FL1,,19.84394250513347,5349284.5,1.0,1.0,0.0,0,0,0,5349284.0,-0.0
2026-09-13,Alfonso González,RC Celta de Vigo,PD,,25.245722108145102,5345506.0,1.0,0.95,0.0,0,0,0,5078231.0,-5.0
2026-09-13,Marius Bülter,TSG 1899 Hoffenheim,BL1,,31.342915811088297,5320143.0,1.0,0.82,0.0,0,0,0,4362517.0,-18.0
2026-09-13,André Zambo Anguissa,SSC Napoli,SA,,28.709103353867214,5315355.5,1.0,0.95,0.0,0,0,0,5049588.0,-5.0
2026-09-13,Florian Thauvin,Udinese Calcio,SA,,31.512662559890487,5261066.0,1.03,0.82,0.6,3,1,3,4443496.0,-15.5
2026-09-13,Phil Harres,Holstein Kiel,BL1,,22.354551676933607,5153234.5,1.0,1.0,0.0,0,0,0,5153234.0,-0.0
2026-09-13,Shavy Warren Babicka,Toulouse FC,FL1,,24.16700889801506,5133472.0,1.0,1.0,0.0,0,0,0,5133472.0,0.0
2026-09-13,Pablo Duran,RC Celta de Vigo,PD,,23.18685831622177,5115634.0,1.0,1.0,0.0,0,0,0,5115634.0,0.0
2026-09-13,Léo Scienza,1. FC Heidenheim 1846,BL1,,25.883641341546884,5088682.5,1.0,0.95,0.0,0,0,0,4834248.0,-5.0
2026-09-13,Daniel Vivian,Athletic Club,PD,,25.07597535934292,5081975.0,1.0,0.95,0.0,0,0,0,4827876.0,-5.0
2026-09-13,Unai López,Rayo Vallecano de Madrid,PD,,28.75564681724846,5046150.5,1.0,0.95,0.0,0,0,0,4793843.0,-5.0
2026-09-13,Raúl,CA Osasuna,PD,,23.742642026009584,4998060.0,1.0,1.0,0.0,0,0,0,4998060.0,0.0
2026-09-13,Jofre Carreras Pagès,RCD Espanyol de Barcelona,PD,,23.123887748117728,4971656.5,1.0,1.0,0.0,0,0,0,4971656.0,-0.0
2026-09-13,Munir El Haddadi,CD Leganés,PD,,28.91718001368925,4959902.5,1.0,0.95,0.0,0,0,0,4711907.0,-5.0
2026-09-13,Rubén García,CA Osasuna,PD,,31.04996577686516,4902735.0,1.0,0.82,0.0,0,0,0,4020243.0,-18.0
2026-09-13,Hákon Haraldsson,Lille OSC,FL1,,21.31143052703628,4835571.0,0.91,1.0,0.2,1,0,3,4400370.0,-9.0
2026-09-13,Joakim Mæhle,VfL Wolfsburg,BL1,,27.200547570157426,4776191.5,1.0,0.95,0.0,0,0,0,4537382.0,-5.0
2026-09-13,Hernani,Parma Calcio 1913,SA,,30.349075975359344,4771506.5,1.0,0.82,0.0,0,0,0,3912635.0,-18.0
2026-09-13,Tim Weah,Juventus FC,SA,,24.44079397672827,4752668.5,1.0,1.0,0.0,0,0,0,4752668.0,-0.0
2026-09-13,Jonathan Clauss,OGC Nice,FL1,,31.84941820670773,4734993.0,1.0,0.82,0.0,0,0,0,3882694.0,-18.0
2026-09-13,Douglas Augusto,FC Nantes,FL1,,27.548254620123203,4711628.5,1.0,0.95,0.0,0,0,0,4476047.0,-5.0
2026-09-13,Lucas Stassin,AS Saint-Étienne,FL1,,19.67145790554415,4583019.0,0.91,1.0,0.2,1,0,2,4170547.0,-9.0
2026-09-13,Junya Ito,Stade de Reims,FL1,,31.39767282683093,4570204.5,1.0,0.82,0.0,0,0,0,3747568.0,-18.0
2026-09-13,Marten de Roon,Atalanta BC,SA,,33.34428473648186,4519329.5,1.0,0.82,0.0,0,0,0,3705850.0,-18.0
2026-09-13,RamónTerrats Espacio,Getafe CF,PD,,23.786447638603697,4483339.0,1.0,1.0,0.0,0,0,0,4483339.0,0.0
2026-09-13,Ado Onaiwu,AJ Auxerre,FL1,,28.73100616016427,4395814.0,1.0,0.95,0.0,0,0,0,4176023.0,-5.0
2026-09-13,Myron Boadu,VfL Bochum 1848,BL1,,23.54551676933607,4384464.0,1.0,1.0,0.0,0,0,0,4384464.0,0.0
2026-09-13,Brahim Diaz,Real Madrid CF,PD,,24.996577686516083,4381621.5,1.0,1.0,0.0,0,0,0,4381622.0,0.0
2026-09-13,Santiago Pierotti,US Lecce,SA,,23.32922655715264,4341809.5,1.0,1.0,0.0,0,0,0,4341810.0,0.0
2026-09-13,Alexandre Lacazette,Olympique Lyonnais,FL1,,33.18001368925393,4319025.5,1.0,0.82,0.0,0,0,0,3541601.0,-18.0
2026-09-13,Cristhian Stuani,Girona FC,PD,,37.804243668720055,4300308.5,1.0,0.65,0.0,0,0,0,2795201.0,-35.0
2026-09-13,Juanlu,Sevilla FC,PD,,20.9637234770705,4213378.5,1.0,1.0,0.0,0,0,0,4213378.0,-0.0
2026-09-13,Enrico Del Prato,Parma Calcio 1913,SA,,24.725530458590008,4191316.25,1.0,1.0,0.0,0,0,0,4191316.0,-0.0
2026-09-13,Ibrahima Niane,Angers SCO,FL1,,25.39356605065024,4149496.25,1.0,0.95,0.0,0,0,0,3942021.0,-5.0
2026-09-13,Aitor Paredes Casamichana,Athletic Club,PD,,24.257357973990416,4137081.0,0.91,1.0,0.2,1,0,5,3764744.0,-9.0
2026-09-13,Oladapo Afolayan,FC St. Pauli 1910,BL1,,26.466803559206024,4107353.0,1.0,0.95,0.0,0,0,0,3901985.0,-5.0
2026-09-13,Matúš Bero,VfL Bochum 1848,BL1,,28.903490759753595,4105563.25,1.0,0.95,0.0,0,0,0,3900285.0,-5.0
2026-09-13,Albert Guðmundsson,ACF Fiorentina,SA,,27.129363449692,4101912.0,0.91,0.95,0.2,1,0,4,3546103.0,-13.5
2026-09-13,Mathias Honsak,1. FC Heidenheim 1846,BL1,,27.61396303901437,4094451.0,1.0,0.95,0.0,0,0,0,3889728.0,-5.0
2026-09-13,Andrej Kramarić,TSG 1899 Hoffenheim,BL1,,33.11978097193703,4059102.25,1.0,0.82,0.0,0,0,0,3328464.0,-18.0
2026-09-13,Jeong Wooyeong,1. FC Union Berlin,BL1,,24.865160848733744,4050231.75,1.0,1.0,0.0,0,0,0,4050232.0,0.0
2026-09-13,Rasmus Kristensen,Eintracht Frankfurt,BL1,,27.05817932922656,4044607.75,1.0,0.95,0.0,0,0,0,3842377.0,-5.0
2026-09-13,Philipp Hofmann,VfL Bochum 1848,BL1,,31.34017796030116,4026143.0,1.0,0.82,0.0,0,0,0,3301437.0,-18.0
2026-09-13,Irvin Cardona,AS Saint-Étienne,FL1,,26.981519507186857,3999195.0,1.0,0.95,0.0,0,0,0,3799235.0,-5.0
2026-09-13,Jan Schöppner,1. FC Heidenheim 1846,BL1,,25.138945927446954,3964816.0,1.0,0.95,0.0,0,0,0,3766575.0,-5.0
2026-09-13,Joan Jordán,Deportivo Alavés,PD,,30.072553045859,3916058.0,1.0,0.82,0.0,0,0,0,3211168.0,-18.0
2026-09-13,Marko Arnautovic,FC Internazionale Milano,SA,,35.285420944558524,3896619.0,1.0,0.65,0.0,0,0,0,2532802.0,-35.0
2026-09-13,Felix Kalu Nmecha,Borussia Dortmund,BL1,,23.80835044490076,3886087.0,0.97,1.0,0.4,2,0,3,3769504.0,-3.0
2026-09-13,Mohamed Cho,OGC Nice,FL1,,20.53388090349076,3816102.0,1.0,1.0,0.0,0,0,0,3816102.0,0.0
2026-09-13,Pedro,SS Lazio,SA,,37.01300479123888,3809008.5,1.0,0.65,0.0,0,0,0,2475856.0,-35.0
2026-09-13,Dany Mota Carvalho,AC Monza,SA,,26.250513347022583,3790682.75,1.0,0.95,0.0,0,0,0,3601149.0,-5.0
2026-09-13,Matias Soule,AS Roma,SA,,21.297741273100616,3777046.0,1.01,1.0,0.5333,2,1,3,3814816.0,1.0
2026-09-13,Przemysław Frankowski,Racing Club de Lens,FL1,,29.305954825462013,3767631.25,0.95,0.95,0.3333,1,1,4,3400287.0,-9.8
2026-09-13,Gift Orban,TSG 1899 Hoffenheim,BL1,,22.04243668720055,3735210.75,1.0,1.0,0.0,0,0,0,3735211.0,0.0
2026-09-13,Ibrahim Sissoko,AS Saint-Étienne,FL1,,28.67898699520876,3718002.5,1.0,0.95,0.0,0,0,0,3532102.0,-5.0
2026-09-13,Abdoulaye Touré,Le Havre AC,FL1,,30.41478439425052,3707719.75,1.0,0.82,0.0,0,0,0,3040330.0,-18.0
2026-09-13,Andrej Ilic,1. FC Union Berlin,BL1,,24.32854209445585,3706853.75,1.0,1.0,0.0,0,0,0,3706854.0,0.0
2026-09-13,Ali El Abdi,OGC Nice,FL1,,30.61464750171116,3695815.75,1.0,0.82,0.0,0,0,0,3030569.0,-18.0
2026-09-13,Issa Soumaré,Le Havre AC,FL1,,23.80835044490076,3695755.75,1.0,1.0,0.0,0,0,0,3695756.0,0.0
2026-09-13,Elias Saad,FC St. Pauli 1910,BL1,,24.5968514715948,3562154.75,1.0,1.0,0.0,0,0,0,3562155.0,0.0
2026-09-13,Oumar Diakite,Stade de Reims,FL1,,20.61601642710472,3552330.25,1.0,1.0,0.0,0,0,0,3552330.0,-0.0
2026-09-13,Carlos Gómez,Stade Rennais FC 1901,FL1,,21.88637919233402,3402073.75,1.0,1.0,0.0,0,0,0,3402074.0,0.0
2026-09-13,Mamadou Sylla,Real Valladolid CF,PD,,30.368240930869263,3297484.75,1.0,0.82,0.0,0,0,0,2703937.0,-18.0
2026-09-13,Jubal Júnior,AJ Auxerre,FL1,,30.924024640657084,3294530.0,1.0,0.82,0.0,0,0,0,2701515.0,-18.0
2026-09-13,Álvaro García,Rayo Vallecano de Madrid,PD,,31.761806981519506,3292585.75,0.95,0.82,0.3333,1,1,5,2564924.0,-22.1
2026-09-13,Matteo Darmian,FC Internazionale Milano,SA,,34.66392881587954,3268168.5,1.0,0.65,0.0,0,0,0,2124310.0,-35.0
2026-09-13,Haris Tabaković,TSG 1899 Hoffenheim,BL1,,30.11635865845312,3246937.75,1.0,0.82,0.0,0,0,0,2662489.0,-18.0
2026-09-13,Adrian Beck,1. FC Heidenheim 1846,BL1,,27.145790554414784,3242079.75,1.0,0.95,0.0,0,0,0,3079976.0,-5.0
2026-09-13,Álex Muñoz,UD Las Palmas,PD,,30.00684462696783,3222911.5,1.0,0.82,0.0,0,0,0,2642787.0,-18.0
2026-09-13,Yaser Asprilla,Girona FC,PD,,20.700889801505816,3028421.75,1.0,1.0,0.0,0,0,0,3028422.0,0.0
2026-09-13,André Ayew,Le Havre AC,FL1,,34.62286105407255,3022671.25,1.0,0.65,0.0,0,0,0,1964736.0,-35.0
2026-09-13,Steven Skrzybski,Holstein Kiel,BL1,,31.7015742642026,3018799.5,1.0,0.82,0.0,0,0,0,2475416.0,-18.0
2026-09-13,Dani Parejo,Villarreal CF,PD,,35.29363449691992,2899648.0,1.0,0.65,0.0,0,0,0,1884771.0,-35.0
2026-09-13,Kike García,Deportivo Alavés,PD,,34.68309377138946,2843870.25,1.0,0.65,0.0,0,0,0,1848516.0,-35.0
2026-09-13,Ahmadou Bamba Dieng,Angers SCO,FL1,,24.358658453114305,2750391.75,1.0,1.0,0.0,0,0,0,2750392.0,0.0
2026-09-13,Kenny Lala,Stade Brestois 29,FL1,,32.82956878850103,2748768.75,1.0,0.82,0.0,0,0,0,2253990.0,-18.0
2026-09-13,Willi Orban,RB Leipzig,BL1,,31.742642026009584,2743190.75,1.0,0.82,0.0,0,0,0,2249416.0,-18.0
2026-09-13,Orri Oskarsson,Real Sociedad de Fútbol,PD,,19.923340177960306,2617992.75,0.91,1.0,0.2,1,0,5,2382373.0,-9.0
2026-09-13,Joshua King,Toulouse FC,FL1,,32.544832306639286,2601868.75,0.97,0.82,0.4,2,0,4,2069526.0,-20.5
2026-09-13,Duván Zapata,Torino FC,SA,,33.33607118412046,2482891.0,1.0,0.82,0.0,0,0,0,2035971.0,-18.0
2026-09-13,Arouna Sangante,Le Havre AC,FL1,,22.305270362765228,2438104.25,1.0,1.0,0.0,0,0,0,2438104.0,-0.0
2026-09-13,Santiago Giménez,AC Milan,SA,,23.28815879534565,2391526.25,1.0,1.0,0.0,0,0,0,2391526.0,-0.0
2026-09-13,Jamie Vardy,Leicester City FC,PL,,37.55509924709104,2349756.5,1.0,0.65,0.0,0,0,0,1527342.0,-35.0
2026-09-13,Leandro Cabrera,RCD Espanyol de Barcelona,PD,,33.125256673511295,2273735.75,1.0,0.82,0.0,0,0,0,1864463.0,-18.0
2026-09-13,Adam Marušić,SS Lazio,SA,,31.789185489390828,2133137.25,1.0,0.82,0.0,0,0,0,1749173.0,-18.0
2026-09-13,Sepe Elye Wahi,Olympique de Marseille,FL1,,21.579739904175224,1825420.0,0.91,1.0,0.2,1,0,3,1661132.0,-9.0
2026-09-13,Vítor Roque,Real Betis Balompié,PD,,19.42231348391513,1744017.0,1.0,1.0,0.0,0,0,0,1744017.0,0.0
2026-09-13,Dani Rodríguez,RCD Mallorca,PD,,36.1533196440794,1355529.25,1.0,0.65,0.0,0,0,0,881094.0,-35.0
2026-09-13,Milan Đurić,Parma Calcio 1913,SA,,34.195756331279945,704353.6875,1.0,0.65,0.0,0,0,0,457830.0,-35.0
2026-09-14,Kylian Mbappé,Real Madrid CF,PD,,25.61533196440794,124040408.0,1.15,0.95,1.0,6,1,5,135514146.0,9.3
2026-09-14,Erling Haaland,Manchester City FC,PL,,24.030116358658454,120039632.0,1.09,1.0,0.8,4,0,4,130843199.0,9.0
2026-09-14,Florian Wirtz,Bayer 04 Leverkusen,BL1,,21.24845995893224,119180016.0,1.0,1.0,0.0,0,0,0,119180016.0,0.0
2026-09-14,Ousmane Dembélé,Paris Saint-Germain FC,FL1,,27.21423682409309,114443256.0,1.0,0.95,0.0,0,0,0,108721093.0,-5.0
2026-09-14,Vinicius Junior,Real Madrid CF,PD,,24.05475701574264,107915656.0,1.03,1.0,0.6,1,3,5,111153126.0,3.0
2026-09-14,Declan Rice,Arsenal FC,PL,,25.54688569472964,102920032.0,1.0,0.95,0.0,0,0,0,97774030.0,-5.0
2026-09-14,Bukayo Saka,Arsenal FC,PL,,22.90485968514716,100040088.0,1.03,1.0,0.6,3,0,4,103041291.0,3.0
2026-09-14,Raphinha,FC Barcelona,PD,,27.630390143737166,92569968.0,1.15,0.95,1.0,6,2,5,101132690.0,9.2
2026-09-14,Jude Bellingham,Real Madrid CF,PD,,21.09240246406571,90665816.0,1.11,1.0,0.8667,3,2,5,100639056.0,11.0
2026-09-14,Dominik Szoboszlai,Liverpool FC,PL,,23.76728268309377,89493208.0,0.91,1.0,0.2,1,0,4,81438819.0,-9.0
2026-09-14,Luis Díaz,Liverpool FC,PL,,27.548254620123203,88083736.0,0.91,0.95,0.2,1,0,3,76148390.0,-13.5
2026-09-14,Xavi Simons,RB Leipzig,BL1,,21.281314168377826,87278152.0,1.0,1.0,0.0,0,0,0,87278152.0,0.0
2026-09-14,Bryan Mbeumo,Brentford FC,PL,,24.985626283367555,86841600.0,0.97,1.0,0.4,2,0,4,84236352.0,-3.0
2026-09-14,Michael Olise,FC Bayern München,BL1,,22.63655030800821,86521680.0,0.91,1.0,0.2,1,0,3,78734729.0,-9.0
2026-09-14,Jonathan David,Lille OSC,FL1,,24.54757015742642,85452208.0,0.91,1.0,0.2,1,0,2,77761509.0,-9.0
2026-09-14,Nicolas Jackson,Chelsea FC,PL,,23.11567419575633,85393064.0,1.0,1.0,0.0,0,0,0,85393064.0,0.0
2026-09-14,Cody Gakpo,Liverpool FC,PL,,25.23750855578371,85159496.0,1.03,0.95,0.6,1,3,4,83328567.0,-2.1
2026-09-14,Phil Foden,Manchester City FC,PL,,24.177960301163587,83639888.0,1.0,1.0,0.0,0,0,0,83639888.0,0.0
2026-09-14,Enzo Fernández,Chelsea FC,PL,,23.537303216974674,83538968.0,1.0,1.0,0.0,0,0,0,83538968.0,0.0
2026-09-14,Federico Valverde,Real Madrid CF,PD,,26.028747433264886,83363720.0,1.0,0.95,0.0,0,0,0,79195534.0,-5.0
2026-09-14,Bradley Barcola,Paris Saint-Germain FC,FL1,,21.913757700205338,82975072.0,1.0,1.0,0.0,0,0,0,82975072.0,0.0
2026-09-14,Lamine Yamal,FC Barcelona,PD,,17.05407255304586,79266632.0,1.15,1.0,1.0,6,0,5,91156627.0,15.0
2026-09-14,Omar Marmoush,Eintracht Frankfurt,BL1,,25.481177275838466,78947208.0,1.0,0.95,0.0,0,0,0,74999848.0,-5.0
2026-09-14,Liam Delap,Ipswich Town FC,PL,,21.47843942505133,77898368.0,0.91,1.0,0.2,1,0,3,70887515.0,-9.0
2026-09-14,Pedri,FC Barcelona,PD,,21.683778234086244,76792840.0,0.95,1.0,0.3333,1,1,5,72953198.0,-5.0
2026-09-14,Jamal Musiala,FC Bayern München,BL1,,21.429158110882955,76388768.0,1.0,1.0,0.0,0,0,0,76388768.0,0.0
2026-09-14,Pedro Neto,Chelsea FC,PL,,24.39698836413416,74498632.0,0.91,1.0,0.2,1,0,4,67793755.0,-9.0
2026-09-14,Matheus Cunha,Wolverhampton Wanderers FC,PL,,25.182751540041068,74328448.0,1.0,0.95,0.0,0,0,0,70612026.0,-5.0
2026-09-14,Cole Palmer,Chelsea FC,PL,,22.23956194387405,74268504.0,1.05,1.0,0.6667,2,2,4,77981929.0,5.0
2026-09-14,Dejan Kulusevski,Tottenham Hotspur FC,PL,,24.268309377138944,71574152.0,1.0,1.0,0.0,0,0,0,71574152.0,0.0
2026-09-14,Eberechi Eze,Crystal Palace FC,PL,,26.091718001368925,71436952.0,1.0,0.95,0.0,0,0,0,67865104.0,-5.0
2026-09-14,Dani Olmo,FC Barcelona,PD,,26.236824093086927,70578968.0,1.0,0.95,0.0,0,0,0,67050020.0,-5.0
2026-09-14,Noni Madueke,Chelsea FC,PL,,22.39561943874059,70232368.0,1.0,1.0,0.0,0,0,0,70232368.0,0.0
2026-09-14,Amad Diallo,Manchester United FC,PL,,22.05886379192334,68797144.0,1.0,1.0,0.0,0,0,0,68797144.0,0.0
2026-09-14,Achraf Hakimi,Paris Saint-Germain FC,FL1,,25.741273100616016,68712432.0,1.0,0.95,0.0,0,0,0,65276810.0,-5.0
2026-09-14,Anthony Elanga,Nottingham Forest FC,PL,,22.26420260095825,67697480.0,0.97,1.0,0.4,2,0,3,65666556.0,-3.0
2026-09-14,Christian Pulisic,AC Milan,SA,,25.869952087611225,67456712.0,1.0,0.95,0.0,0,0,0,64083876.0,-5.0
2026-09-14,Álex Baena,Villarreal CF,PD,,23.033538672142367,66990892.0,1.07,1.0,0.7333,3,1,5,71680254.0,7.0
2026-09-14,Mohammed Kudus,West Ham United FC,PL,,23.99726214921287,66463860.0,1.0,1.0,0.0,0,0,0,66463860.0,0.0
2026-09-14,Kang-in Lee,Paris Saint-Germain FC,FL1,,23.44695414099932,66337464.0,0.95,1.0,0.3333,1,1,5,63020591.0,-5.0
2026-09-14,Marcus Rashford,Aston Villa FC,PL,,26.751540041067763,66229748.0,1.0,0.95,0.0,0,0,0,62918261.0,-5.0
2026-09-14,Bruno Guimarães,Newcastle United FC,PL,,26.70773442847365,66094216.0,0.91,0.95,0.2,1,0,3,57138450.0,-13.5
2026-09-14,Alexander Sørloth,Club Atlético de Madrid,PD,,28.657084188911703,66040408.0,1.0,0.95,0.0,0,0,0,62738388.0,-5.0
2026-09-14,James Maddison,Tottenham Hotspur FC,PL,,27.68788501026694,64216564.0,1.0,0.95,0.0,0,0,0,61005736.0,-5.0
2026-09-14,Andrey Santos,RC Strasbourg Alsace,FL1,,20.246406570841888,64151316.0,1.0,1.0,0.0,0,0,0,64151316.0,0.0
2026-09-14,João Pedro,Brighton & Hove Albion FC,PL,,22.847364818617383,63838108.0,1.09,1.0,0.8,3,3,4,69583538.0,9.0
2026-09-14,Darwin Núñez,Liverpool FC,PL,,25.10609171800137,63526432.0,1.0,0.95,0.0,0,0,0,60350110.0,-5.0
2026-09-14,Anthony Gordon,Newcastle United FC,PL,,23.43326488706365,62916756.0,1.0,1.0,0.0,0,0,0,62916756.0,0.0
2026-09-14,Harry Kane,FC Bayern München,BL1,,31.01163586584531,62613520.0,0.91,0.82,0.2,1,0,3,46722209.0,-25.4
2026-09-14,Sandro Tonali,Newcastle United FC,PL,,24.23271731690623,62563976.0,1.0,1.0,0.0,0,0,0,62563976.0,0.0
2026-09-14,Alexis Mac Allister,Liverpool FC,PL,,25.60438056125941,61968148.0,1.0,0.95,0.0,0,0,0,58869741.0,-5.0
2026-09-14,Alexander Isak,Newcastle United FC,PL,,24.862422997946613,61705132.0,1.03,1.0,0.6,3,0,4,63556286.0,3.0
2026-09-14,Morgan Rogers,Aston Villa FC,PL,,22.01779603011636,59788984.0,1.07,1.0,0.7333,3,1,4,63974213.0,7.0
2026-09-14,Kaoru Mitoma,Brighton & Hove Albion FC,PL,,27.200547570157426,59384156.0,1.0,0.95,0.0,0,0,0,56414948.0,-5.0
2026-09-14,Dominic Solanke,Tottenham Hotspur FC,PL,,26.88021902806297,59148692.0,1.0,0.95,0.0,0,0,0,56191257.0,-5.0
2026-09-14,Rafael Leão,AC Milan,SA,,25.144421629021217,58969584.0,1.0,0.95,0.0,0,0,0,56021105.0,-5.0
2026-09-14,Diogo Jota,Liverpool FC,PL,,27.65776865160849,58790236.0,1.0,0.95,0.0,0,0,0,55850724.0,-5.0
2026-09-14,Yoane Wissa,Brentford FC,PL,,27.90965092402464,58614000.0,0.95,0.95,0.3333,1,1,3,52899135.0,-9.8
2026-09-14,Leandro Trossard,Arsenal FC,PL,,29.659137577002053,58096884.0,1.0,0.95,0.0,0,0,0,55192040.0,-5.0
2026-09-14,Nick Woltemade,VfB Stuttgart,BL1,,22.46132785763176,58082592.0,1.0,1.0,0.0,0,0,0,58082592.0,0.0
2026-09-14,Antoine Semenyo,AFC Bournemouth,PL,,24.566735112936342,57861224.0,1.0,1.0,0.0,0,0,0,57861224.0,0.0
2026-09-14,Rodrygo,Real Madrid CF,PD,,23.55920602327173,56463224.0,1.0,1.0,0.0,0,0,0,56463224.0,0.0
2026-09-14,Bruno Fernandes,Manchester United FC,PL,,29.897330595482547,56254684.0,1.07,0.95,0.7333,3,1,4,57182886.0,1.6
2026-09-14,Rayan Cherki,Olympique Lyonnais,FL1,,20.95824777549624,56229044.0,1.05,1.0,0.6667,2,2,4,59040496.0,5.0
2026-09-14,Gonçalo Ramos,Paris Saint-Germain FC,FL1,,23.11567419575633,56096108.0,0.91,1.0,0.2,1,0,4,51047458.0,-9.0
2026-09-14,Mikel Merino,Arsenal FC,PL,,28.109514031485283,54806364.0,1.0,0.95,0.0,0,0,0,52066046.0,-5.0
2026-09-14,Loïs Openda,RB Leipzig,BL1,,24.45722108145106,54588632.0,0.95,1.0,0.3333,1,1,4,51859200.0,-5.0
2026-09-14,Lautaro Martínez,FC Internazionale Milano,SA,,26.94318959616701,53912332.0,0.97,0.95,0.4,2,0,3,49680214.0,-7.8
2026-09-14,Fermín López,FC Barcelona,PD,,21.22655715263518,52869776.0,1.15,1.0,1.0,4,2,5,60800242.0,15.0
2026-09-14,Morgan Gibbs-White,Nottingham Forest FC,PL,,24.511978097193705,52853744.0,0.99,1.0,0.4667,1,2,4,52325207.0,-1.0
2026-09-14,Dušan Vlahović,Juventus FC,SA,,24.50924024640657,52533536.0,1.0,1.0,0.0,0,0,0,52533536.0,0.0
2026-09-14,Brennan Johnson,Tottenham Hotspur FC,PL,,23.19233401779603,52377656.0,1.0,1.0,0.0,0,0,0,52377656.0,0.0
2026-09-14,Justin Kluivert,AFC Bournemouth,PL,,25.24298425735797,52331320.0,0.91,0.95,0.2,1,0,4,45240426.0,-13.6
2026-09-14,Conor Gallagher,Club Atlético de Madrid,PD,,24.484599589322382,52011500.0,1.0,1.0,0.0,0,0,0,52011500.0,0.0
2026-09-14,Leroy Sané,FC Bayern München,BL1,,28.555783709787818,51825924.0,1.0,0.95,0.0,0,0,0,49234628.0,-5.0
2026-09-14,Jacob Murphy,Newcastle United FC,PL,,29.43463381245722,51423296.0,1.0,0.95,0.0,0,0,0,48852131.0,-5.0
2026-09-14,Omar Marmoush,Manchester City FC,PL,,25.481177275838466,50945324.0,1.0,0.95,0.0,0,0,0,48398058.0,-5.0
2026-09-14,Tijjani Reijnders,AC Milan,SA,,26.00958247775496,50386472.0,1.0,0.95,0.0,0,0,0,47867148.0,-5.0
2026-09-14,Evann Guessand,OGC Nice,FL1,,23.08555783709788,50236484.0,1.0,1.0,0.0,0,0,0,50236484.0,0.0
2026-09-14,Joshua Zirkzee,Manchester United FC,PL,,23.195071868583163,50069180.0,1.0,1.0,0.0,0,0,0,50069180.0,0.0
2026-09-14,Patrik Schick,Bayer 04 Leverkusen,BL1,,28.52019164955509,49827576.0,1.03,0.95,0.6,3,1,3,48756283.0,-2.2
2026-09-14,Bernardo Silva,Manchester City FC,PL,,29.976728268309376,49424260.0,1.0,0.95,0.0,0,0,0,46953047.0,-5.0
2026-09-14,Harvey Barnes,Newcastle United FC,PL,,26.64476386036961,48698580.0,0.91,0.95,0.2,1,0,3,42099922.0,-13.6
2026-09-14,Ritsu Doan,SC Freiburg,BL1,,26.127310061601644,48569084.0,1.0,0.95,0.0,0,0,0,46140630.0,-5.0
2026-09-14,Ismaïla Sarr,Crystal Palace FC,PL,,26.431211498973305,48392100.0,1.0,0.95,0.0,0,0,0,45972495.0,-5.0
2026-09-14,Ollie Watkins,Aston Villa FC,PL,,28.588637919233403,48138200.0,1.0,0.95,0.0,0,0,0,45731290.0,-5.0
2026-09-14,Karim Adeyemi,Borussia Dortmund,BL1,,22.535249828884325,47675208.0,1.01,1.0,0.5333,2,1,5,48151960.0,1.0
2026-09-14,Evanilson,AFC Bournemouth,PL,,24.82135523613963,47555056.0,1.0,1.0,0.0,0,0,0,47555056.0,0.0
2026-09-14,Alejandro Garnacho,Manchester United FC,PL,,20.08487337440109,46696584.0,1.0,1.0,0.0,0,0,0,46696584.0,0.0
2026-09-14,Dango Ouattara,AFC Bournemouth,PL,,22.469541409993155,46576768.0,1.0,1.0,0.0,0,0,0,46576768.0,0.0
2026-09-14,Nicolò Barella,FC Internazionale Milano,SA,,27.479808350444905,46554652.0,1.0,0.95,0.0,0,0,0,44226919.0,-5.0
2026-09-14,Jørgen Strand Larsen,Wolverhampton Wanderers FC,PL,,24.484599589322382,45821000.0,0.91,1.0,0.2,1,0,4,41697110.0,-9.0
2026-09-14,Fabián Ruiz,Paris Saint-Germain FC,FL1,,28.32854209445585,45476040.0,1.0,0.95,0.0,0,0,0,43202238.0,-5.0
2026-09-14,Maximilian Beier,Borussia Dortmund,BL1,,21.790554414784395,45248920.0,1.0,1.0,0.0,0,0,0,45248920.0,0.0
2026-09-14,Kai Havertz,Arsenal FC,PL,,25.14168377823409,45072340.0,0.97,0.95,0.4,2,0,4,41534161.0,-7.9
2026-09-14,Mateo Retegui,Atalanta BC,SA,,25.259411362080765,44505872.0,1.0,0.95,0.0,0,0,0,42280578.0,-5.0
2026-09-14,Nikola Milenković,Nottingham Forest FC,PL,,26.80355920602328,44461920.0,1.0,0.95,0.0,0,0,0,42238824.0,-5.0
2026-09-14,Georginio Rutter,Brighton & Hove Albion FC,PL,,22.28336755646817,44132580.0,1.0,1.0,0.0,0,0,0,44132580.0,0.0
2026-09-14,Ademola Lookman,Atalanta BC,SA,,26.781656399726216,43972012.0,0.91,0.95,0.2,1,0,5,38013804.0,-13.6
2026-09-14,Khvicha Kvaratskhelia,SSC Napoli,SA,,23.46611909650924,43762836.0,1.0,1.0,0.0,0,0,0,43762836.0,0.0
2026-09-14,Kevin Schade,Brentford FC,PL,,22.6776180698152,43594464.0,1.03,1.0,0.6,3,0,4,44902298.0,3.0
2026-09-14,Jarrod Bowen,West Ham United FC,PL,,28.583162217659137,43388328.0,1.0,0.95,0.0,0,0,0,41218912.0,-5.0
2026-09-14,Lucas Paquetá,West Ham United FC,PL,,26.92950034223135,43105232.0,1.0,0.95,0.0,0,0,0,40949970.0,-5.0
2026-09-14,Richarlison,Tottenham Hotspur FC,PL,,27.227926078028748,42486108.0,1.0,0.95,0.0,0,0,0,40361803.0,-5.0
2026-09-14,Thierno Barry,Villarreal CF,PD,,24.553045859000683,42196748.0,0.91,1.0,0.2,1,0,4,38399041.0,-9.0
2026-09-14,Adrien Rabiot,Olympique de Marseille,FL1,,29.3305954825462,41813064.0,0.99,0.95,0.4667,1,2,4,39325187.0,-5.9
2026-09-14,Dan Ndoye,Bologna FC 1909,SA,,23.76728268309377,41620588.0,0.91,1.0,0.2,1,0,4,37874735.0,-9.0
2026-09-14,Jean-Philippe Mateta,Crystal Palace FC,PL,,27.09377138945928,41611700.0,1.0,0.95,0.0,0,0,0,39531115.0,-5.0
2026-09-14,Julian Brandt,Borussia Dortmund,BL1,,28.249144421629023,41554752.0,1.0,0.95,0.0,0,0,0,39477014.0,-5.0
2026-09-14,Marcus Tavernier,AFC Bournemouth,PL,,25.363449691991782,41240808.0,1.03,0.95,0.6,3,0,4,40354131.0,-2.1
2026-09-14,Randal Kolo Muani,Juventus FC,SA,,25.65639972621492,41211872.0,1.0,0.95,0.0,0,0,0,39151278.0,-5.0
2026-09-14,Jeremie Frimpong,Bayer 04 Leverkusen,BL1,,23.64134154688569,41198668.0,1.0,1.0,0.0,0,0,0,41198668.0,0.0
2026-09-14,Amadou Onana,Aston Villa FC,PL,,22.9596167008898,41137576.0,1.0,1.0,0.0,0,0,0,41137576.0,0.0
2026-09-14,Davide Frattesi,FC Internazionale Milano,SA,,24.85968514715948,40611108.0,1.03,1.0,0.6,3,0,4,41829441.0,3.0
2026-09-14,Mason Greenwood,Olympique de Marseille,FL1,,22.833675564681723,40604680.0,1.0,1.0,0.0,0,0,0,40604680.0,0.0
2026-09-14,Serge Gnabry,FC Bayern München,BL1,,29.05133470225873,40407360.0,1.0,0.95,0.0,0,0,0,38386992.0,-5.0
2026-09-14,Fábio Silva,UD Las Palmas,PD,,22.036960985626283,39928072.0,0.97,1.0,0.4,2,0,3,38730230.0,-3.0
2026-09-14,Federico Dimarco,FC Internazionale Milano,SA,,26.72416153319644,39403404.0,1.0,0.95,0.0,0,0,0,37433234.0,-5.0
2026-09-14,Amine Gouiri,Olympique de Marseille,FL1,,24.45722108145106,39279216.0,1.09,1.0,0.8,4,0,4,42814345.0,9.0
2026-09-14,Iliman Ndiaye,Everton FC,PL,,24.40520191649555,38878432.0,1.0,1.0,0.0,0,0,0,38878432.0,0.0
2026-09-14,Dilane Bakwa,RC Strasbourg Alsace,FL1,,21.932922655715263,38836116.0,0.95,1.0,0.3333,1,1,3,36894310.0,-5.0
2026-09-14,Nikola Krstović,US Lecce,SA,,24.32306639288159,38366168.0,0.91,1.0,0.2,1,0,4,34913213.0,-9.0
2026-09-14,Khvicha Kvaratskhelia,Paris Saint-Germain FC,FL1,,23.46611909650924,38118532.0,1.0,1.0,0.0,0,0,0,38118532.0,0.0
2026-09-14,Callum Hudson-Odoi,Nottingham Forest FC,PL,,23.731690622861056,38004988.0,1.0,1.0,0.0,0,0,0,38004988.0,0.0
2026-09-14,Kingsley Coman,FC Bayern München,BL1,,28.13415468856948,38000856.0,1.0,0.95,0.0,0,0,0,36100813.0,-5.0
2026-09-14,Denzel Dumfries,FC Internazionale Milano,SA,,28.28747433264887,37335792.0,1.0,0.95,0.0,0,0,0,35469002.0,-5.0
2026-09-14,Jonathan Burkardt,1. FSV Mainz 05,BL1,,24.057494866529773,36718692.0,1.01,1.0,0.5333,2,1,3,37085879.0,1.0
2026-09-14,Arnaud Kalimuendo,Stade Rennais FC 1901,FL1,,22.529774127310063,36581888.0,1.0,1.0,0.0,0,0,0,36581888.0,0.0
2026-09-14,Jonathan Tah,Bayer 04 Leverkusen,BL1,,28.470910335386723,36350624.0,1.0,0.95,0.0,0,0,0,34533093.0,-5.0
2026-09-14,Rasmus Højlund,Manchester United FC,PL,,21.489390828199863,36232740.0,0.97,1.0,0.4,2,0,4,35145758.0,-3.0
2026-09-14,Francisco Conceição,Juventus FC,SA,,21.631759069130734,36033156.0,1.0,1.0,0.0,0,0,0,36033156.0,0.0
2026-09-14,Alex Iwobi,Fulham FC,PL,,28.246406570841888,35952696.0,1.0,0.95,0.0,0,0,0,34155061.0,-5.0
2026-09-14,Leon Goretzka,FC Bayern München,BL1,,29.4839151266256,35902740.0,1.0,0.95,0.0,0,0,0,34107603.0,-5.0
2026-09-14,Harry Wilson,Fulham FC,PL,,27.362080766598226,35638836.0,1.0,0.95,0.0,0,0,0,33856894.0,-5.0
2026-09-14,Alexis Saelemaekers,AS Roma,SA,,25.097878165639973,35198784.0,1.0,0.95,0.0,0,0,0,33438845.0,-5.0
2026-09-14,Charles De Ketelaere,Atalanta BC,SA,,23.394934976043807,35098824.0,1.0,1.0,0.0,0,0,0,35098824.0,0.0
2026-09-14,Luis Henrique,Olympique de Marseille,FL1,,22.63107460643395,34843224.0,1.0,1.0,0.0,0,0,0,34843224.0,0.0
2026-09-14,Mohamed Salah,Liverpool FC,PL,,32.12867898699521,34508960.0,1.0,0.82,0.0,0,0,0,28297347.0,-18.0
2026-09-14,Mikel Oyarzabal,Real Sociedad de Fútbol,PD,,27.27994524298425,34161672.0,1.0,0.95,0.0,0,0,0,32453588.0,-5.0
2026-09-14,Ryan Sessegnon,Fulham FC,PL,,24.205338809034902,34112380.0,1.0,1.0,0.0,0,0,0,34112380.0,0.0
2026-09-14,Ange-Yoan Bonny,Parma Calcio 1913,SA,,20.76933607118412,33967984.0,1.0,1.0,0.0,0,0,0,33967984.0,0.0
2026-09-14,Hamed Traoré,AJ Auxerre,FL1,,24.45722108145106,33490064.0,1.0,1.0,0.0,0,0,0,33490064.0,0.0
2026-09-14,Giacomo Raspadori,SSC Napoli,SA,,24.4517453798768,32913544.0,0.91,1.0,0.2,1,0,4,29951325.0,-9.0
2026-09-14,Joelinton,Newcastle United FC,PL,,27.964407939767284,32750852.0,1.0,0.95,0.0,0,0,0,31113309.0,-5.0
2026-09-14,Bafodé Diakité,Lille OSC,FL1,,23.567419575633128,32327092.0,1.0,1.0,0.0,0,0,0,32327092.0,0.0
2026-09-14,Beto,Everton FC,PL,,26.49965776865161,32184420.0,1.0,0.95,0.0,0,0,0,30575199.0,-5.0
2026-09-14,Scott McTominay,SSC Napoli,SA,,27.64681724845996,32164656.0,1.0,0.95,0.0,0,0,0,30556423.0,-5.0
2026-09-14,Ethan Nwaneri,Arsenal FC,PL,,17.366187542778917,31766472.0,1.0,1.0,0.0,0,0,0,31766472.0,0.0
2026-09-14,Dwight McNeil,Everton FC,PL,,24.692676249144423,31749692.0,1.0,1.0,0.0,0,0,0,31749692.0,0.0
2026-09-14,Jhon Durán,Aston Villa FC,PL,,20.635181382614647,31525216.0,1.0,1.0,0.0,0,0,0,31525216.0,0.0
2026-09-14,Ángel Correa,Club Atlético de Madrid,PD,,29.399041752224505,31362624.0,1.0,0.95,0.0,0,0,0,29794493.0,-5.0
2026-09-14,Samuel Chukwueze,AC Milan,SA,,25.196440793976727,31335596.0,1.0,0.95,0.0,0,0,0,29768816.0,-5.0
2026-09-14,Tomáš Souček,West Ham United FC,PL,,29.426420260095824,31289668.0,1.0,0.95,0.0,0,0,0,29725185.0,-5.0
2026-09-14,Victor Boniface,Bayer 04 Leverkusen,BL1,,23.60574948665298,30575516.0,1.0,1.0,0.0,0,0,0,30575516.0,0.0
2026-09-14,Ermedin Demirovic,VfB Stuttgart,BL1,,26.354551676933607,30422988.0,0.91,0.95,0.2,1,0,3,26300673.0,-13.6
2026-09-14,Romelu Lukaku,SSC Napoli,SA,,31.21971252566735,30337632.0,1.0,0.82,0.0,0,0,0,24876858.0,-18.0
2026-09-14,Georges Mikautadze,Olympique Lyonnais,FL1,,23.750855578370977,29855672.0,0.95,1.0,0.3333,1,1,4,28362888.0,-5.0
2026-09-14,Donyell Malen,Borussia Dortmund,BL1,,25.533196440793976,29590636.0,1.03,0.95,0.6,5,0,3,28954437.0,-2.2
2026-09-14,Moise Kean,ACF Fiorentina,SA,,24.424366872005475,29580592.0,1.0,1.0,0.0,0,0,0,29580592.0,0.0
2026-09-14,Emile Smith Rowe,Fulham FC,PL,,24.01095140314853,29504240.0,1.0,1.0,0.0,0,0,0,29504240.0,0.0
2026-09-14,Takefusa Kubo,Real Sociedad de Fútbol,PD,,23.159479808350444,29213060.0,1.0,1.0,0.0,0,0,0,29213060.0,0.0
2026-09-14,Theo Hernández,AC Milan,SA,,26.819986310746064,28687504.0,1.0,0.95,0.0,0,0,0,27253129.0,-5.0
2026-09-14,Maghnes Akliouche,AS Monaco FC,FL1,,22.431211498973305,28385536.0,1.0,1.0,0.0,0,0,0,28385536.0,0.0
2026-09-14,Éderson,Atalanta BC,SA,,25.07049965776865,28100196.0,0.91,0.95,0.2,1,0,4,24292619.0,-13.6
2026-09-14,Rodrigo Muniz,Fulham FC,PL,,23.24435318275154,27995820.0,1.0,1.0,0.0,0,0,0,27995820.0,0.0
2026-09-14,Patrick Dorgu,US Lecce,SA,,19.76454483230664,27979220.0,1.0,1.0,0.0,0,0,0,27979220.0,0.0
2026-09-14,Eljif Elmas,Torino FC,SA,,24.854209445585216,27458576.0,1.0,1.0,0.0,0,0,0,27458576.0,0.0
2026-09-14,Artem Dovbyk,AS Roma,SA,,27.1129363449692,27206360.0,0.91,0.95,0.2,1,0,3,23519898.0,-13.6
2026-09-14,Sebastian Nanasi,RC Strasbourg Alsace,FL1,,22.21218343600274,26354072.0,1.0,1.0,0.0,0,0,0,26354072.0,0.0
2026-09-14,Martinelli,Arsenal FC,PL,,23.1211498973306,26219604.0,1.0,1.0,0.0,0,0,0,26219604.0,0.0
2026-09-14,Pape Gueye,Villarreal CF,PD,,25.51950718685832,26013328.0,0.91,0.95,0.2,1,0,4,22488522.0,-13.6
2026-09-14,Ansgar Knauff,Eintracht Frankfurt,BL1,,22.55715263518138,25940640.0,1.0,1.0,0.0,0,0,0,25940640.0,0.0
2026-09-14,Daniel Muñoz,Crystal Palace FC,PL,,28.18343600273785,25928128.0,1.0,0.95,0.0,0,0,0,24631722.0,-5.0
2026-09-14,Tiago Tomás,VfL Wolfsburg,BL1,,22.127310061601644,25512616.0,1.0,1.0,0.0,0,0,0,25512616.0,0.0
2026-09-14,Denis Zakaria,AS Monaco FC,FL1,,27.696098562628336,24592168.0,1.0,0.95,0.0,0,0,0,23362560.0,-5.0
2026-09-14,Diego López,Valencia CF,PD,,22.220396988364133,24471076.0,1.0,1.0,0.0,0,0,0,24471076.0,0.0
2026-09-14,Ludovic Blas,Stade Rennais FC 1901,FL1,,26.584531143052704,24424584.0,1.0,0.95,0.0,0,0,0,23203355.0,-5.0
2026-09-14,Hugo Larsson,Eintracht Frankfurt,BL1,,20.095824777549623,24140444.0,1.0,1.0,0.0,0,0,0,24140444.0,0.0
2026-09-14,Koni De Winter,Genoa CFC,SA,,22.138261464750173,24138880.0,1.0,1.0,0.0,0,0,0,24138880.0,0.0
2026-09-14,Hakan Çalhanoğlu,FC Internazionale Milano,SA,,30.47775496235456,24000188.0,0.97,0.82,0.4,2,0,3,19089750.0,-20.5
2026-09-14,Neil El Aynaoui,Racing Club de Lens,FL1,,23.082819986310746,23823184.0,1.0,1.0,0.0,0,0,0,23823184.0,0.0
2026-09-14,Jack Hinshelwood,Brighton & Hove Albion FC,PL,,19.307323750855577,23749956.0,0.91,1.0,0.2,2,0,1,21612460.0,-9.0
2026-09-14,Giovani Lo Celso,Real Betis Balompié,PD,,28.31211498973306,23648344.0,1.0,0.95,0.0,0,0,0,22465927.0,-5.0
2026-09-14,Enzo Millot,VfB Stuttgart,BL1,,22.04243668720055,23333768.0,1.0,1.0,0.0,0,0,0,23333768.0,0.0
2026-09-14,Riccardo Orsolini,Bologna FC 1909,SA,,27.51813826146475,22819688.0,1.0,0.95,0.0,0,0,0,21678704.0,-5.0
2026-09-14,Breel Embolo,AS Monaco FC,FL1,,27.460643394934976,22466888.0,1.0,0.95,0.0,0,0,0,21343544.0,-5.0
2026-09-14,Rayan Aït Nouri,Wolverhampton Wanderers FC,PL,,23.15400410677618,22365900.0,1.0,1.0,0.0,0,0,0,22365900.0,0.0
2026-09-14,Deniz Undav,VfB Stuttgart,BL1,,28.03559206023272,22340788.0,1.0,0.95,0.0,0,0,0,21223749.0,-5.0
2026-09-14,Daniel Maldini,Atalanta BC,SA,,22.806297056810404,22129372.0,0.97,1.0,0.4,2,0,4,21465491.0,-3.0
2026-09-14,Habib Diarra,RC Strasbourg Alsace,FL1,,20.577686516084874,21989432.0,1.0,1.0,0.0,0,0,0,21989432.0,0.0
2026-09-14,Raphaël Guerreiro,FC Bayern München,BL1,,30.60917180013689,21963820.0,1.0,0.82,0.0,0,0,0,18010332.0,-18.0
2026-09-14,Oihan Sancet,Athletic Club,PD,,24.268309377138944,21925020.0,0.91,1.0,0.2,1,0,5,19951768.0,-9.0
2026-09-14,Jonas Wind,VfL Wolfsburg,BL1,,25.481177275838466,21905084.0,1.0,0.95,0.0,0,0,0,20809830.0,-5.0
2026-09-14,Kenan Yıldız,Juventus FC,SA,,19.24435318275154,21637124.0,1.0,1.0,0.0,0,0,0,21637124.0,0.0
2026-09-14,Alberto Moleiro,UD Las Palmas,PD,,20.83778234086242,21106896.0,1.0,1.0,0.0,0,0,0,21106896.0,0.0
2026-09-14,Eliesse Ben Seghir,AS Monaco FC,FL1,,19.45516769336071,21106092.0,1.0,1.0,0.0,0,0,0,21106092.0,0.0
2026-09-14,Tammy Abraham,AC Milan,SA,,26.830937713894592,21086252.0,1.0,0.95,0.0,0,0,0,20031939.0,-5.0
2026-09-14,Nico Paz,Como 1907,SA,,19.89596167008898,20909352.0,0.91,1.0,0.2,1,0,3,19027510.0,-9.0
2026-09-14,Roberto Piccoli,Cagliari Calcio,SA,,23.509924709103355,20601996.0,0.91,1.0,0.2,1,0,4,18747816.0,-9.0
2026-09-14,Moses Simon,FC Nantes,FL1,,29.05681040383299,20274120.0,1.0,0.95,0.0,0,0,0,19260414.0,-5.0
2026-09-14,Yangel Herrera,Girona FC,PD,,26.56536618754278,20265768.0,0.9,0.95,0.1667,1,0,6,17327232.0,-14.5
2026-09-14,Tom Bischof,TSG 1899 Hoffenheim,BL1,,19.09377138945928,20089352.0,1.0,1.0,0.0,0,0,0,20089352.0,0.0
2026-09-14,Mario Pašalić,Atalanta BC,SA,,29.475701574264203,20085292.0,1.0,0.95,0.0,0,0,0,19081027.0,-5.0
2026-09-14,Eldor Shomurodov,AS Roma,SA,,29.09240246406571,20019696.0,1.0,0.95,0.0,0,0,0,19018711.0,-5.0
2026-09-14,Cucurella,Chelsea FC,PL,,26.028747433264886,19991764.0,1.0,0.95,0.0,0,0,0,18992176.0,-5.0
2026-09-14,Nico Williams,Athletic Club,PD,,22.05612594113621,19918688.0,0.91,1.0,0.2,1,0,5,18126006.0,-9.0
2026-09-14,Gustav Isaksen,SS Lazio,SA,,23.28542094455852,19690384.0,1.0,1.0,0.0,0,0,0,19690384.0,0.0
2026-09-14,Heung-min Son,Tottenham Hotspur FC,PL,,32.06570841889117,19526048.0,1.0,0.82,0.0,0,0,0,16011359.0,-18.0
2026-09-14,Óscar Mingueza,RC Celta de Vigo,PD,,25.22108145106092,19501784.0,1.0,0.95,0.0,0,0,0,18526695.0,-5.0
2026-09-14,Mika Biereth,AS Monaco FC,FL1,,21.47843942505133,19464324.0,1.0,1.0,0.0,0,0,0,19464324.0,0.0
2026-09-14,Nicolas Pépé,Villarreal CF,PD,,29.177275838466805,19434052.0,0.97,0.95,0.4,2,0,4,17908479.0,-7.8
2026-09-14,Simon Sohm,Parma Calcio 1913,SA,,23.307323750855577,19412640.0,1.0,1.0,0.0,0,0,0,19412640.0,0.0
2026-09-14,Anastasios Douvikas,RC Celta de Vigo,PD,,24.99931553730321,19184792.0,0.97,1.0,0.4,2,0,3,18609248.0,-3.0
2026-09-14,Ridle Baku,RB Leipzig,BL1,,26.31622176591376,19114520.0,0.97,0.95,0.4,2,0,3,17614030.0,-7.9
2026-09-14,Yacine Adli,ACF Fiorentina,SA,,24.0082135523614,19108104.0,1.0,1.0,0.0,0,0,0,19108104.0,0.0
2026-09-14,Zuriko Davitashvili,AS Saint-Étienne,FL1,,23.457905544147845,18922156.0,1.0,1.0,0.0,0,0,0,18922156.0,0.0
2026-09-14,Lorenzo Colombo,Empoli FC,SA,,22.40109514031485,18816812.0,1.0,1.0,0.0,0,0,0,18816812.0,0.0
2026-09-14,Chris Wood,Nottingham Forest FC,PL,,32.65160848733744,18768136.0,1.0,0.82,0.0,0,0,0,15389872.0,-18.0
2026-09-14,Gaetano Oristanio,Venezia FC,SA,,21.842573579739906,18683664.0,1.0,1.0,0.0,0,0,0,18683664.0,0.0
2026-09-14,Shuto Machino,Holstein Kiel,BL1,,24.83778234086242,18640808.0,1.0,1.0,0.0,0,0,0,18640808.0,0.0
2026-09-14,Christian Nørgaard,Brentford FC,PL,,30.39561943874059,18453212.0,1.0,0.82,0.0,0,0,0,15131634.0,-18.0
2026-09-14,Santiago Castro,Bologna FC 1909,SA,,19.86858316221766,18200628.0,1.0,1.0,0.0,0,0,0,18200628.0,0.0
2026-09-14,Jonathan Rowe,Olympique de Marseille,FL1,,21.256673511293634,18180608.0,1.0,1.0,0.0,0,0,0,18180608.0,0.0
2026-09-14,Joško Gvardiol,Manchester City FC,PL,,22.521560574948666,18149564.0,0.95,1.0,0.3333,1,1,4,17242086.0,-5.0
2026-09-14,Mateo Kovačić,Manchester City FC,PL,,30.23956194387405,17851760.0,1.0,0.82,0.0,0,0,0,14638443.0,-18.0
2026-09-14,Mitchel Bakker,Lille OSC,FL1,,24.11498973305955,17366332.0,1.0,1.0,0.0,0,0,0,17366332.0,0.0
2026-09-14,Nikola Vlašić,Torino FC,SA,,26.82546201232033,17324680.0,1.0,0.95,0.0,0,0,0,16458446.0,-5.0
2026-09-14,Yankubah Minteh,Brighton & Hove Albion FC,PL,,20.02737850787132,17277884.0,1.0,1.0,0.0,0,0,0,17277884.0,0.0
2026-09-14,Hans Nicolussi Caviglia,Venezia FC,SA,,24.12046543463381,17043728.0,1.0,1.0,0.0,0,0,0,17043728.0,0.0
2026-09-14,Bryan Cristante,AS Roma,SA,,29.415468856947296,16686040.0,1.0,0.95,0.0,0,0,0,15851738.0,-5.0
2026-09-14,Keito Nakamura,Stade de Reims,FL1,,24.01095140314853,16321067.0,1.0,1.0,0.0,0,0,0,16321067.0,0.0
2026-09-14,Patrick Cutrone,Como 1907,SA,,26.576317590691307,16281114.0,1.0,0.95,0.0,0,0,0,15467058.0,-5.0
2026-09-14,Emre Can,Borussia Dortmund,BL1,,30.55167693360712,16211888.0,1.0,0.82,0.0,0,0,0,13293748.0,-18.0
2026-09-14,Nathaniel Brown,Eintracht Frankfurt,BL1,,21.127994524298423,16116406.0,1.0,1.0,0.0,0,0,0,16116406.0,0.0
2026-09-14,Jacob Bruun Larsen,VfB Stuttgart,BL1,,25.867214236824093,16110167.0,1.0,0.95,0.0,0,0,0,15304659.0,-5.0
2026-09-14,Boulaye Dia,SS Lazio,SA,,27.707049965776864,15970656.0,1.0,0.95,0.0,0,0,0,15172123.0,-5.0
2026-09-14,Hugo Duro,Valencia CF,PD,,24.725530458590008,15919684.0,1.0,1.0,0.0,0,0,0,15919684.0,0.0
2026-09-14,Brais Méndez,Real Sociedad de Fútbol,PD,,27.564681724846,15909576.0,1.0,0.95,0.0,0,0,0,15114097.0,-5.0
2026-09-14,Mattias Svanberg,VfL Wolfsburg,BL1,,25.571526351813823,15850785.0,1.0,0.95,0.0,0,0,0,15058246.0,-5.0
2026-09-14,Nadir Zortea,Cagliari Calcio,SA,,25.11978097193703,15802938.0,1.0,0.95,0.0,0,0,0,15012791.0,-5.0
2026-09-14,Marco Brescianini,Atalanta BC,SA,,24.531143052703623,15790133.0,1.0,1.0,0.0,0,0,0,15790133.0,0.0
2026-09-14,Lucas Beltrán,ACF Fiorentina,SA,,23.107460643394933,15695518.0,1.0,1.0,0.0,0,0,0,15695518.0,0.0
2026-09-14,Folarin Balogun,AS Monaco FC,FL1,,23.08008213552361,15598405.0,1.0,1.0,0.0,0,0,0,15598405.0,0.0
2026-09-14,Jens Odgaard,Bologna FC 1909,SA,,25.3388090349076,15485610.0,1.0,0.95,0.0,0,0,0,14711330.0,-5.0
2026-09-14,Lassine Sinayoko,AJ Auxerre,FL1,,24.648870636550303,15325149.0,1.09,1.0,0.8,4,0,4,16704412.0,9.0
2026-09-14,Stephy Mavididi,Leicester City FC,PL,,26.17111567419576,15293583.0,1.0,0.95,0.0,0,0,0,14528904.0,-5.0
2026-09-14,Samuel Szmodics,Ipswich Town FC,PL,,28.854209445585216,15099962.0,1.0,0.95,0.0,0,0,0,14344964.0,-5.0
2026-09-14,Youssouf Ndayishimiye,OGC Nice,FL1,,25.76317590691308,14924071.0,1.0,0.95,0.0,0,0,0,14177867.0,-5.0
2026-09-14,Jacopo Fazzini,Empoli FC,SA,,21.37987679671458,14923672.0,1.0,1.0,0.0,0,0,0,14923672.0,0.0
2026-09-14,Can Uzun,Eintracht Frankfurt,BL1,,18.72142368240931,14663159.0,0.97,1.0,0.4,2,0,3,14223264.0,-3.0
2026-09-14,Ayoze Pérez,Villarreal CF,PD,,31.00889801505818,14418134.0,1.0,0.82,0.0,0,0,0,11822870.0,-18.0
2026-09-14,Iñaki Williams,Athletic Club,PD,,30.13004791238877,14356445.0,0.99,0.82,0.4667,1,2,5,11654562.0,-18.8
2026-09-14,Lorenzo Lucca,Udinese Calcio,SA,,23.89048596851472,14319936.0,1.0,1.0,0.0,0,0,0,14319936.0,0.0
2026-09-14,Takumi Minamino,AS Monaco FC,FL1,,29.541409993155373,14281858.0,1.0,0.95,0.0,0,0,0,13567765.0,-5.0
2026-09-14,Mattia Zaccagni,SS Lazio,SA,,29.127994524298423,14245185.0,1.0,0.95,0.0,0,0,0,13532926.0,-5.0
2026-09-14,Mahdi Camara,Stade Brestois 29,FL1,,26.0889801505818,14235759.0,1.0,0.95,0.0,0,0,0,13523971.0,-5.0
2026-09-14,Rolando Mandragora,ACF Fiorentina,SA,,27.091033538672143,14189810.0,0.91,0.95,0.2,1,0,3,12267091.0,-13.5
2026-09-14,Cyle Larin,RCD Mallorca,PD,,29.29226557152635,14133411.0,1.0,0.95,0.0,0,0,0,13426740.0,-5.0
2026-09-14,Robin Hack,Borussia Mönchengladbach,BL1,,25.93018480492813,14040553.0,1.0,0.95,0.0,0,0,0,13338525.0,-5.0
2026-09-14,Andrea Pinamonti,Genoa CFC,SA,,25.204654346338124,14015028.0,1.0,0.95,0.0,0,0,0,13314277.0,-5.0
2026-09-14,Umar Sadiq,Valencia CF,PD,,27.49349760438056,14004767.0,0.91,0.95,0.2,1,0,3,12107121.0,-13.6
2026-09-14,Romano Schmid,SV Werder Bremen,BL1,,24.511978097193705,13968778.0,1.0,1.0,0.0,0,0,0,13968778.0,0.0
2026-09-14,Vedat Muriqi,RCD Mallorca,PD,,30.272416153319643,13933467.0,1.0,0.82,0.0,0,0,0,11425443.0,-18.0
2026-09-14,Abdallah Sima,Stade Brestois 29,FL1,,23.123887748117728,13901295.0,0.95,1.0,0.3333,1,1,4,13206230.0,-5.0
2026-09-14,Edon Zhegrova,Lille OSC,FL1,,25.3388090349076,13874673.0,0.97,0.95,0.4,2,0,3,12785511.0,-7.9
2026-09-14,Gabriel Strefezza,Como 1907,SA,,27.28815879534565,13832290.0,1.0,0.95,0.0,0,0,0,13140676.0,-5.0
2026-09-14,Dennis Man,Parma Calcio 1913,SA,,25.932922655715263,13817998.0,1.0,0.95,0.0,0,0,0,13127098.0,-5.0
2026-09-14,Aimar Oroz,CA Osasuna,PD,,22.6776180698152,13682069.0,1.0,1.0,0.0,0,0,0,13682069.0,0.0
2026-09-14,Malick Fofana,Olympique Lyonnais,FL1,,19.33744010951403,13678729.0,0.91,1.0,0.2,1,0,2,12447643.0,-9.0
2026-09-14,Cucho Hernández,Real Betis Balompié,PD,,25.28405201916496,13645296.0,1.0,0.95,0.0,0,0,0,12963031.0,-5.0
2026-09-14,Thilo Kehrer,AS Monaco FC,FL1,,27.860369609856264,13641601.0,1.0,0.95,0.0,0,0,0,12959521.0,-5.0
2026-09-14,Tim Kleindienst,Borussia Mönchengladbach,BL1,,28.919917864476385,13598218.0,1.0,0.95,0.0,0,0,0,12918307.0,-5.0
2026-09-14,Matias Fernandez-Pardo,Lille OSC,FL1,,19.49075975359343,13346757.0,1.0,1.0,0.0,0,0,0,13346757.0,0.0
2026-09-14,Antonio Nusa,RB Leipzig,BL1,,19.290896646132783,13194458.0,1.03,1.0,0.6,2,2,3,13590292.0,3.0
2026-09-14,Vitinha,Paris Saint-Germain FC,FL1,,24.465434633812457,13146628.0,0.95,1.0,0.3333,1,1,4,12489297.0,-5.0
2026-09-14,Antony,Real Betis Balompié,PD,,24.435318275154003,13067928.0,1.0,1.0,0.0,0,0,0,13067928.0,0.0
2026-09-14,Marshall Munetsi,Stade de Reims,FL1,,28.109514031485283,12925466.0,1.0,0.95,0.0,0,0,0,12279193.0,-5.0
2026-09-14,Pablo Torre,FC Barcelona,PD,,21.3305954825462,12907309.0,1.0,1.0,0.0,0,0,0,12907309.0,0.0
2026-09-14,Zakaria Aboukhlal,Toulouse FC,FL1,,24.4517453798768,12844414.0,1.0,1.0,0.0,0,0,0,12844414.0,0.0
2026-09-14,Robert Lewandowski,FC Barcelona,PD,,35.945242984257355,12799196.0,1.0,0.65,0.0,0,0,0,8319477.0,-35.0
2026-09-14,Pablo Rosario,OGC Nice,FL1,,27.564681724846,12788800.0,1.0,0.95,0.0,0,0,0,12149360.0,-5.0
2026-09-14,Giovanni Fabbian,Bologna FC 1909,SA,,21.54688569472964,12734107.0,1.0,1.0,0.0,0,0,0,12734107.0,0.0
2026-09-14,Sebastiano Esposito,Empoli FC,SA,,22.083504449007528,12672153.0,0.91,1.0,0.2,1,0,2,11531659.0,-9.0
2026-09-14,Santi Comesaña,Villarreal CF,PD,,27.822039698836413,12573921.0,1.0,0.95,0.0,0,0,0,11945225.0,-5.0
2026-09-14,Raúl Moro,Real Valladolid CF,PD,,21.65639972621492,12507401.0,1.0,1.0,0.0,0,0,0,12507401.0,0.0
2026-09-14,Marash Kumbulla,RCD Espanyol de Barcelona,PD,,24.47912388774812,12414755.0,1.0,1.0,0.0,0,0,0,12414755.0,0.0
2026-09-14,Facundo Buonanotte,Leicester City FC,PL,,19.60574948665298,12401715.0,0.91,1.0,0.2,1,0,5,11285561.0,-9.0
2026-09-14,Paul Wanner,1. FC Heidenheim 1846,BL1,,18.60643394934976,12265205.0,1.0,1.0,0.0,0,0,0,12265205.0,0.0
2026-09-14,Matteo Cancellieri,Parma Calcio 1913,SA,,22.466803559206024,12187109.0,0.91,1.0,0.2,1,0,4,11090269.0,-9.0
2026-09-14,Gaëtan Laborde,OGC Nice,FL1,,30.24777549623545,12037499.0,1.0,0.82,0.0,0,0,0,9870749.0,-18.0
2026-09-14,Sofiane Diop,OGC Nice,FL1,,24.145106091718,11996517.0,1.0,1.0,0.0,0,0,0,11996517.0,0.0
2026-09-14,Antoine Griezmann,Club Atlético de Madrid,PD,,33.36618754277892,11980397.0,1.0,0.82,0.0,0,0,0,9823926.0,-18.0
2026-09-14,Matthis Abline,FC Nantes,FL1,,21.347022587268995,11957887.0,1.0,1.0,0.0,0,0,0,11957887.0,0.0
2026-09-14,Javi Puado,RCD Espanyol de Barcelona,PD,,26.187542778918548,11888276.0,1.0,0.95,0.0,0,0,0,11293862.0,-5.0
2026-09-14,Isco,Real Betis Balompié,PD,,32.27926078028747,11698408.0,1.0,0.82,0.0,0,0,0,9592695.0,-18.0
2026-09-14,Sandro,UD Las Palmas,PD,,29.065023956194388,11669615.0,1.0,0.95,0.0,0,0,0,11086134.0,-5.0
2026-09-14,Amin Sarr,Hellas Verona FC,SA,,23.392197125256672,11649844.0,1.0,1.0,0.0,0,0,0,11649844.0,0.0
2026-09-14,Samuel Mbangula,Juventus FC,SA,,20.542094455852155,11525237.0,1.0,1.0,0.0,0,0,0,11525237.0,0.0
2026-09-14,Álex Berenguer,Athletic Club,PD,,29.078713210130047,11494261.0,0.95,0.95,0.3333,1,1,5,10373571.0,-9.7
2026-09-14,Fabian Schär,Newcastle United FC,PL,,32.616016427104725,11220847.0,1.0,0.82,0.0,0,0,0,9201095.0,-18.0
2026-09-14,Jens Stage,SV Werder Bremen,BL1,,27.72895277207392,11113073.0,1.0,0.95,0.0,0,0,0,10557419.0,-5.0
2026-09-14,Giovanni Di Lorenzo,SSC Napoli,SA,,30.99247091033539,11072809.0,1.0,0.82,0.0,0,0,0,9079703.0,-18.0
2026-09-14,Gorka Guruzeta,Athletic Club,PD,,27.88501026694045,11007741.0,1.0,0.95,0.0,0,0,0,10457354.0,-5.0
2026-09-14,Arnaut Danjuma,Girona FC,PD,,27.498973305954827,10915164.0,1.0,0.95,0.0,0,0,0,10369406.0,-5.0
2026-09-14,Frank Magri,Toulouse FC,FL1,,24.908966461327857,10798209.0,1.0,1.0,0.0,0,0,0,10798209.0,0.0
2026-09-14,Matteo Politano,SSC Napoli,SA,,30.99520876112252,10251423.0,0.91,0.82,0.2,1,0,4,7649612.0,-25.4
2026-09-14,Gaëtan Perrin,AJ Auxerre,FL1,,28.150581793292265,10162047.0,1.0,0.95,0.0,0,0,0,9653945.0,-5.0
2026-09-14,Kevin De Bruyne,Manchester City FC,PL,,33.09514031485284,10102157.0,0.95,0.82,0.3333,1,1,4,7869580.0,-22.1
2026-09-14,Danny Welbeck,Brighton & Hove Albion FC,PL,,33.68104038329911,10053047.0,1.0,0.82,0.0,0,0,0,8243499.0,-18.0
2026-09-14,Mauro Arambarri,Getafe CF,PD,,28.83778234086242,9827063.0,1.0,0.95,0.0,0,0,0,9335710.0,-5.0
2026-09-14,Corentin Tolisso,Olympique Lyonnais,FL1,,29.9958932238193,9797530.0,1.0,0.95,0.0,0,0,0,9307654.0,-5.0
2026-09-14,Armin Gigovic,Holstein Kiel,BL1,,22.321697467488026,9771179.0,1.0,1.0,0.0,0,0,0,9771179.0,0.0
2026-09-14,Michael Keane,Everton FC,PL,,31.55373032169747,9733048.0,1.0,0.82,0.0,0,0,0,7981099.0,-18.0
2026-09-14,Yann Gboho,Toulouse FC,FL1,,23.54551676933607,9640667.0,1.0,1.0,0.0,0,0,0,9640667.0,0.0
2026-09-14,Thomas Partey,Arsenal FC,PL,,31.134839151266256,9595447.0,1.0,0.82,0.0,0,0,0,7868267.0,-18.0
2026-09-14,Franck Honorat,Borussia Mönchengladbach,BL1,,27.97262149212868,9546050.0,1.0,0.95,0.0,0,0,0,9068748.0,-5.0
2026-09-14,Paulo Dybala,AS Roma,SA,,30.71047227926078,9478232.0,1.0,0.82,0.0,0,0,0,7772150.0,-18.0
2026-09-14,Lucas Höler,SC Freiburg,BL1,,30.06160164271047,9427568.0,1.0,0.82,0.0,0,0,0,7730606.0,-18.0
2026-09-14,Samuel Essende,FC Augsburg,BL1,,26.521560574948666,9318053.0,1.0,0.95,0.0,0,0,0,8852150.0,-5.0
2026-09-14,Marvin Ducksch,SV Werder Bremen,BL1,,30.403832991101982,9183902.0,1.0,0.82,0.0,0,0,0,7530800.0,-18.0
2026-09-14,Vincenzo Grifo,SC Freiburg,BL1,,31.318275154004105,9174727.0,1.0,0.82,0.0,0,0,0,7523276.0,-18.0
2026-09-14,Paul Onuachu,Southampton FC,PL,,30.17932922655715,9139028.0,1.0,0.82,0.0,0,0,0,7494003.0,-18.0
2026-09-14,Mitchell Weiser,SV Werder Bremen,BL1,,30.28062970568104,9136344.0,1.0,0.82,0.0,0,0,0,7491802.0,-18.0
2026-09-14,Williot Swedberg,RC Celta de Vigo,PD,,20.49828884325804,8997461.0,1.0,1.0,0.0,0,0,0,8997461.0,0.0
2026-09-14,Marco Grüll,SV Werder Bremen,BL1,,26.072553045859,8982389.0,0.99,0.95,0.4667,1,2,3,8447937.0,-5.9
2026-09-14,Borja Iglesias,RC Celta de Vigo,PD,,31.537303216974674,8945561.0,1.0,0.82,0.0,0,0,0,7335360.0,-18.0
2026-09-14,Sinaly Diomandé,AJ Auxerre,FL1,,23.312799452429843,8878731.0,1.0,1.0,0.0,0,0,0,8878731.0,0.0
2026-09-14,Hugo Ekitike,Eintracht Frankfurt,BL1,,22.11635865845312,8826531.0,1.0,1.0,0.0,0,0,0,8826531.0,0.0
2026-09-14,Mohammed Amoura,VfL Wolfsburg,BL1,,24.229979466119097,8802750.0,1.0,1.0,0.0,0,0,0,8802750.0,0.0
2026-09-14,Răzvan Marin,Cagliari Calcio,SA,,28.191649555099247,8795810.0,1.0,0.95,0.0,0,0,0,8356020.0,-5.0
2026-09-14,Mostafa Mohamed,FC Nantes,FL1,,26.67488021902806,8599999.0,1.0,0.95,0.0,0,0,0,8169999.0,-5.0
2026-09-14,Ante Budimir,CA Osasuna,PD,,33.02943189596167,8574031.0,1.09,0.82,0.8,4,0,5,7663469.0,-10.6
2026-09-14,Julián Álvarez,Club Atlético de Madrid,PD,,24.501026694045173,8559970.0,1.0,1.0,0.0,0,0,0,8559970.0,0.0
2026-09-14,Benedict Hollerbach,1. FC Union Berlin,BL1,,23.208761122518823,8524045.0,1.0,1.0,0.0,0,0,0,8524045.0,0.0
2026-09-14,Raúl Jiménez,Fulham FC,PL,,33.242984257357975,8464198.0,1.0,0.82,0.0,0,0,0,6940642.0,-18.0
2026-09-14,Johannes Eggestein,FC St. Pauli 1910,BL1,,26.2340862422998,8449044.0,1.0,0.95,0.0,0,0,0,8026592.0,-5.0
2026-09-14,Josué Casimir,Le Havre AC,FL1,,22.85284052019165,8442922.0,1.0,1.0,0.0,0,0,0,8442922.0,0.0
2026-09-14,Jacob Ondrejka,Parma Calcio 1913,SA,,21.913757700205338,8411595.0,1.0,1.0,0.0,0,0,0,8411595.0,0.0
2026-09-14,Danilo Cataldi,ACF Fiorentina,SA,,29.987679671457904,8400772.0,1.0,0.95,0.0,0,0,0,7980733.0,-5.0
2026-09-14,Dodi Lukebakio,Sevilla FC,PD,,26.85284052019165,8300683.5,1.0,0.95,0.0,0,0,0,7885649.0,-5.0
2026-09-14,Romain Del Castillo,Stade Brestois 29,FL1,,28.34223134839151,8221184.5,0.91,0.95,0.2,1,0,2,7107214.0,-13.6
2026-09-14,Davide Zappacosta,Atalanta BC,SA,,32.139630390143736,8216301.5,1.0,0.82,0.0,0,0,0,6737367.0,-18.0
2026-09-14,Bryan Gil,Girona FC,PD,,23.468856947296374,8112281.0,1.0,1.0,0.0,0,0,0,8112281.0,0.0
2026-09-14,M'Bala Nzola,Racing Club de Lens,FL1,,27.95345653661876,8080700.5,1.0,0.95,0.0,0,0,0,7676665.0,-5.0
2026-09-14,Maximilian Arnold,VfL Wolfsburg,BL1,,30.18206707734429,8079991.5,1.0,0.82,0.0,0,0,0,6625593.0,-18.0
2026-09-14,Robin Gosens,ACF Fiorentina,SA,,30.07529089664613,8066656.5,0.91,0.82,0.2,1,0,3,6019339.0,-25.4
2026-09-14,Jordan Ayew,Leicester City FC,PL,,32.889801505817935,7963125.0,1.0,0.82,0.0,0,0,0,6529762.0,-18.0
2026-09-14,Wesley Saïd,Racing Club de Lens,FL1,,29.286789869952088,7900651.0,1.0,0.95,0.0,0,0,0,7505618.0,-5.0
2026-09-14,Arnaud Nordin,Montpellier HSC,FL1,,26.12457221081451,7882964.0,1.0,0.95,0.0,0,0,0,7488816.0,-5.0
2026-09-14,Himad Abdelli,Angers SCO,FL1,,24.70636550308008,7867755.5,1.0,1.0,0.0,0,0,0,7867756.0,0.0
2026-09-14,Justin Njinmah,SV Werder Bremen,BL1,,23.709787816564,7803134.0,1.0,1.0,0.0,0,0,0,7803134.0,0.0
2026-09-14,Sehrou Guirassy,Borussia Dortmund,BL1,,28.38877481177276,7698241.0,1.03,0.95,0.6,2,2,3,7532729.0,-2.1
2026-09-14,Abel Ruiz,Girona FC,PD,,24.50924024640657,7690118.0,1.0,1.0,0.0,0,0,0,7690118.0,0.0
2026-09-14,Ferrán Torres,FC Barcelona,PD,,24.421629021218344,7669259.5,1.03,1.0,0.6,3,0,4,7899337.0,3.0
2026-09-14,Alassane Pléa,Borussia Mönchengladbach,BL1,,31.394934976043807,7634167.0,1.0,0.82,0.0,0,0,0,6260017.0,-18.0
2026-09-14,Morgan Guilavogui,FC St. Pauli 1910,BL1,,26.39561943874059,7610382.5,1.0,0.95,0.0,0,0,0,7229863.0,-5.0
2026-09-14,Mario Götze,Eintracht Frankfurt,BL1,,32.16153319644079,7526261.0,1.0,0.82,0.0,0,0,0,6171534.0,-18.0
2026-09-14,Assane Diao,Como 1907,SA,,18.899383983572896,7483810.5,1.01,1.0,0.5333,2,1,3,7558649.0,1.0
2026-09-14,Roberto Fernández,RCD Espanyol de Barcelona,PD,,22.0807665982204,7472827.5,1.15,1.0,1.0,5,0,5,8593752.0,15.0
2026-09-14,Casper Tengstedt,Hellas Verona FC,SA,,24.16700889801506,7436797.0,0.91,1.0,0.2,1,0,2,6767485.0,-9.0
2026-09-14,Ko Itakura,Borussia Mönchengladbach,BL1,,27.509924709103355,7430466.0,1.0,0.95,0.0,0,0,0,7058943.0,-5.0
2026-09-14,Dani Raba,CD Leganés,PD,,28.7583846680356,7422342.5,1.0,0.95,0.0,0,0,0,7051225.0,-5.0
2026-09-14,Felix Agu,SV Werder Bremen,BL1,,24.84599589322382,7400333.0,1.0,1.0,0.0,0,0,0,7400333.0,0.0
2026-09-14,Keven Schlotterbeck,FC Augsburg,BL1,,27.260780287474333,7242450.0,1.0,0.95,0.0,0,0,0,6880328.0,-5.0
2026-09-14,Paul Nebel,1. FSV Mainz 05,BL1,,21.80971937029432,7199918.0,1.0,1.0,0.0,0,0,0,7199918.0,0.0
2026-09-14,Phillip Tietz,FC Augsburg,BL1,,27.06365503080082,7077931.5,1.03,0.95,0.6,3,0,3,6925756.0,-2.1
2026-09-14,Emanuel Emegha,RC Strasbourg Alsace,FL1,,21.492128678987,7048260.0,1.0,1.0,0.0,0,0,0,7048260.0,0.0
2026-09-14,Juan Cruz,CD Leganés,PD,,24.268309377138944,7036305.5,1.0,1.0,0.0,0,0,0,7036306.0,0.0
2026-09-14,Oliver Burke,SV Werder Bremen,BL1,,27.318275154004105,7022757.0,1.0,0.95,0.0,0,0,0,6671619.0,-5.0
2026-09-14,Benjamin Šeško,RB Leipzig,BL1,,21.17180013689254,6952513.0,0.91,1.0,0.2,1,0,4,6326787.0,-9.0
2026-09-14,Luis Rioja,Valencia CF,PD,,30.792607802874745,6874102.5,1.0,0.82,0.0,0,0,0,5636764.0,-18.0
2026-09-14,Marcus Thuram-Ulien,FC Internazionale Milano,SA,,26.98699520876112,6858099.5,0.91,0.95,0.2,1,0,3,5928827.0,-13.6
2026-09-14,Joel Pohjanpalo,Venezia FC,SA,,29.883641341546884,6690127.5,1.0,0.95,0.0,0,0,0,6355621.0,-5.0
2026-09-14,Borja Mayoral,Getafe CF,PD,,27.32375085557837,6567608.5,1.0,0.95,0.0,0,0,0,6239228.0,-5.0
2026-09-14,Tom Rothe,1. FC Union Berlin,BL1,,19.756331279945243,6563012.5,1.0,1.0,0.0,0,0,0,6563012.0,-0.0
2026-09-14,Neal Maupay,Olympique de Marseille,FL1,,27.964407939767284,6561004.0,1.0,0.95,0.0,0,0,0,6232954.0,-5.0
2026-09-14,Kevin Stöger,Borussia Mönchengladbach,BL1,,30.92950034223135,6556156.5,1.0,0.82,0.0,0,0,0,5376048.0,-18.0
2026-09-14,Toni Martínez,Deportivo Alavés,PD,,27.08829568788501,6529469.0,1.0,0.95,0.0,0,0,0,6202996.0,-5.0
2026-09-14,Akor Adams,Montpellier HSC,FL1,,24.50650239561944,6472944.0,0.91,1.0,0.2,1,0,4,5890379.0,-9.0
2026-09-14,Yeremi Pino,Villarreal CF,PD,,21.782340862423,6447148.5,1.0,1.0,0.0,0,0,0,6447148.0,-0.0
2026-09-14,Álvaro Morata,AC Milan,SA,,31.77275838466804,6348012.0,1.0,0.82,0.0,0,0,0,5205370.0,-18.0
2026-09-14,Alexis Claude Maurice,FC Augsburg,BL1,,26.154688569472963,6334133.5,0.91,0.95,0.2,1,0,2,5475858.0,-13.6
2026-09-14,Che Adams,Torino FC,SA,,28.05201916495551,6272948.5,0.97,0.95,0.4,2,0,3,5780522.0,-7.9
2026-09-14,Sergio Camello,Rayo Vallecano de Madrid,PD,,23.471594798083505,6200665.0,1.15,1.0,1.0,6,1,5,7130765.0,15.0
2026-09-14,Daniel Mosquera,Hellas Verona FC,SA,,24.78302532511978,6185787.0,1.0,1.0,0.0,0,0,0,6185787.0,0.0
2026-09-14,Romain Faivre,Stade Brestois 29,FL1,,26.050650239561943,6154324.0,1.0,0.95,0.0,0,0,0,5846608.0,-5.0
2026-09-14,Valentín Castellanos,SS Lazio,SA,,25.828884325804243,6143962.0,1.0,0.95,0.0,0,0,0,5836764.0,-5.0
2026-09-14,Isaac,Sevilla FC,PD,,24.205338809034902,6129448.0,0.95,1.0,0.3333,1,1,5,5822976.0,-5.0
2026-09-14,Esteban Lepaul,Angers SCO,FL1,,24.28747433264887,6116216.0,1.03,1.0,0.6,3,0,4,6299702.0,3.0
2026-09-14,Nadiem Amiri,1. FSV Mainz 05,BL1,,27.761806981519506,6110223.0,1.0,0.95,0.0,0,0,0,5804712.0,-5.0
2026-09-14,Jae-sung Lee,1. FSV Mainz 05,BL1,,31.97535934291581,6105254.5,1.0,0.82,0.0,0,0,0,5006309.0,-18.0
2026-09-14,Pathé Ciss,Rayo Vallecano de Madrid,PD,,30.379192334017795,6063505.5,1.0,0.82,0.0,0,0,0,4972075.0,-18.0
2026-09-14,Marvin Pieringer,1. FC Heidenheim 1846,BL1,,24.826830937713893,6057327.0,1.0,1.0,0.0,0,0,0,6057327.0,0.0
2026-09-14,Jorge de Frutos,Rayo Vallecano de Madrid,PD,,27.444216290212182,5984525.0,1.0,0.95,0.0,0,0,0,5685299.0,-5.0
2026-09-14,Alexander Bernhardsson,Holstein Kiel,BL1,,25.897330595482547,5853832.5,1.0,0.95,0.0,0,0,0,5561141.0,-5.0
2026-09-14,Ludovic Ajorque,Stade Brestois 29,FL1,,30.431211498973305,5791578.5,0.91,0.82,0.2,1,0,4,4321676.0,-25.4
2026-09-14,Iago Aspas,RC Celta de Vigo,PD,,37.002053388090346,5755569.0,0.9,0.65,0.1667,1,0,6,3367008.0,-41.5
2026-09-14,Goduine Koyalipou,Racing Club de Lens,FL1,,24.459958932238195,5751393.0,1.0,1.0,0.0,0,0,0,5751393.0,0.0
2026-09-14,Lukas Kübler,SC Freiburg,BL1,,31.920602327173167,5677350.0,1.0,0.82,0.0,0,0,0,4655427.0,-18.0
2026-09-14,Vincent Sierro,Toulouse FC,FL1,,28.815879534565365,5655609.5,1.0,0.95,0.0,0,0,0,5372829.0,-5.0
2026-09-14,Jamie Bynoe-Gittens,Borussia Dortmund,BL1,,19.980835044490075,5647773.0,1.0,1.0,0.0,0,0,0,5647773.0,0.0
2026-09-14,Nicolás Tagliafico,Olympique Lyonnais,FL1,,31.91786447638604,5583891.0,1.0,0.82,0.0,0,0,0,4578791.0,-18.0
2026-09-14,Isi Palazón,Rayo Vallecano de Madrid,PD,,29.59616700889801,5550458.5,1.0,0.95,0.0,0,0,0,5272936.0,-5.0
2026-09-14,Desire Doue,Paris Saint-Germain FC,FL1,,19.16221765913758,5527875.5,1.0,1.0,0.0,0,0,0,5527876.0,0.0
2026-09-14,Adam Hložek,TSG 1899 Hoffenheim,BL1,,22.02053388090349,5509339.5,0.97,1.0,0.4,2,0,3,5344059.0,-3.0
2026-09-14,Carlos Vicente,Deportivo Alavés,PD,,25.27583846680356,5506151.0,1.0,0.95,0.0,0,0,0,5230843.0,-5.0
2026-09-14,Selim Amallah,Real Valladolid CF,PD,,27.709787816564,5474682.5,1.0,0.95,0.0,0,0,0,5200948.0,-5.0
2026-09-14,Chrisantus,Getafe CF,PD,,21.204654346338124,5463224.0,1.0,1.0,0.0,0,0,0,5463224.0,0.0
2026-09-14,Hugo Alvarez,RC Celta de Vigo,PD,,21.08418891170432,5421231.0,1.0,1.0,0.0,0,0,0,5421231.0,0.0
2026-09-14,Khéphren Thuram-Ulie,Juventus FC,SA,,23.351129363449694,5390581.5,1.0,1.0,0.0,0,0,0,5390582.0,0.0
2026-09-14,Felix Lemarechal,RC Strasbourg Alsace,FL1,,20.985626283367555,5377345.0,1.0,1.0,0.0,0,0,0,5377345.0,0.0
2026-09-14,Joao Neves,Paris Saint-Germain FC,FL1,,19.84394250513347,5349284.5,1.0,1.0,0.0,0,0,0,5349284.0,-0.0
2026-09-14,Alfonso González,RC Celta de Vigo,PD,,25.245722108145102,5345506.0,1.0,0.95,0.0,0,0,0,5078231.0,-5.0
2026-09-14,Marius Bülter,TSG 1899 Hoffenheim,BL1,,31.342915811088297,5320143.0,1.0,0.82,0.0,0,0,0,4362517.0,-18.0
2026-09-14,André Zambo Anguissa,SSC Napoli,SA,,28.709103353867214,5315355.5,1.0,0.95,0.0,0,0,0,5049588.0,-5.0
2026-09-14,Florian Thauvin,Udinese Calcio,SA,,31.512662559890487,5261066.0,1.09,0.82,0.8,3,2,4,4702341.0,-10.6
2026-09-14,Phil Harres,Holstein Kiel,BL1,,22.354551676933607,5153234.5,1.0,1.0,0.0,0,0,0,5153234.0,-0.0
2026-09-14,Shavy Warren Babicka,Toulouse FC,FL1,,24.16700889801506,5133472.0,1.0,1.0,0.0,0,0,0,5133472.0,0.0
2026-09-14,Pablo Duran,RC Celta de Vigo,PD,,23.18685831622177,5115634.0,1.0,1.0,0.0,0,0,0,5115634.0,0.0
2026-09-14,Léo Scienza,1. FC Heidenheim 1846,BL1,,25.883641341546884,5088682.5,1.0,0.95,0.0,0,0,0,4834248.0,-5.0
2026-09-14,Daniel Vivian,Athletic Club,PD,,25.07597535934292,5081975.0,1.0,0.95,0.0,0,0,0,4827876.0,-5.0
2026-09-14,Unai López,Rayo Vallecano de Madrid,PD,,28.75564681724846,5046150.5,1.0,0.95,0.0,0,0,0,4793843.0,-5.0
2026-09-14,Raúl,CA Osasuna,PD,,23.742642026009584,4998060.0,1.0,1.0,0.0,0,0,0,4998060.0,0.0
2026-09-14,Jofre Carreras Pagès,RCD Espanyol de Barcelona,PD,,23.123887748117728,4971656.5,1.0,1.0,0.0,0,0,0,4971656.0,-0.0
2026-09-14,Munir El Haddadi,CD Leganés,PD,,28.91718001368925,4959902.5,1.0,0.95,0.0,0,0,0,4711907.0,-5.0
2026-09-14,Rubén García,CA Osasuna,PD,,31.04996577686516,4902735.0,1.0,0.82,0.0,0,0,0,4020243.0,-18.0
2026-09-14,Hákon Haraldsson,Lille OSC,FL1,,21.31143052703628,4835571.0,0.91,1.0,0.2,1,0,4,4400370.0,-9.0
2026-09-14,Joakim Mæhle,VfL Wolfsburg,BL1,,27.200547570157426,4776191.5,1.0,0.95,0.0,0,0,0,4537382.0,-5.0
2026-09-14,Hernani,Parma Calcio 1913,SA,,30.349075975359344,4771506.5,1.0,0.82,0.0,0,0,0,3912635.0,-18.0
2026-09-14,Tim Weah,Juventus FC,SA,,24.44079397672827,4752668.5,1.0,1.0,0.0,0,0,0,4752668.0,-0.0
2026-09-14,Jonathan Clauss,OGC Nice,FL1,,31.84941820670773,4734993.0,1.0,0.82,0.0,0,0,0,3882694.0,-18.0
2026-09-14,Douglas Augusto,FC Nantes,FL1,,27.548254620123203,4711628.5,1.0,0.95,0.0,0,0,0,4476047.0,-5.0
2026-09-14,Lucas Stassin,AS Saint-Étienne,FL1,,19.67145790554415,4583019.0,0.91,1.0,0.2,1,0,2,4170547.0,-9.0
2026-09-14,Junya Ito,Stade de Reims,FL1,,31.39767282683093,4570204.5,1.0,0.82,0.0,0,0,0,3747568.0,-18.0
2026-09-14,Marten de Roon,Atalanta BC,SA,,33.34428473648186,4519329.5,1.0,0.82,0.0,0,0,0,3705850.0,-18.0
2026-09-14,RamónTerrats Espacio,Getafe CF,PD,,23.786447638603697,4483339.0,0.91,1.0,0.2,1,0,5,4079838.0,-9.0
2026-09-14,Ado Onaiwu,AJ Auxerre,FL1,,28.73100616016427,4395814.0,1.0,0.95,0.0,0,0,0,4176023.0,-5.0
2026-09-14,Myron Boadu,VfL Bochum 1848,BL1,,23.54551676933607,4384464.0,1.0,1.0,0.0,0,0,0,4384464.0,0.0
2026-09-14,Brahim Diaz,Real Madrid CF,PD,,24.996577686516083,4381621.5,1.0,1.0,0.0,0,0,0,4381622.0,0.0
2026-09-14,Santiago Pierotti,US Lecce,SA,,23.32922655715264,4341809.5,1.0,1.0,0.0,0,0,0,4341810.0,0.0
2026-09-14,Alexandre Lacazette,Olympique Lyonnais,FL1,,33.18001368925393,4319025.5,1.0,0.82,0.0,0,0,0,3541601.0,-18.0
2026-09-14,Cristhian Stuani,Girona FC,PD,,37.804243668720055,4300308.5,1.0,0.65,0.0,0,0,0,2795201.0,-35.0
2026-09-14,Juanlu,Sevilla FC,PD,,20.9637234770705,4213378.5,1.0,1.0,0.0,0,0,0,4213378.0,-0.0
2026-09-14,Enrico Del Prato,Parma Calcio 1913,SA,,24.725530458590008,4191316.25,1.0,1.0,0.0,0,0,0,4191316.0,-0.0
2026-09-14,Ibrahima Niane,Angers SCO,FL1,,25.39356605065024,4149496.25,1.0,0.95,0.0,0,0,0,3942021.0,-5.0
2026-09-14,Aitor Paredes Casamichana,Athletic Club,PD,,24.257357973990416,4137081.0,0.91,1.0,0.2,1,0,5,3764744.0,-9.0
2026-09-14,Oladapo Afolayan,FC St. Pauli 1910,BL1,,26.466803559206024,4107353.0,1.0,0.95,0.0,0,0,0,3901985.0,-5.0
2026-09-14,Matúš Bero,VfL Bochum 1848,BL1,,28.903490759753595,4105563.25,1.0,0.95,0.0,0,0,0,3900285.0,-5.0
2026-09-14,Albert Guðmundsson,ACF Fiorentina,SA,,27.129363449692,4101912.0,0.91,0.95,0.2,1,0,4,3546103.0,-13.5
2026-09-14,Mathias Honsak,1. FC Heidenheim 1846,BL1,,27.61396303901437,4094451.0,1.0,0.95,0.0,0,0,0,3889728.0,-5.0
2026-09-14,Andrej Kramarić,TSG 1899 Hoffenheim,BL1,,33.11978097193703,4059102.25,1.0,0.82,0.0,0,0,0,3328464.0,-18.0
2026-09-14,Jeong Wooyeong,1. FC Union Berlin,BL1,,24.865160848733744,4050231.75,1.0,1.0,0.0,0,0,0,4050232.0,0.0
2026-09-14,Rasmus Kristensen,Eintracht Frankfurt,BL1,,27.05817932922656,4044607.75,1.0,0.95,0.0,0,0,0,3842377.0,-5.0
2026-09-14,Philipp Hofmann,VfL Bochum 1848,BL1,,31.34017796030116,4026143.0,1.0,0.82,0.0,0,0,0,3301437.0,-18.0
2026-09-14,Irvin Cardona,AS Saint-Étienne,FL1,,26.981519507186857,3999195.0,1.0,0.95,0.0,0,0,0,3799235.0,-5.0
2026-09-14,Jan Schöppner,1. FC Heidenheim 1846,BL1,,25.138945927446954,3964816.0,1.0,0.95,0.0,0,0,0,3766575.0,-5.0
2026-09-14,Joan Jordán,Deportivo Alavés,PD,,30.072553045859,3916058.0,1.0,0.82,0.0,0,0,0,3211168.0,-18.0
2026-09-14,Marko Arnautovic,FC Internazionale Milano,SA,,35.285420944558524,3896619.0,1.0,0.65,0.0,0,0,0,2532802.0,-35.0
2026-09-14,Felix Kalu Nmecha,Borussia Dortmund,BL1,,23.80835044490076,3886087.0,0.97,1.0,0.4,2,0,3,3769504.0,-3.0
2026-09-14,Mohamed Cho,OGC Nice,FL1,,20.53388090349076,3816102.0,1.0,1.0,0.0,0,0,0,3816102.0,0.0
2026-09-14,Pedro,SS Lazio,SA,,37.01300479123888,3809008.5,1.0,0.65,0.0,0,0,0,2475856.0,-35.0
2026-09-14,Dany Mota Carvalho,AC Monza,SA,,26.250513347022583,3790682.75,1.0,0.95,0.0,0,0,0,3601149.0,-5.0
2026-09-14,Matias Soule,AS Roma,SA,,21.297741273100616,3777046.0,1.01,1.0,0.5333,2,1,3,3814816.0,1.0
2026-09-14,Przemysław Frankowski,Racing Club de Lens,FL1,,29.305954825462013,3767631.25,0.95,0.95,0.3333,1,1,4,3400287.0,-9.8
2026-09-14,Gift Orban,TSG 1899 Hoffenheim,BL1,,22.04243668720055,3735210.75,1.0,1.0,0.0,0,0,0,3735211.0,0.0
2026-09-14,Ibrahim Sissoko,AS Saint-Étienne,FL1,,28.67898699520876,3718002.5,1.0,0.95,0.0,0,0,0,3532102.0,-5.0
2026-09-14,Abdoulaye Touré,Le Havre AC,FL1,,30.41478439425052,3707719.75,1.0,0.82,0.0,0,0,0,3040330.0,-18.0
2026-09-14,Andrej Ilic,1. FC Union Berlin,BL1,,24.32854209445585,3706853.75,1.0,1.0,0.0,0,0,0,3706854.0,0.0
2026-09-14,Ali El Abdi,OGC Nice,FL1,,30.61464750171116,3695815.75,1.0,0.82,0.0,0,0,0,3030569.0,-18.0
2026-09-14,Issa Soumaré,Le Havre AC,FL1,,23.80835044490076,3695755.75,1.0,1.0,0.0,0,0,0,3695756.0,0.0
2026-09-14,Elias Saad,FC St. Pauli 1910,BL1,,24.5968514715948,3562154.75,1.0,1.0,0.0,0,0,0,3562155.0,0.0
2026-09-14,Oumar Diakite,Stade de Reims,FL1,,20.61601642710472,3552330.25,1.0,1.0,0.0,0,0,0,3552330.0,-0.0
2026-09-14,Carlos Gómez,Stade Rennais FC 1901,FL1,,21.88637919233402,3402073.75,1.0,1.0,0.0,0,0,0,3402074.0,0.0
2026-09-14,Mamadou Sylla,Real Valladolid CF,PD,,30.368240930869263,3297484.75,1.0,0.82,0.0,0,0,0,2703937.0,-18.0
2026-09-14,Jubal Júnior,AJ Auxerre,FL1,,30.924024640657084,3294530.0,1.0,0.82,0.0,0,0,0,2701515.0,-18.0
2026-09-14,Álvaro García,Rayo Vallecano de Madrid,PD,,31.761806981519506,3292585.75,0.95,0.82,0.3333,1,1,5,2564924.0,-22.1
2026-09-14,Matteo Darmian,FC Internazionale Milano,SA,,34.66392881587954,3268168.5,1.0,0.65,0.0,0,0,0,2124310.0,-35.0
2026-09-14,Haris Tabaković,TSG 1899 Hoffenheim,BL1,,30.11635865845312,3246937.75,1.0,0.82,0.0,0,0,0,2662489.0,-18.0
2026-09-14,Adrian Beck,1. FC Heidenheim 1846,BL1,,27.145790554414784,3242079.75,1.0,0.95,0.0,0,0,0,3079976.0,-5.0
2026-09-14,Álex Muñoz,UD Las Palmas,PD,,30.00684462696783,3222911.5,1.0,0.82,0.0,0,0,0,2642787.0,-18.0
2026-09-14,Yaser Asprilla,Girona FC,PD,,20.700889801505816,3028421.75,1.0,1.0,0.0,0,0,0,3028422.0,0.0
2026-09-14,André Ayew,Le Havre AC,FL1,,34.62286105407255,3022671.25,1.0,0.65,0.0,0,0,0,1964736.0,-35.0
2026-09-14,Steven Skrzybski,Holstein Kiel,BL1,,31.7015742642026,3018799.5,1.0,0.82,0.0,0,0,0,2475416.0,-18.0
2026-09-14,Dani Parejo,Villarreal CF,PD,,35.29363449691992,2899648.0,1.0,0.65,0.0,0,0,0,1884771.0,-35.0
2026-09-14,Kike García,Deportivo Alavés,PD,,34.68309377138946,2843870.25,1.0,0.65,0.0,0,0,0,1848516.0,-35.0
2026-09-14,Ahmadou Bamba Dieng,Angers SCO,FL1,,24.358658453114305,2750391.75,1.0,1.0,0.0,0,0,0,2750392.0,0.0
2026-09-14,Kenny Lala,Stade Brestois 29,FL1,,32.82956878850103,2748768.75,1.0,0.82,0.0,0,0,0,2253990.0,-18.0
2026-09-14,Willi Orban,RB Leipzig,BL1,,31.742642026009584,2743190.75,0.91,0.82,0.2,1,0,3,2046969.0,-25.4
2026-09-14,Orri Oskarsson,Real Sociedad de Fútbol,PD,,19.923340177960306,2617992.75,0.9,1.0,0.1667,1,0,6,2356193.0,-10.0
2026-09-14,Joshua King,Toulouse FC,FL1,,32.544832306639286,2601868.75,0.97,0.82,0.4,2,0,4,2069526.0,-20.5
2026-09-14,Duván Zapata,Torino FC,SA,,33.33607118412046,2482891.0,1.0,0.82,0.0,0,0,0,2035971.0,-18.0
2026-09-14,Arouna Sangante,Le Havre AC,FL1,,22.305270362765228,2438104.25,1.0,1.0,0.0,0,0,0,2438104.0,-0.0
2026-09-14,Santiago Giménez,AC Milan,SA,,23.28815879534565,2391526.25,1.0,1.0,0.0,0,0,0,2391526.0,-0.0
2026-09-14,Jamie Vardy,Leicester City FC,PL,,37.55509924709104,2349756.5,1.0,0.65,0.0,0,0,0,1527342.0,-35.0
2026-09-14,Leandro Cabrera,RCD Espanyol de Barcelona,PD,,33.125256673511295,2273735.75,1.0,0.82,0.0,0,0,0,1864463.0,-18.0
2026-09-14,Adam Marušić,SS Lazio,SA,,31.789185489390828,2133137.25,1.0,0.82,0.0,0,0,0,1749173.0,-18.0
2026-09-14,Sepe Elye Wahi,Olympique de Marseille,FL1,,21.579739904175224,1825420.0,0.91,1.0,0.2,1,0,3,1661132.0,-9.0
2026-09-14,Vítor Roque,Real Betis Balompié,PD,,19.42231348391513,1744017.0,1.0,1.0,0.0,0,0,0,1744017.0,0.0
2026-09-14,Dani Rodríguez,RCD Mallorca,PD,,36.1533196440794,1355529.25,1.0,0.65,0.0,0,0,0,881094.0,-35.0
2026-09-14,Milan Đurić,Parma Calcio 1913,SA,,34.195756331279945,704353.6875,1.0,0.65,0.0,0,0,0,457830.0,-35.0
2026-09-19,Kylian Mbappé,Real Madrid CF,PD,,25.61533196440794,124040408.0,1.0,0.95,0.0,0,0,0,117838388.0,-5.0
2026-09-19,Erling Haaland,Manchester City FC,PL,,24.030116358658454,120039632.0,1.0,1.0,0.0,0,0,0,120039632.0,0.0
2026-09-19,Florian Wirtz,Bayer 04 Leverkusen,BL1,,21.24845995893224,119180016.0,1.0,1.0,0.0,0,0,0,119180016.0,0.0
2026-09-19,Ousmane Dembélé,Paris Saint-Germain FC,FL1,,27.21423682409309,114443256.0,1.0,0.95,0.0,0,0,0,108721093.0,-5.0
2026-09-19,Vinicius Junior,Real Madrid CF,PD,,24.05475701574264,107915656.0,1.0,1.0,0.0,0,0,0,107915656.0,0.0
2026-09-19,Declan Rice,Arsenal FC,PL,,25.54688569472964,102920032.0,1.0,0.95,0.0,0,0,0,97774030.0,-5.0
2026-09-19,Bukayo Saka,Arsenal FC,PL,,22.90485968514716,100040088.0,1.0,1.0,0.0,0,0,0,100040088.0,0.0
2026-09-19,Raphinha,FC Barcelona,PD,,27.630390143737166,92569968.0,1.0,0.95,0.0,0,0,0,87941470.0,-5.0
2026-09-19,Jude Bellingham,Real Madrid CF,PD,,21.09240246406571,90665816.0,1.0,1.0,0.0,0,0,0,90665816.0,0.0
2026-09-19,Dominik Szoboszlai,Liverpool FC,PL,,23.76728268309377,89493208.0,1.0,1.0,0.0,0,0,0,89493208.0,0.0
2026-09-19,Luis Díaz,Liverpool FC,PL,,27.548254620123203,88083736.0,1.0,0.95,0.0,0,0,0,83679549.0,-5.0
2026-09-19,Xavi Simons,RB Leipzig,BL1,,21.281314168377826,87278152.0,1.0,1.0,0.0,0,0,0,87278152.0,0.0
2026-09-19,Bryan Mbeumo,Brentford FC,PL,,24.985626283367555,86841600.0,1.0,1.0,0.0,0,0,0,86841600.0,0.0
2026-09-19,Michael Olise,FC Bayern München,BL1,,22.63655030800821,86521680.0,1.0,1.0,0.0,0,0,0,86521680.0,0.0
2026-09-19,Jonathan David,Lille OSC,FL1,,24.54757015742642,85452208.0,1.0,1.0,0.0,0,0,0,85452208.0,0.0
2026-09-19,Nicolas Jackson,Chelsea FC,PL,,23.11567419575633,85393064.0,1.0,1.0,0.0,0,0,0,85393064.0,0.0
2026-09-19,Cody Gakpo,Liverpool FC,PL,,25.23750855578371,85159496.0,1.0,0.95,0.0,0,0,0,80901521.0,-5.0
2026-09-19,Phil Foden,Manchester City FC,PL,,24.177960301163587,83639888.0,1.0,1.0,0.0,0,0,0,83639888.0,0.0
2026-09-19,Enzo Fernández,Chelsea FC,PL,,23.537303216974674,83538968.0,1.0,1.0,0.0,0,0,0,83538968.0,0.0
2026-09-19,Federico Valverde,Real Madrid CF,PD,,26.028747433264886,83363720.0,1.0,0.95,0.0,0,0,0,79195534.0,-5.0
2026-09-19,Bradley Barcola,Paris Saint-Germain FC,FL1,,21.913757700205338,82975072.0,1.0,1.0,0.0,0,0,0,82975072.0,0.0
2026-09-19,Lamine Yamal,FC Barcelona,PD,,17.05407255304586,79266632.0,1.0,1.0,0.0,0,0,0,79266632.0,0.0
2026-09-19,Omar Marmoush,Eintracht Frankfurt,BL1,,25.481177275838466,78947208.0,1.0,0.95,0.0,0,0,0,74999848.0,-5.0
2026-09-19,Liam Delap,Ipswich Town FC,PL,,21.47843942505133,77898368.0,1.0,1.0,0.0,0,0,0,77898368.0,0.0
2026-09-19,Pedri,FC Barcelona,PD,,21.683778234086244,76792840.0,1.0,1.0,0.0,0,0,0,76792840.0,0.0
2026-09-19,Jamal Musiala,FC Bayern München,BL1,,21.429158110882955,76388768.0,1.0,1.0,0.0,0,0,0,76388768.0,0.0
2026-09-19,Pedro Neto,Chelsea FC,PL,,24.39698836413416,74498632.0,1.0,1.0,0.0,0,0,0,74498632.0,0.0
2026-09-19,Matheus Cunha,Wolverhampton Wanderers FC,PL,,25.182751540041068,74328448.0,1.0,0.95,0.0,0,0,0,70612026.0,-5.0
2026-09-19,Cole Palmer,Chelsea FC,PL,,22.23956194387405,74268504.0,1.0,1.0,0.0,0,0,0,74268504.0,0.0
2026-09-19,Dejan Kulusevski,Tottenham Hotspur FC,PL,,24.268309377138944,71574152.0,1.0,1.0,0.0,0,0,0,71574152.0,0.0
2026-09-19,Eberechi Eze,Crystal Palace FC,PL,,26.091718001368925,71436952.0,1.0,0.95,0.0,0,0,0,67865104.0,-5.0
2026-09-19,Dani Olmo,FC Barcelona,PD,,26.236824093086927,70578968.0,1.0,0.95,0.0,0,0,0,67050020.0,-5.0
2026-09-19,Noni Madueke,Chelsea FC,PL,,22.39561943874059,70232368.0,1.0,1.0,0.0,0,0,0,70232368.0,0.0
2026-09-19,Amad Diallo,Manchester United FC,PL,,22.05886379192334,68797144.0,1.0,1.0,0.0,0,0,0,68797144.0,0.0
2026-09-19,Achraf Hakimi,Paris Saint-Germain FC,FL1,,25.741273100616016,68712432.0,1.0,0.95,0.0,0,0,0,65276810.0,-5.0
2026-09-19,Anthony Elanga,Nottingham Forest FC,PL,,22.26420260095825,67697480.0,1.0,1.0,0.0,0,0,0,67697480.0,0.0
2026-09-19,Christian Pulisic,AC Milan,SA,,25.869952087611225,67456712.0,1.0,0.95,0.0,0,0,0,64083876.0,-5.0
2026-09-19,Álex Baena,Villarreal CF,PD,,23.033538672142367,66990892.0,1.0,1.0,0.0,0,0,0,66990892.0,0.0
2026-09-19,Mohammed Kudus,West Ham United FC,PL,,23.99726214921287,66463860.0,1.0,1.0,0.0,0,0,0,66463860.0,0.0
2026-09-19,Kang-in Lee,Paris Saint-Germain FC,FL1,,23.44695414099932,66337464.0,1.0,1.0,0.0,0,0,0,66337464.0,0.0
2026-09-19,Marcus Rashford,Aston Villa FC,PL,,26.751540041067763,66229748.0,1.0,0.95,0.0,0,0,0,62918261.0,-5.0
2026-09-19,Bruno Guimarães,Newcastle United FC,PL,,26.70773442847365,66094216.0,1.0,0.95,0.0,0,0,0,62789505.0,-5.0
2026-09-19,Alexander Sørloth,Club Atlético de Madrid,PD,,28.657084188911703,66040408.0,1.0,0.95,0.0,0,0,0,62738388.0,-5.0
2026-09-19,James Maddison,Tottenham Hotspur FC,PL,,27.68788501026694,64216564.0,1.0,0.95,0.0,0,0,0,61005736.0,-5.0
2026-09-19,Andrey Santos,RC Strasbourg Alsace,FL1,,20.246406570841888,64151316.0,1.0,1.0,0.0,0,0,0,64151316.0,0.0
2026-09-19,João Pedro,Brighton & Hove Albion FC,PL,,22.847364818617383,63838108.0,1.0,1.0,0.0,0,0,0,63838108.0,0.0
2026-09-19,Darwin Núñez,Liverpool FC,PL,,25.10609171800137,63526432.0,1.0,0.95,0.0,0,0,0,60350110.0,-5.0
2026-09-19,Anthony Gordon,Newcastle United FC,PL,,23.43326488706365,62916756.0,1.0,1.0,0.0,0,0,0,62916756.0,0.0
2026-09-19,Harry Kane,FC Bayern München,BL1,,31.01163586584531,62613520.0,1.0,0.82,0.0,0,0,0,51343086.0,-18.0
2026-09-19,Sandro Tonali,Newcastle United FC,PL,,24.23271731690623,62563976.0,1.0,1.0,0.0,0,0,0,62563976.0,0.0
2026-09-19,Alexis Mac Allister,Liverpool FC,PL,,25.60438056125941,61968148.0,1.0,0.95,0.0,0,0,0,58869741.0,-5.0
2026-09-19,Alexander Isak,Newcastle United FC,PL,,24.862422997946613,61705132.0,1.0,1.0,0.0,0,0,0,61705132.0,0.0
2026-09-19,Morgan Rogers,Aston Villa FC,PL,,22.01779603011636,59788984.0,1.0,1.0,0.0,0,0,0,59788984.0,0.0
2026-09-19,Kaoru Mitoma,Brighton & Hove Albion FC,PL,,27.200547570157426,59384156.0,1.0,0.95,0.0,0,0,0,56414948.0,-5.0
2026-09-19,Dominic Solanke,Tottenham Hotspur FC,PL,,26.88021902806297,59148692.0,1.0,0.95,0.0,0,0,0,56191257.0,-5.0
2026-09-19,Rafael Leão,AC Milan,SA,,25.144421629021217,58969584.0,1.0,0.95,0.0,0,0,0,56021105.0,-5.0
2026-09-19,Diogo Jota,Liverpool FC,PL,,27.65776865160849,58790236.0,1.0,0.95,0.0,0,0,0,55850724.0,-5.0
2026-09-19,Yoane Wissa,Brentford FC,PL,,27.90965092402464,58614000.0,1.0,0.95,0.0,0,0,0,55683300.0,-5.0
2026-09-19,Leandro Trossard,Arsenal FC,PL,,29.659137577002053,58096884.0,1.0,0.95,0.0,0,0,0,55192040.0,-5.0
2026-09-19,Nick Woltemade,VfB Stuttgart,BL1,,22.46132785763176,58082592.0,1.0,1.0,0.0,0,0,0,58082592.0,0.0
2026-09-19,Antoine Semenyo,AFC Bournemouth,PL,,24.566735112936342,57861224.0,1.0,1.0,0.0,0,0,0,57861224.0,0.0
2026-09-19,Rodrygo,Real Madrid CF,PD,,23.55920602327173,56463224.0,1.0,1.0,0.0,0,0,0,56463224.0,0.0
2026-09-19,Bruno Fernandes,Manchester United FC,PL,,29.897330595482547,56254684.0,1.0,0.95,0.0,0,0,0,53441950.0,-5.0
2026-09-19,Rayan Cherki,Olympique Lyonnais,FL1,,20.95824777549624,56229044.0,1.0,1.0,0.0,0,0,0,56229044.0,0.0
2026-09-19,Gonçalo Ramos,Paris Saint-Germain FC,FL1,,23.11567419575633,56096108.0,1.0,1.0,0.0,0,0,0,56096108.0,0.0
2026-09-19,Mikel Merino,Arsenal FC,PL,,28.109514031485283,54806364.0,1.0,0.95,0.0,0,0,0,52066046.0,-5.0
2026-09-19,Loïs Openda,RB Leipzig,BL1,,24.45722108145106,54588632.0,1.0,1.0,0.0,0,0,0,54588632.0,0.0
2026-09-19,Lautaro Martínez,FC Internazionale Milano,SA,,26.94318959616701,53912332.0,1.0,0.95,0.0,0,0,0,51216715.0,-5.0
2026-09-19,Fermín López,FC Barcelona,PD,,21.22655715263518,52869776.0,1.0,1.0,0.0,0,0,0,52869776.0,0.0
2026-09-19,Morgan Gibbs-White,Nottingham Forest FC,PL,,24.511978097193705,52853744.0,1.0,1.0,0.0,0,0,0,52853744.0,0.0
2026-09-19,Dušan Vlahović,Juventus FC,SA,,24.50924024640657,52533536.0,1.0,1.0,0.0,0,0,0,52533536.0,0.0
2026-09-19,Brennan Johnson,Tottenham Hotspur FC,PL,,23.19233401779603,52377656.0,1.0,1.0,0.0,0,0,0,52377656.0,0.0
2026-09-19,Justin Kluivert,AFC Bournemouth,PL,,25.24298425735797,52331320.0,1.0,0.95,0.0,0,0,0,49714754.0,-5.0
2026-09-19,Conor Gallagher,Club Atlético de Madrid,PD,,24.484599589322382,52011500.0,1.0,1.0,0.0,0,0,0,52011500.0,0.0
2026-09-19,Leroy Sané,FC Bayern München,BL1,,28.555783709787818,51825924.0,1.0,0.95,0.0,0,0,0,49234628.0,-5.0
2026-09-19,Jacob Murphy,Newcastle United FC,PL,,29.43463381245722,51423296.0,1.0,0.95,0.0,0,0,0,48852131.0,-5.0
2026-09-19,Omar Marmoush,Manchester City FC,PL,,25.481177275838466,50945324.0,1.0,0.95,0.0,0,0,0,48398058.0,-5.0
2026-09-19,Tijjani Reijnders,AC Milan,SA,,26.00958247775496,50386472.0,1.0,0.95,0.0,0,0,0,47867148.0,-5.0
2026-09-19,Evann Guessand,OGC Nice,FL1,,23.08555783709788,50236484.0,1.0,1.0,0.0,0,0,0,50236484.0,0.0
2026-09-19,Joshua Zirkzee,Manchester United FC,PL,,23.195071868583163,50069180.0,1.0,1.0,0.0,0,0,0,50069180.0,0.0
2026-09-19,Patrik Schick,Bayer 04 Leverkusen,BL1,,28.52019164955509,49827576.0,1.0,0.95,0.0,0,0,0,47336197.0,-5.0
2026-09-19,Bernardo Silva,Manchester City FC,PL,,29.976728268309376,49424260.0,1.0,0.95,0.0,0,0,0,46953047.0,-5.0
2026-09-19,Harvey Barnes,Newcastle United FC,PL,,26.64476386036961,48698580.0,1.0,0.95,0.0,0,0,0,46263651.0,-5.0
2026-09-19,Ritsu Doan,SC Freiburg,BL1,,26.127310061601644,48569084.0,1.0,0.95,0.0,0,0,0,46140630.0,-5.0
2026-09-19,Ismaïla Sarr,Crystal Palace FC,PL,,26.431211498973305,48392100.0,1.0,0.95,0.0,0,0,0,45972495.0,-5.0
2026-09-19,Ollie Watkins,Aston Villa FC,PL,,28.588637919233403,48138200.0,1.0,0.95,0.0,0,0,0,45731290.0,-5.0
2026-09-19,Karim Adeyemi,Borussia Dortmund,BL1,,22.535249828884325,47675208.0,1.0,1.0,0.0,0,0,0,47675208.0,0.0
2026-09-19,Evanilson,AFC Bournemouth,PL,,24.82135523613963,47555056.0,1.0,1.0,0.0,0,0,0,47555056.0,0.0
2026-09-19,Alejandro Garnacho,Manchester United FC,PL,,20.08487337440109,46696584.0,1.0,1.0,0.0,0,0,0,46696584.0,0.0
2026-09-19,Dango Ouattara,AFC Bournemouth,PL,,22.469541409993155,46576768.0,1.0,1.0,0.0,0,0,0,46576768.0,0.0
2026-09-19,Nicolò Barella,FC Internazionale Milano,SA,,27.479808350444905,46554652.0,1.0,0.95,0.0,0,0,0,44226919.0,-5.0
2026-09-19,Jørgen Strand Larsen,Wolverhampton Wanderers FC,PL,,24.484599589322382,45821000.0,1.0,1.0,0.0,0,0,0,45821000.0,0.0
2026-09-19,Fabián Ruiz,Paris Saint-Germain FC,FL1,,28.32854209445585,45476040.0,1.0,0.95,0.0,0,0,0,43202238.0,-5.0
2026-09-19,Maximilian Beier,Borussia Dortmund,BL1,,21.790554414784395,45248920.0,1.0,1.0,0.0,0,0,0,45248920.0,0.0
2026-09-19,Kai Havertz,Arsenal FC,PL,,25.14168377823409,45072340.0,1.0,0.95,0.0,0,0,0,42818723.0,-5.0
2026-09-19,Mateo Retegui,Atalanta BC,SA,,25.259411362080765,44505872.0,1.0,0.95,0.0,0,0,0,42280578.0,-5.0
2026-09-19,Nikola Milenković,Nottingham Forest FC,PL,,26.80355920602328,44461920.0,1.0,0.95,0.0,0,0,0,42238824.0,-5.0
2026-09-19,Georginio Rutter,Brighton & Hove Albion FC,PL,,22.28336755646817,44132580.0,1.0,1.0,0.0,0,0,0,44132580.0,0.0
2026-09-19,Ademola Lookman,Atalanta BC,SA,,26.781656399726216,43972012.0,1.0,0.95,0.0,0,0,0,41773411.0,-5.0
2026-09-19,Khvicha Kvaratskhelia,SSC Napoli,SA,,23.46611909650924,43762836.0,1.0,1.0,0.0,0,0,0,43762836.0,0.0
2026-09-19,Kevin Schade,Brentford FC,PL,,22.6776180698152,43594464.0,1.0,1.0,0.0,0,0,0,43594464.0,0.0
2026-09-19,Jarrod Bowen,West Ham United FC,PL,,28.583162217659137,43388328.0,1.0,0.95,0.0,0,0,0,41218912.0,-5.0
2026-09-19,Lucas Paquetá,West Ham United FC,PL,,26.92950034223135,43105232.0,1.0,0.95,0.0,0,0,0,40949970.0,-5.0
2026-09-19,Richarlison,Tottenham Hotspur FC,PL,,27.227926078028748,42486108.0,1.0,0.95,0.0,0,0,0,40361803.0,-5.0
2026-09-19,Thierno Barry,Villarreal CF,PD,,24.553045859000683,42196748.0,1.0,1.0,0.0,0,0,0,42196748.0,0.0
2026-09-19,Adrien Rabiot,Olympique de Marseille,FL1,,29.3305954825462,41813064.0,1.0,0.95,0.0,0,0,0,39722411.0,-5.0
2026-09-19,Dan Ndoye,Bologna FC 1909,SA,,23.76728268309377,41620588.0,1.0,1.0,0.0,0,0,0,41620588.0,0.0
2026-09-19,Jean-Philippe Mateta,Crystal Palace FC,PL,,27.09377138945928,41611700.0,1.0,0.95,0.0,0,0,0,39531115.0,-5.0
2026-09-19,Julian Brandt,Borussia Dortmund,BL1,,28.249144421629023,41554752.0,1.0,0.95,0.0,0,0,0,39477014.0,-5.0
2026-09-19,Marcus Tavernier,AFC Bournemouth,PL,,25.363449691991782,41240808.0,1.0,0.95,0.0,0,0,0,39178768.0,-5.0
2026-09-19,Randal Kolo Muani,Juventus FC,SA,,25.65639972621492,41211872.0,1.0,0.95,0.0,0,0,0,39151278.0,-5.0
2026-09-19,Jeremie Frimpong,Bayer 04 Leverkusen,BL1,,23.64134154688569,41198668.0,1.0,1.0,0.0,0,0,0,41198668.0,0.0
2026-09-19,Amadou Onana,Aston Villa FC,PL,,22.9596167008898,41137576.0,1.0,1.0,0.0,0,0,0,41137576.0,0.0
2026-09-19,Davide Frattesi,FC Internazionale Milano,SA,,24.85968514715948,40611108.0,1.0,1.0,0.0,0,0,0,40611108.0,0.0
2026-09-19,Mason Greenwood,Olympique de Marseille,FL1,,22.833675564681723,40604680.0,1.0,1.0,0.0,0,0,0,40604680.0,0.0
2026-09-19,Serge Gnabry,FC Bayern München,BL1,,29.05133470225873,40407360.0,1.0,0.95,0.0,0,0,0,38386992.0,-5.0
2026-09-19,Fábio Silva,UD Las Palmas,PD,,22.036960985626283,39928072.0,1.0,1.0,0.0,0,0,0,39928072.0,0.0
2026-09-19,Federico Dimarco,FC Internazionale Milano,SA,,26.72416153319644,39403404.0,1.0,0.95,0.0,0,0,0,37433234.0,-5.0
2026-09-19,Amine Gouiri,Olympique de Marseille,FL1,,24.45722108145106,39279216.0,1.0,1.0,0.0,0,0,0,39279216.0,0.0
2026-09-19,Iliman Ndiaye,Everton FC,PL,,24.40520191649555,38878432.0,1.0,1.0,0.0,0,0,0,38878432.0,0.0
2026-09-19,Dilane Bakwa,RC Strasbourg Alsace,FL1,,21.932922655715263,38836116.0,1.0,1.0,0.0,0,0,0,38836116.0,0.0
2026-09-19,Nikola Krstović,US Lecce,SA,,24.32306639288159,38366168.0,1.0,1.0,0.0,0,0,0,38366168.0,0.0
2026-09-19,Khvicha Kvaratskhelia,Paris Saint-Germain FC,FL1,,23.46611909650924,38118532.0,1.0,1.0,0.0,0,0,0,38118532.0,0.0
2026-09-19,Callum Hudson-Odoi,Nottingham Forest FC,PL,,23.731690622861056,38004988.0,1.0,1.0,0.0,0,0,0,38004988.0,0.0
2026-09-19,Kingsley Coman,FC Bayern München,BL1,,28.13415468856948,38000856.0,1.0,0.95,0.0,0,0,0,36100813.0,-5.0
2026-09-19,Denzel Dumfries,FC Internazionale Milano,SA,,28.28747433264887,37335792.0,1.0,0.95,0.0,0,0,0,35469002.0,-5.0
2026-09-19,Jonathan Burkardt,1. FSV Mainz 05,BL1,,24.057494866529773,36718692.0,1.0,1.0,0.0,0,0,0,36718692.0,0.0
2026-09-19,Arnaud Kalimuendo,Stade Rennais FC 1901,FL1,,22.529774127310063,36581888.0,1.0,1.0,0.0,0,0,0,36581888.0,0.0
2026-09-19,Jonathan Tah,Bayer 04 Leverkusen,BL1,,28.470910335386723,36350624.0,1.0,0.95,0.0,0,0,0,34533093.0,-5.0
2026-09-19,Rasmus Højlund,Manchester United FC,PL,,21.489390828199863,36232740.0,1.0,1.0,0.0,0,0,0,36232740.0,0.0
2026-09-19,Francisco Conceição,Juventus FC,SA,,21.631759069130734,36033156.0,1.0,1.0,0.0,0,0,0,36033156.0,0.0
2026-09-19,Alex Iwobi,Fulham FC,PL,,28.246406570841888,35952696.0,1.0,0.95,0.0,0,0,0,34155061.0,-5.0
2026-09-19,Leon Goretzka,FC Bayern München,BL1,,29.4839151266256,35902740.0,1.0,0.95,0.0,0,0,0,34107603.0,-5.0
2026-09-19,Harry Wilson,Fulham FC,PL,,27.362080766598226,35638836.0,1.0,0.95,0.0,0,0,0,33856894.0,-5.0
2026-09-19,Alexis Saelemaekers,AS Roma,SA,,25.097878165639973,35198784.0,1.0,0.95,0.0,0,0,0,33438845.0,-5.0
2026-09-19,Charles De Ketelaere,Atalanta BC,SA,,23.394934976043807,35098824.0,1.0,1.0,0.0,0,0,0,35098824.0,0.0
2026-09-19,Luis Henrique,Olympique de Marseille,FL1,,22.63107460643395,34843224.0,1.0,1.0,0.0,0,0,0,34843224.0,0.0
2026-09-19,Mohamed Salah,Liverpool FC,PL,,32.12867898699521,34508960.0,1.0,0.82,0.0,0,0,0,28297347.0,-18.0
2026-09-19,Mikel Oyarzabal,Real Sociedad de Fútbol,PD,,27.27994524298425,34161672.0,1.0,0.95,0.0,0,0,0,32453588.0,-5.0
2026-09-19,Ryan Sessegnon,Fulham FC,PL,,24.205338809034902,34112380.0,1.0,1.0,0.0,0,0,0,34112380.0,0.0
2026-09-19,Ange-Yoan Bonny,Parma Calcio 1913,SA,,20.76933607118412,33967984.0,1.0,1.0,0.0,0,0,0,33967984.0,0.0
2026-09-19,Hamed Traoré,AJ Auxerre,FL1,,24.45722108145106,33490064.0,1.0,1.0,0.0,0,0,0,33490064.0,0.0
2026-09-19,Giacomo Raspadori,SSC Napoli,SA,,24.4517453798768,32913544.0,1.0,1.0,0.0,0,0,0,32913544.0,0.0
2026-09-19,Joelinton,Newcastle United FC,PL,,27.964407939767284,32750852.0,1.0,0.95,0.0,0,0,0,31113309.0,-5.0
2026-09-19,Bafodé Diakité,Lille OSC,FL1,,23.567419575633128,32327092.0,1.0,1.0,0.0,0,0,0,32327092.0,0.0
2026-09-19,Beto,Everton FC,PL,,26.49965776865161,32184420.0,1.0,0.95,0.0,0,0,0,30575199.0,-5.0
2026-09-19,Scott McTominay,SSC Napoli,SA,,27.64681724845996,32164656.0,1.0,0.95,0.0,0,0,0,30556423.0,-5.0
2026-09-19,Ethan Nwaneri,Arsenal FC,PL,,17.366187542778917,31766472.0,1.0,1.0,0.0,0,0,0,31766472.0,0.0
2026-09-19,Dwight McNeil,Everton FC,PL,,24.692676249144423,31749692.0,1.0,1.0,0.0,0,0,0,31749692.0,0.0
2026-09-19,Jhon Durán,Aston Villa FC,PL,,20.635181382614647,31525216.0,1.0,1.0,0.0,0,0,0,31525216.0,0.0
2026-09-19,Ángel Correa,Club Atlético de Madrid,PD,,29.399041752224505,31362624.0,1.0,0.95,0.0,0,0,0,29794493.0,-5.0
2026-09-19,Samuel Chukwueze,AC Milan,SA,,25.196440793976727,31335596.0,1.0,0.95,0.0,0,0,0,29768816.0,-5.0
2026-09-19,Tomáš Souček,West Ham United FC,PL,,29.426420260095824,31289668.0,1.0,0.95,0.0,0,0,0,29725185.0,-5.0
2026-09-19,Victor Boniface,Bayer 04 Leverkusen,BL1,,23.60574948665298,30575516.0,1.0,1.0,0.0,0,0,0,30575516.0,0.0
2026-09-19,Ermedin Demirovic,VfB Stuttgart,BL1,,26.354551676933607,30422988.0,1.0,0.95,0.0,0,0,0,28901839.0,-5.0
2026-09-19,Romelu Lukaku,SSC Napoli,SA,,31.21971252566735,30337632.0,1.0,0.82,0.0,0,0,0,24876858.0,-18.0
2026-09-19,Georges Mikautadze,Olympique Lyonnais,FL1,,23.750855578370977,29855672.0,1.0,1.0,0.0,0,0,0,29855672.0,0.0
2026-09-19,Donyell Malen,Borussia Dortmund,BL1,,25.533196440793976,29590636.0,1.0,0.95,0.0,0,0,0,28111104.0,-5.0
2026-09-19,Moise Kean,ACF Fiorentina,SA,,24.424366872005475,29580592.0,1.0,1.0,0.0,0,0,0,29580592.0,0.0
2026-09-19,Emile Smith Rowe,Fulham FC,PL,,24.01095140314853,29504240.0,1.0,1.0,0.0,0,0,0,29504240.0,0.0
2026-09-19,Takefusa Kubo,Real Sociedad de Fútbol,PD,,23.159479808350444,29213060.0,1.0,1.0,0.0,0,0,0,29213060.0,0.0
2026-09-19,Theo Hernández,AC Milan,SA,,26.819986310746064,28687504.0,1.0,0.95,0.0,0,0,0,27253129.0,-5.0
2026-09-19,Maghnes Akliouche,AS Monaco FC,FL1,,22.431211498973305,28385536.0,1.0,1.0,0.0,0,0,0,28385536.0,0.0
2026-09-19,Éderson,Atalanta BC,SA,,25.07049965776865,28100196.0,1.0,0.95,0.0,0,0,0,26695186.0,-5.0
2026-09-19,Rodrigo Muniz,Fulham FC,PL,,23.24435318275154,27995820.0,1.0,1.0,0.0,0,0,0,27995820.0,0.0
2026-09-19,Patrick Dorgu,US Lecce,SA,,19.76454483230664,27979220.0,1.0,1.0,0.0,0,0,0,27979220.0,0.0
2026-09-19,Eljif Elmas,Torino FC,SA,,24.854209445585216,27458576.0,1.0,1.0,0.0,0,0,0,27458576.0,0.0
2026-09-19,Artem Dovbyk,AS Roma,SA,,27.1129363449692,27206360.0,1.0,0.95,0.0,0,0,0,25846042.0,-5.0
2026-09-19,Sebastian Nanasi,RC Strasbourg Alsace,FL1,,22.21218343600274,26354072.0,1.0,1.0,0.0,0,0,0,26354072.0,0.0
2026-09-19,Martinelli,Arsenal FC,PL,,23.1211498973306,26219604.0,1.0,1.0,0.0,0,0,0,26219604.0,0.0
2026-09-19,Pape Gueye,Villarreal CF,PD,,25.51950718685832,26013328.0,1.0,0.95,0.0,0,0,0,24712662.0,-5.0
2026-09-19,Ansgar Knauff,Eintracht Frankfurt,BL1,,22.55715263518138,25940640.0,1.0,1.0,0.0,0,0,0,25940640.0,0.0
2026-09-19,Daniel Muñoz,Crystal Palace FC,PL,,28.18343600273785,25928128.0,1.0,0.95,0.0,0,0,0,24631722.0,-5.0
2026-09-19,Tiago Tomás,VfL Wolfsburg,BL1,,22.127310061601644,25512616.0,1.0,1.0,0.0,0,0,0,25512616.0,0.0
2026-09-19,Denis Zakaria,AS Monaco FC,FL1,,27.696098562628336,24592168.0,1.0,0.95,0.0,0,0,0,23362560.0,-5.0
2026-09-19,Diego López,Valencia CF,PD,,22.220396988364133,24471076.0,1.0,1.0,0.0,0,0,0,24471076.0,0.0
2026-09-19,Ludovic Blas,Stade Rennais FC 1901,FL1,,26.584531143052704,24424584.0,1.0,0.95,0.0,0,0,0,23203355.0,-5.0
2026-09-19,Hugo Larsson,Eintracht Frankfurt,BL1,,20.095824777549623,24140444.0,1.0,1.0,0.0,0,0,0,24140444.0,0.0
2026-09-19,Koni De Winter,Genoa CFC,SA,,22.138261464750173,24138880.0,1.0,1.0,0.0,0,0,0,24138880.0,0.0
2026-09-19,Hakan Çalhanoğlu,FC Internazionale Milano,SA,,30.47775496235456,24000188.0,1.0,0.82,0.0,0,0,0,19680154.0,-18.0
2026-09-19,Neil El Aynaoui,Racing Club de Lens,FL1,,23.082819986310746,23823184.0,1.0,1.0,0.0,0,0,0,23823184.0,0.0
2026-09-19,Jack Hinshelwood,Brighton & Hove Albion FC,PL,,19.307323750855577,23749956.0,1.0,1.0,0.0,0,0,0,23749956.0,0.0
2026-09-19,Giovani Lo Celso,Real Betis Balompié,PD,,28.31211498973306,23648344.0,1.0,0.95,0.0,0,0,0,22465927.0,-5.0
2026-09-19,Enzo Millot,VfB Stuttgart,BL1,,22.04243668720055,23333768.0,1.0,1.0,0.0,0,0,0,23333768.0,0.0
2026-09-19,Riccardo Orsolini,Bologna FC 1909,SA,,27.51813826146475,22819688.0,1.0,0.95,0.0,0,0,0,21678704.0,-5.0
2026-09-19,Breel Embolo,AS Monaco FC,FL1,,27.460643394934976,22466888.0,1.0,0.95,0.0,0,0,0,21343544.0,-5.0
2026-09-19,Rayan Aït Nouri,Wolverhampton Wanderers FC,PL,,23.15400410677618,22365900.0,1.0,1.0,0.0,0,0,0,22365900.0,0.0
2026-09-19,Deniz Undav,VfB Stuttgart,BL1,,28.03559206023272,22340788.0,1.0,0.95,0.0,0,0,0,21223749.0,-5.0
2026-09-19,Daniel Maldini,Atalanta BC,SA,,22.806297056810404,22129372.0,1.0,1.0,0.0,0,0,0,22129372.0,0.0
2026-09-19,Habib Diarra,RC Strasbourg Alsace,FL1,,20.577686516084874,21989432.0,1.0,1.0,0.0,0,0,0,21989432.0,0.0
2026-09-19,Raphaël Guerreiro,FC Bayern München,BL1,,30.60917180013689,21963820.0,1.0,0.82,0.0,0,0,0,18010332.0,-18.0
2026-09-19,Oihan Sancet,Athletic Club,PD,,24.268309377138944,21925020.0,1.0,1.0,0.0,0,0,0,21925020.0,0.0
2026-09-19,Jonas Wind,VfL Wolfsburg,BL1,,25.481177275838466,21905084.0,1.0,0.95,0.0,0,0,0,20809830.0,-5.0
2026-09-19,Kenan Yıldız,Juventus FC,SA,,19.24435318275154,21637124.0,1.0,1.0,0.0,0,0,0,21637124.0,0.0
2026-09-19,Alberto Moleiro,UD Las Palmas,PD,,20.83778234086242,21106896.0,1.0,1.0,0.0,0,0,0,21106896.0,0.0
2026-09-19,Eliesse Ben Seghir,AS Monaco FC,FL1,,19.45516769336071,21106092.0,1.0,1.0,0.0,0,0,0,21106092.0,0.0
2026-09-19,Tammy Abraham,AC Milan,SA,,26.830937713894592,21086252.0,1.0,0.95,0.0,0,0,0,20031939.0,-5.0
2026-09-19,Nico Paz,Como 1907,SA,,19.89596167008898,20909352.0,1.0,1.0,0.0,0,0,0,20909352.0,0.0
2026-09-19,Roberto Piccoli,Cagliari Calcio,SA,,23.509924709103355,20601996.0,1.0,1.0,0.0,0,0,0,20601996.0,0.0
2026-09-19,Moses Simon,FC Nantes,FL1,,29.05681040383299,20274120.0,1.0,0.95,0.0,0,0,0,19260414.0,-5.0
2026-09-19,Yangel Herrera,Girona FC,PD,,26.56536618754278,20265768.0,1.0,0.95,0.0,0,0,0,19252480.0,-5.0
2026-09-19,Tom Bischof,TSG 1899 Hoffenheim,BL1,,19.09377138945928,20089352.0,1.0,1.0,0.0,0,0,0,20089352.0,0.0
2026-09-19,Mario Pašalić,Atalanta BC,SA,,29.475701574264203,20085292.0,1.0,0.95,0.0,0,0,0,19081027.0,-5.0
2026-09-19,Eldor Shomurodov,AS Roma,SA,,29.09240246406571,20019696.0,1.0,0.95,0.0,0,0,0,19018711.0,-5.0
2026-09-19,Cucurella,Chelsea FC,PL,,26.028747433264886,19991764.0,1.0,0.95,0.0,0,0,0,18992176.0,-5.0
2026-09-19,Nico Williams,Athletic Club,PD,,22.05612594113621,19918688.0,1.0,1.0,0.0,0,0,0,19918688.0,0.0
2026-09-19,Gustav Isaksen,SS Lazio,SA,,23.28542094455852,19690384.0,1.0,1.0,0.0,0,0,0,19690384.0,0.0
2026-09-19,Heung-min Son,Tottenham Hotspur FC,PL,,32.06570841889117,19526048.0,1.0,0.82,0.0,0,0,0,16011359.0,-18.0
2026-09-19,Óscar Mingueza,RC Celta de Vigo,PD,,25.22108145106092,19501784.0,1.0,0.95,0.0,0,0,0,18526695.0,-5.0
2026-09-19,Mika Biereth,AS Monaco FC,FL1,,21.47843942505133,19464324.0,1.0,1.0,0.0,0,0,0,19464324.0,0.0
2026-09-19,Nicolas Pépé,Villarreal CF,PD,,29.177275838466805,19434052.0,1.0,0.95,0.0,0,0,0,18462349.0,-5.0
2026-09-19,Simon Sohm,Parma Calcio 1913,SA,,23.307323750855577,19412640.0,1.0,1.0,0.0,0,0,0,19412640.0,0.0
2026-09-19,Anastasios Douvikas,RC Celta de Vigo,PD,,24.99931553730321,19184792.0,1.0,1.0,0.0,0,0,0,19184792.0,0.0
2026-09-19,Ridle Baku,RB Leipzig,BL1,,26.31622176591376,19114520.0,1.0,0.95,0.0,0,0,0,18158794.0,-5.0
2026-09-19,Yacine Adli,ACF Fiorentina,SA,,24.0082135523614,19108104.0,1.0,1.0,0.0,0,0,0,19108104.0,0.0
2026-09-19,Zuriko Davitashvili,AS Saint-Étienne,FL1,,23.457905544147845,18922156.0,1.0,1.0,0.0,0,0,0,18922156.0,0.0
2026-09-19,Lorenzo Colombo,Empoli FC,SA,,22.40109514031485,18816812.0,1.0,1.0,0.0,0,0,0,18816812.0,0.0
2026-09-19,Chris Wood,Nottingham Forest FC,PL,,32.65160848733744,18768136.0,1.0,0.82,0.0,0,0,0,15389872.0,-18.0
2026-09-19,Gaetano Oristanio,Venezia FC,SA,,21.842573579739906,18683664.0,1.0,1.0,0.0,0,0,0,18683664.0,0.0
2026-09-19,Shuto Machino,Holstein Kiel,BL1,,24.83778234086242,18640808.0,1.0,1.0,0.0,0,0,0,18640808.0,0.0
2026-09-19,Christian Nørgaard,Brentford FC,PL,,30.39561943874059,18453212.0,1.0,0.82,0.0,0,0,0,15131634.0,-18.0
2026-09-19,Santiago Castro,Bologna FC 1909,SA,,19.86858316221766,18200628.0,1.0,1.0,0.0,0,0,0,18200628.0,0.0
2026-09-19,Jonathan Rowe,Olympique de Marseille,FL1,,21.256673511293634,18180608.0,1.0,1.0,0.0,0,0,0,18180608.0,0.0
2026-09-19,Joško Gvardiol,Manchester City FC,PL,,22.521560574948666,18149564.0,1.0,1.0,0.0,0,0,0,18149564.0,0.0
2026-09-19,Mateo Kovačić,Manchester City FC,PL,,30.23956194387405,17851760.0,1.0,0.82,0.0,0,0,0,14638443.0,-18.0
2026-09-19,Mitchel Bakker,Lille OSC,FL1,,24.11498973305955,17366332.0,1.0,1.0,0.0,0,0,0,17366332.0,0.0
2026-09-19,Nikola Vlašić,Torino FC,SA,,26.82546201232033,17324680.0,1.0,0.95,0.0,0,0,0,16458446.0,-5.0
2026-09-19,Yankubah Minteh,Brighton & Hove Albion FC,PL,,20.02737850787132,17277884.0,1.0,1.0,0.0,0,0,0,17277884.0,0.0
2026-09-19,Hans Nicolussi Caviglia,Venezia FC,SA,,24.12046543463381,17043728.0,1.0,1.0,0.0,0,0,0,17043728.0,0.0
2026-09-19,Bryan Cristante,AS Roma,SA,,29.415468856947296,16686040.0,1.0,0.95,0.0,0,0,0,15851738.0,-5.0
2026-09-19,Keito Nakamura,Stade de Reims,FL1,,24.01095140314853,16321067.0,1.0,1.0,0.0,0,0,0,16321067.0,0.0
2026-09-19,Patrick Cutrone,Como 1907,SA,,26.576317590691307,16281114.0,1.0,0.95,0.0,0,0,0,15467058.0,-5.0
2026-09-19,Emre Can,Borussia Dortmund,BL1,,30.55167693360712,16211888.0,1.0,0.82,0.0,0,0,0,13293748.0,-18.0
2026-09-19,Nathaniel Brown,Eintracht Frankfurt,BL1,,21.127994524298423,16116406.0,1.0,1.0,0.0,0,0,0,16116406.0,0.0
2026-09-19,Jacob Bruun Larsen,VfB Stuttgart,BL1,,25.867214236824093,16110167.0,1.0,0.95,0.0,0,0,0,15304659.0,-5.0
2026-09-19,Boulaye Dia,SS Lazio,SA,,27.707049965776864,15970656.0,1.0,0.95,0.0,0,0,0,15172123.0,-5.0
2026-09-19,Hugo Duro,Valencia CF,PD,,24.725530458590008,15919684.0,1.0,1.0,0.0,0,0,0,15919684.0,0.0
2026-09-19,Brais Méndez,Real Sociedad de Fútbol,PD,,27.564681724846,15909576.0,1.0,0.95,0.0,0,0,0,15114097.0,-5.0
2026-09-19,Mattias Svanberg,VfL Wolfsburg,BL1,,25.571526351813823,15850785.0,1.0,0.95,0.0,0,0,0,15058246.0,-5.0
2026-09-19,Nadir Zortea,Cagliari Calcio,SA,,25.11978097193703,15802938.0,1.0,0.95,0.0,0,0,0,15012791.0,-5.0
2026-09-19,Marco Brescianini,Atalanta BC,SA,,24.531143052703623,15790133.0,1.0,1.0,0.0,0,0,0,15790133.0,0.0
2026-09-19,Lucas Beltrán,ACF Fiorentina,SA,,23.107460643394933,15695518.0,1.0,1.0,0.0,0,0,0,15695518.0,0.0
2026-09-19,Folarin Balogun,AS Monaco FC,FL1,,23.08008213552361,15598405.0,1.0,1.0,0.0,0,0,0,15598405.0,0.0
2026-09-19,Jens Odgaard,Bologna FC 1909,SA,,25.3388090349076,15485610.0,1.0,0.95,0.0,0,0,0,14711330.0,-5.0
2026-09-19,Lassine Sinayoko,AJ Auxerre,FL1,,24.648870636550303,15325149.0,1.0,1.0,0.0,0,0,0,15325149.0,0.0
2026-09-19,Stephy Mavididi,Leicester City FC,PL,,26.17111567419576,15293583.0,1.0,0.95,0.0,0,0,0,14528904.0,-5.0
2026-09-19,Samuel Szmodics,Ipswich Town FC,PL,,28.854209445585216,15099962.0,1.0,0.95,0.0,0,0,0,14344964.0,-5.0
2026-09-19,Youssouf Ndayishimiye,OGC Nice,FL1,,25.76317590691308,14924071.0,1.0,0.95,0.0,0,0,0,14177867.0,-5.0
2026-09-19,Jacopo Fazzini,Empoli FC,SA,,21.37987679671458,14923672.0,1.0,1.0,0.0,0,0,0,14923672.0,0.0
2026-09-19,Can Uzun,Eintracht Frankfurt,BL1,,18.72142368240931,14663159.0,1.0,1.0,0.0,0,0,0,14663159.0,0.0
2026-09-19,Ayoze Pérez,Villarreal CF,PD,,31.00889801505818,14418134.0,1.0,0.82,0.0,0,0,0,11822870.0,-18.0
2026-09-19,Iñaki Williams,Athletic Club,PD,,30.13004791238877,14356445.0,1.0,0.82,0.0,0,0,0,11772285.0,-18.0
2026-09-19,Lorenzo Lucca,Udinese Calcio,SA,,23.89048596851472,14319936.0,1.0,1.0,0.0,0,0,0,14319936.0,0.0
2026-09-19,Takumi Minamino,AS Monaco FC,FL1,,29.541409993155373,14281858.0,1.0,0.95,0.0,0,0,0,13567765.0,-5.0
2026-09-19,Mattia Zaccagni,SS Lazio,SA,,29.127994524298423,14245185.0,1.0,0.95,0.0,0,0,0,13532926.0,-5.0
2026-09-19,Mahdi Camara,Stade Brestois 29,FL1,,26.0889801505818,14235759.0,1.0,0.95,0.0,0,0,0,13523971.0,-5.0
2026-09-19,Rolando Mandragora,ACF Fiorentina,SA,,27.091033538672143,14189810.0,1.0,0.95,0.0,0,0,0,13480320.0,-5.0
2026-09-19,Cyle Larin,RCD Mallorca,PD,,29.29226557152635,14133411.0,1.0,0.95,0.0,0,0,0,13426740.0,-5.0
2026-09-19,Robin Hack,Borussia Mönchengladbach,BL1,,25.93018480492813,14040553.0,1.0,0.95,0.0,0,0,0,13338525.0,-5.0
2026-09-19,Andrea Pinamonti,Genoa CFC,SA,,25.204654346338124,14015028.0,1.0,0.95,0.0,0,0,0,13314277.0,-5.0
2026-09-19,Umar Sadiq,Valencia CF,PD,,27.49349760438056,14004767.0,1.0,0.95,0.0,0,0,0,13304529.0,-5.0
2026-09-19,Romano Schmid,SV Werder Bremen,BL1,,24.511978097193705,13968778.0,1.0,1.0,0.0,0,0,0,13968778.0,0.0
2026-09-19,Vedat Muriqi,RCD Mallorca,PD,,30.272416153319643,13933467.0,1.0,0.82,0.0,0,0,0,11425443.0,-18.0
2026-09-19,Abdallah Sima,Stade Brestois 29,FL1,,23.123887748117728,13901295.0,1.0,1.0,0.0,0,0,0,13901295.0,0.0
2026-09-19,Edon Zhegrova,Lille OSC,FL1,,25.3388090349076,13874673.0,1.0,0.95,0.0,0,0,0,13180939.0,-5.0
2026-09-19,Gabriel Strefezza,Como 1907,SA,,27.28815879534565,13832290.0,1.0,0.95,0.0,0,0,0,13140676.0,-5.0
2026-09-19,Dennis Man,Parma Calcio 1913,SA,,25.932922655715263,13817998.0,1.0,0.95,0.0,0,0,0,13127098.0,-5.0
2026-09-19,Aimar Oroz,CA Osasuna,PD,,22.6776180698152,13682069.0,1.0,1.0,0.0,0,0,0,13682069.0,0.0
2026-09-19,Malick Fofana,Olympique Lyonnais,FL1,,19.33744010951403,13678729.0,1.0,1.0,0.0,0,0,0,13678729.0,0.0
2026-09-19,Cucho Hernández,Real Betis Balompié,PD,,25.28405201916496,13645296.0,1.0,0.95,0.0,0,0,0,12963031.0,-5.0
2026-09-19,Thilo Kehrer,AS Monaco FC,FL1,,27.860369609856264,13641601.0,1.0,0.95,0.0,0,0,0,12959521.0,-5.0
2026-09-19,Tim Kleindienst,Borussia Mönchengladbach,BL1,,28.919917864476385,13598218.0,1.0,0.95,0.0,0,0,0,12918307.0,-5.0
2026-09-19,Matias Fernandez-Pardo,Lille OSC,FL1,,19.49075975359343,13346757.0,1.0,1.0,0.0,0,0,0,13346757.0,0.0
2026-09-19,Antonio Nusa,RB Leipzig,BL1,,19.290896646132783,13194458.0,1.0,1.0,0.0,0,0,0,13194458.0,0.0
2026-09-19,Vitinha,Paris Saint-Germain FC,FL1,,24.465434633812457,13146628.0,1.0,1.0,0.0,0,0,0,13146628.0,0.0
2026-09-19,Antony,Real Betis Balompié,PD,,24.435318275154003,13067928.0,1.0,1.0,0.0,0,0,0,13067928.0,0.0
2026-09-19,Marshall Munetsi,Stade de Reims,FL1,,28.109514031485283,12925466.0,1.0,0.95,0.0,0,0,0,12279193.0,-5.0
2026-09-19,Pablo Torre,FC Barcelona,PD,,21.3305954825462,12907309.0,1.0,1.0,0.0,0,0,0,12907309.0,0.0
2026-09-19,Zakaria Aboukhlal,Toulouse FC,FL1,,24.4517453798768,12844414.0,1.0,1.0,0.0,0,0,0,12844414.0,0.0
2026-09-19,Robert Lewandowski,FC Barcelona,PD,,35.945242984257355,12799196.0,1.0,0.65,0.0,0,0,0,8319477.0,-35.0
2026-09-19,Pablo Rosario,OGC Nice,FL1,,27.564681724846,12788800.0,1.0,0.95,0.0,0,0,0,12149360.0,-5.0
2026-09-19,Giovanni Fabbian,Bologna FC 1909,SA,,21.54688569472964,12734107.0,1.0,1.0,0.0,0,0,0,12734107.0,0.0
2026-09-19,Sebastiano Esposito,Empoli FC,SA,,22.083504449007528,12672153.0,1.0,1.0,0.0,0,0,0,12672153.0,0.0
2026-09-19,Santi Comesaña,Villarreal CF,PD,,27.822039698836413,12573921.0,1.0,0.95,0.0,0,0,0,11945225.0,-5.0
2026-09-19,Raúl Moro,Real Valladolid CF,PD,,21.65639972621492,12507401.0,1.0,1.0,0.0,0,0,0,12507401.0,0.0
2026-09-19,Marash Kumbulla,RCD Espanyol de Barcelona,PD,,24.47912388774812,12414755.0,1.0,1.0,0.0,0,0,0,12414755.0,0.0
2026-09-19,Facundo Buonanotte,Leicester City FC,PL,,19.60574948665298,12401715.0,1.0,1.0,0.0,0,0,0,12401715.0,0.0
2026-09-19,Paul Wanner,1. FC Heidenheim 1846,BL1,,18.60643394934976,12265205.0,1.0,1.0,0.0,0,0,0,12265205.0,0.0
2026-09-19,Matteo Cancellieri,Parma Calcio 1913,SA,,22.466803559206024,12187109.0,1.0,1.0,0.0,0,0,0,12187109.0,0.0
2026-09-19,Gaëtan Laborde,OGC Nice,FL1,,30.24777549623545,12037499.0,1.0,0.82,0.0,0,0,0,9870749.0,-18.0
2026-09-19,Sofiane Diop,OGC Nice,FL1,,24.145106091718,11996517.0,1.0,1.0,0.0,0,0,0,11996517.0,0.0
2026-09-19,Antoine Griezmann,Club Atlético de Madrid,PD,,33.36618754277892,11980397.0,1.0,0.82,0.0,0,0,0,9823926.0,-18.0
2026-09-19,Matthis Abline,FC Nantes,FL1,,21.347022587268995,11957887.0,1.0,1.0,0.0,0,0,0,11957887.0,0.0
2026-09-19,Javi Puado,RCD Espanyol de Barcelona,PD,,26.187542778918548,11888276.0,1.0,0.95,0.0,0,0,0,11293862.0,-5.0
2026-09-19,Isco,Real Betis Balompié,PD,,32.27926078028747,11698408.0,1.0,0.82,0.0,0,0,0,9592695.0,-18.0
2026-09-19,Sandro,UD Las Palmas,PD,,29.065023956194388,11669615.0,1.0,0.95,0.0,0,0,0,11086134.0,-5.0
2026-09-19,Amin Sarr,Hellas Verona FC,SA,,23.392197125256672,11649844.0,1.0,1.0,0.0,0,0,0,11649844.0,0.0
2026-09-19,Samuel Mbangula,Juventus FC,SA,,20.542094455852155,11525237.0,1.0,1.0,0.0,0,0,0,11525237.0,0.0
2026-09-19,Álex Berenguer,Athletic Club,PD,,29.078713210130047,11494261.0,1.0,0.95,0.0,0,0,0,10919548.0,-5.0
2026-09-19,Fabian Schär,Newcastle United FC,PL,,32.616016427104725,11220847.0,1.0,0.82,0.0,0,0,0,9201095.0,-18.0
2026-09-19,Jens Stage,SV Werder Bremen,BL1,,27.72895277207392,11113073.0,1.0,0.95,0.0,0,0,0,10557419.0,-5.0
2026-09-19,Giovanni Di Lorenzo,SSC Napoli,SA,,30.99247091033539,11072809.0,1.0,0.82,0.0,0,0,0,9079703.0,-18.0
2026-09-19,Gorka Guruzeta,Athletic Club,PD,,27.88501026694045,11007741.0,1.0,0.95,0.0,0,0,0,10457354.0,-5.0
2026-09-19,Arnaut Danjuma,Girona FC,PD,,27.498973305954827,10915164.0,1.0,0.95,0.0,0,0,0,10369406.0,-5.0
2026-09-19,Frank Magri,Toulouse FC,FL1,,24.908966461327857,10798209.0,1.0,1.0,0.0,0,0,0,10798209.0,0.0
2026-09-19,Matteo Politano,SSC Napoli,SA,,30.99520876112252,10251423.0,1.0,0.82,0.0,0,0,0,8406167.0,-18.0
2026-09-19,Gaëtan Perrin,AJ Auxerre,FL1,,28.150581793292265,10162047.0,1.0,0.95,0.0,0,0,0,9653945.0,-5.0
2026-09-19,Kevin De Bruyne,Manchester City FC,PL,,33.09514031485284,10102157.0,1.0,0.82,0.0,0,0,0,8283769.0,-18.0
2026-09-19,Danny Welbeck,Brighton & Hove Albion FC,PL,,33.68104038329911,10053047.0,1.0,0.82,0.0,0,0,0,8243499.0,-18.0
2026-09-19,Mauro Arambarri,Getafe CF,PD,,28.83778234086242,9827063.0,1.0,0.95,0.0,0,0,0,9335710.0,-5.0
2026-09-19,Corentin Tolisso,Olympique Lyonnais,FL1,,29.9958932238193,9797530.0,1.0,0.95,0.0,0,0,0,9307654.0,-5.0
2026-09-19,Armin Gigovic,Holstein Kiel,BL1,,22.321697467488026,9771179.0,1.0,1.0,0.0,0,0,0,9771179.0,0.0
2026-09-19,Michael Keane,Everton FC,PL,,31.55373032169747,9733048.0,1.0,0.82,0.0,0,0,0,7981099.0,-18.0
2026-09-19,Yann Gboho,Toulouse FC,FL1,,23.54551676933607,9640667.0,1.0,1.0,0.0,0,0,0,9640667.0,0.0
2026-09-19,Thomas Partey,Arsenal FC,PL,,31.134839151266256,9595447.0,1.0,0.82,0.0,0,0,0,7868267.0,-18.0
2026-09-19,Franck Honorat,Borussia Mönchengladbach,BL1,,27.97262149212868,9546050.0,1.0,0.95,0.0,0,0,0,9068748.0,-5.0
2026-09-19,Paulo Dybala,AS Roma,SA,,30.71047227926078,9478232.0,1.0,0.82,0.0,0,0,0,7772150.0,-18.0
2026-09-19,Lucas Höler,SC Freiburg,BL1,,30.06160164271047,9427568.0,1.0,0.82,0.0,0,0,0,7730606.0,-18.0
2026-09-19,Samuel Essende,FC Augsburg,BL1,,26.521560574948666,9318053.0,1.0,0.95,0.0,0,0,0,8852150.0,-5.0
2026-09-19,Marvin Ducksch,SV Werder Bremen,BL1,,30.403832991101982,9183902.0,1.0,0.82,0.0,0,0,0,7530800.0,-18.0
2026-09-19,Vincenzo Grifo,SC Freiburg,BL1,,31.318275154004105,9174727.0,1.0,0.82,0.0,0,0,0,7523276.0,-18.0
2026-09-19,Paul Onuachu,Southampton FC,PL,,30.17932922655715,9139028.0,1.0,0.82,0.0,0,0,0,7494003.0,-18.0
2026-09-19,Mitchell Weiser,SV Werder Bremen,BL1,,30.28062970568104,9136344.0,1.0,0.82,0.0,0,0,0,7491802.0,-18.0
2026-09-19,Williot Swedberg,RC Celta de Vigo,PD,,20.49828884325804,8997461.0,1.0,1.0,0.0,0,0,0,8997461.0,0.0
2026-09-19,Marco Grüll,SV Werder Bremen,BL1,,26.072553045859,8982389.0,1.0,0.95,0.0,0,0,0,8533270.0,-5.0
2026-09-19,Borja Iglesias,RC Celta de Vigo,PD,,31.537303216974674,8945561.0,1.0,0.82,0.0,0,0,0,7335360.0,-18.0
2026-09-19,Sinaly Diomandé,AJ Auxerre,FL1,,23.312799452429843,8878731.0,1.0,1.0,0.0,0,0,0,8878731.0,0.0
2026-09-19,Hugo Ekitike,Eintracht Frankfurt,BL1,,22.11635865845312,8826531.0,1.0,1.0,0.0,0,0,0,8826531.0,0.0
2026-09-19,Mohammed Amoura,VfL Wolfsburg,BL1,,24.229979466119097,8802750.0,1.0,1.0,0.0,0,0,0,8802750.0,0.0
2026-09-19,Răzvan Marin,Cagliari Calcio,SA,,28.191649555099247,8795810.0,1.0,0.95,0.0,0,0,0,8356020.0,-5.0
2026-09-19,Mostafa Mohamed,FC Nantes,FL1,,26.67488021902806,8599999.0,1.0,0.95,0.0,0,0,0,8169999.0,-5.0
2026-09-19,Ante Budimir,CA Osasuna,PD,,33.02943189596167,8574031.0,1.0,0.82,0.0,0,0,0,7030705.0,-18.0
2026-09-19,Julián Álvarez,Club Atlético de Madrid,PD,,24.501026694045173,8559970.0,1.0,1.0,0.0,0,0,0,8559970.0,0.0
2026-09-19,Benedict Hollerbach,1. FC Union Berlin,BL1,,23.208761122518823,8524045.0,1.0,1.0,0.0,0,0,0,8524045.0,0.0
2026-09-19,Raúl Jiménez,Fulham FC,PL,,33.242984257357975,8464198.0,1.0,0.82,0.0,0,0,0,6940642.0,-18.0
2026-09-19,Johannes Eggestein,FC St. Pauli 1910,BL1,,26.2340862422998,8449044.0,1.0,0.95,0.0,0,0,0,8026592.0,-5.0
2026-09-19,Josué Casimir,Le Havre AC,FL1,,22.85284052019165,8442922.0,1.0,1.0,0.0,0,0,0,8442922.0,0.0
2026-09-19,Jacob Ondrejka,Parma Calcio 1913,SA,,21.913757700205338,8411595.0,1.0,1.0,0.0,0,0,0,8411595.0,0.0
2026-09-19,Danilo Cataldi,ACF Fiorentina,SA,,29.987679671457904,8400772.0,1.0,0.95,0.0,0,0,0,7980733.0,-5.0
2026-09-19,Dodi Lukebakio,Sevilla FC,PD,,26.85284052019165,8300683.5,1.0,0.95,0.0,0,0,0,7885649.0,-5.0
2026-09-19,Romain Del Castillo,Stade Brestois 29,FL1,,28.34223134839151,8221184.5,1.0,0.95,0.0,0,0,0,7810125.0,-5.0
2026-09-19,Davide Zappacosta,Atalanta BC,SA,,32.139630390143736,8216301.5,1.0,0.82,0.0,0,0,0,6737367.0,-18.0
2026-09-19,Bryan Gil,Girona FC,PD,,23.468856947296374,8112281.0,1.0,1.0,0.0,0,0,0,8112281.0,0.0
2026-09-19,M'Bala Nzola,Racing Club de Lens,FL1,,27.95345653661876,8080700.5,1.0,0.95,0.0,0,0,0,7676665.0,-5.0
2026-09-19,Maximilian Arnold,VfL Wolfsburg,BL1,,30.18206707734429,8079991.5,1.0,0.82,0.0,0,0,0,6625593.0,-18.0
2026-09-19,Robin Gosens,ACF Fiorentina,SA,,30.07529089664613,8066656.5,1.0,0.82,0.0,0,0,0,6614658.0,-18.0
2026-09-19,Jordan Ayew,Leicester City FC,PL,,32.889801505817935,7963125.0,1.0,0.82,0.0,0,0,0,6529762.0,-18.0
2026-09-19,Wesley Saïd,Racing Club de Lens,FL1,,29.286789869952088,7900651.0,1.0,0.95,0.0,0,0,0,7505618.0,-5.0
2026-09-19,Arnaud Nordin,Montpellier HSC,FL1,,26.12457221081451,7882964.0,1.0,0.95,0.0,0,0,0,7488816.0,-5.0
2026-09-19,Himad Abdelli,Angers SCO,FL1,,24.70636550308008,7867755.5,1.0,1.0,0.0,0,0,0,7867756.0,0.0
2026-09-19,Justin Njinmah,SV Werder Bremen,BL1,,23.709787816564,7803134.0,1.0,1.0,0.0,0,0,0,7803134.0,0.0
2026-09-19,Sehrou Guirassy,Borussia Dortmund,BL1,,28.38877481177276,7698241.0,1.0,0.95,0.0,0,0,0,7313329.0,-5.0
2026-09-19,Abel Ruiz,Girona FC,PD,,24.50924024640657,7690118.0,1.0,1.0,0.0,0,0,0,7690118.0,0.0
2026-09-19,Ferrán Torres,FC Barcelona,PD,,24.421629021218344,7669259.5,1.0,1.0,0.0,0,0,0,7669260.0,0.0
2026-09-19,Alassane Pléa,Borussia Mönchengladbach,BL1,,31.394934976043807,7634167.0,1.0,0.82,0.0,0,0,0,6260017.0,-18.0
2026-09-19,Morgan Guilavogui,FC St. Pauli 1910,BL1,,26.39561943874059,7610382.5,1.0,0.95,0.0,0,0,0,7229863.0,-5.0
2026-09-19,Mario Götze,Eintracht Frankfurt,BL1,,32.16153319644079,7526261.0,1.0,0.82,0.0,0,0,0,6171534.0,-18.0
2026-09-19,Assane Diao,Como 1907,SA,,18.899383983572896,7483810.5,1.0,1.0,0.0,0,0,0,7483810.0,-0.0
2026-09-19,Roberto Fernández,RCD Espanyol de Barcelona,PD,,22.0807665982204,7472827.5,1.0,1.0,0.0,0,0,0,7472828.0,0.0
2026-09-19,Casper Tengstedt,Hellas Verona FC,SA,,24.16700889801506,7436797.0,1.0,1.0,0.0,0,0,0,7436797.0,0.0
2026-09-19,Ko Itakura,Borussia Mönchengladbach,BL1,,27.509924709103355,7430466.0,1.0,0.95,0.0,0,0,0,7058943.0,-5.0
2026-09-19,Dani Raba,CD Leganés,PD,,28.7583846680356,7422342.5,1.0,0.95,0.0,0,0,0,7051225.0,-5.0
2026-09-19,Felix Agu,SV Werder Bremen,BL1,,24.84599589322382,7400333.0,1.0,1.0,0.0,0,0,0,7400333.0,0.0
2026-09-19,Keven Schlotterbeck,FC Augsburg,BL1,,27.260780287474333,7242450.0,1.0,0.95,0.0,0,0,0,6880328.0,-5.0
2026-09-19,Paul Nebel,1. FSV Mainz 05,BL1,,21.80971937029432,7199918.0,1.0,1.0,0.0,0,0,0,7199918.0,0.0
2026-09-19,Phillip Tietz,FC Augsburg,BL1,,27.06365503080082,7077931.5,1.0,0.95,0.0,0,0,0,6724035.0,-5.0
2026-09-19,Emanuel Emegha,RC Strasbourg Alsace,FL1,,21.492128678987,7048260.0,1.0,1.0,0.0,0,0,0,7048260.0,0.0
2026-09-19,Juan Cruz,CD Leganés,PD,,24.268309377138944,7036305.5,1.0,1.0,0.0,0,0,0,7036306.0,0.0
2026-09-19,Oliver Burke,SV Werder Bremen,BL1,,27.318275154004105,7022757.0,1.0,0.95,0.0,0,0,0,6671619.0,-5.0
2026-09-19,Benjamin Šeško,RB Leipzig,BL1,,21.17180013689254,6952513.0,1.0,1.0,0.0,0,0,0,6952513.0,0.0
2026-09-19,Luis Rioja,Valencia CF,PD,,30.792607802874745,6874102.5,1.0,0.82,0.0,0,0,0,5636764.0,-18.0
2026-09-19,Marcus Thuram-Ulien,FC Internazionale Milano,SA,,26.98699520876112,6858099.5,1.0,0.95,0.0,0,0,0,6515195.0,-5.0
2026-09-19,Joel Pohjanpalo,Venezia FC,SA,,29.883641341546884,6690127.5,1.0,0.95,0.0,0,0,0,6355621.0,-5.0
2026-09-19,Borja Mayoral,Getafe CF,PD,,27.32375085557837,6567608.5,1.0,0.95,0.0,0,0,0,6239228.0,-5.0
2026-09-19,Tom Rothe,1. FC Union Berlin,BL1,,19.756331279945243,6563012.5,1.0,1.0,0.0,0,0,0,6563012.0,-0.0
2026-09-19,Neal Maupay,Olympique de Marseille,FL1,,27.964407939767284,6561004.0,1.0,0.95,0.0,0,0,0,6232954.0,-5.0
2026-09-19,Kevin Stöger,Borussia Mönchengladbach,BL1,,30.92950034223135,6556156.5,1.0,0.82,0.0,0,0,0,5376048.0,-18.0
2026-09-19,Toni Martínez,Deportivo Alavés,PD,,27.08829568788501,6529469.0,1.0,0.95,0.0,0,0,0,6202996.0,-5.0
2026-09-19,Akor Adams,Montpellier HSC,FL1,,24.50650239561944,6472944.0,1.0,1.0,0.0,0,0,0,6472944.0,0.0
2026-09-19,Yeremi Pino,Villarreal CF,PD,,21.782340862423,6447148.5,1.0,1.0,0.0,0,0,0,6447148.0,-0.0
2026-09-19,Álvaro Morata,AC Milan,SA,,31.77275838466804,6348012.0,1.0,0.82,0.0,0,0,0,5205370.0,-18.0
2026-09-19,Alexis Claude Maurice,FC Augsburg,BL1,,26.154688569472963,6334133.5,1.0,0.95,0.0,0,0,0,6017427.0,-5.0
2026-09-19,Che Adams,Torino FC,SA,,28.05201916495551,6272948.5,1.0,0.95,0.0,0,0,0,5959301.0,-5.0
2026-09-19,Sergio Camello,Rayo Vallecano de Madrid,PD,,23.471594798083505,6200665.0,1.0,1.0,0.0,0,0,0,6200665.0,0.0
2026-09-19,Daniel Mosquera,Hellas Verona FC,SA,,24.78302532511978,6185787.0,1.0,1.0,0.0,0,0,0,6185787.0,0.0
2026-09-19,Romain Faivre,Stade Brestois 29,FL1,,26.050650239561943,6154324.0,1.0,0.95,0.0,0,0,0,5846608.0,-5.0
2026-09-19,Valentín Castellanos,SS Lazio,SA,,25.828884325804243,6143962.0,1.0,0.95,0.0,0,0,0,5836764.0,-5.0
2026-09-19,Isaac,Sevilla FC,PD,,24.205338809034902,6129448.0,1.0,1.0,0.0,0,0,0,6129448.0,0.0
2026-09-19,Esteban Lepaul,Angers SCO,FL1,,24.28747433264887,6116216.0,1.0,1.0,0.0,0,0,0,6116216.0,0.0
2026-09-19,Nadiem Amiri,1. FSV Mainz 05,BL1,,27.761806981519506,6110223.0,1.0,0.95,0.0,0,0,0,5804712.0,-5.0
2026-09-19,Jae-sung Lee,1. FSV Mainz 05,BL1,,31.97535934291581,6105254.5,1.0,0.82,0.0,0,0,0,5006309.0,-18.0
2026-09-19,Pathé Ciss,Rayo Vallecano de Madrid,PD,,30.379192334017795,6063505.5,1.0,0.82,0.0,0,0,0,4972075.0,-18.0
2026-09-19,Marvin Pieringer,1. FC Heidenheim 1846,BL1,,24.826830937713893,6057327.0,1.0,1.0,0.0,0,0,0,6057327.0,0.0
2026-09-19,Jorge de Frutos,Rayo Vallecano de Madrid,PD,,27.444216290212182,5984525.0,1.0,0.95,0.0,0,0,0,5685299.0,-5.0
2026-09-19,Alexander Bernhardsson,Holstein Kiel,BL1,,25.897330595482547,5853832.5,1.0,0.95,0.0,0,0,0,5561141.0,-5.0
2026-09-19,Ludovic Ajorque,Stade Brestois 29,FL1,,30.431211498973305,5791578.5,1.0,0.82,0.0,0,0,0,4749094.0,-18.0
2026-09-19,Iago Aspas,RC Celta de Vigo,PD,,37.002053388090346,5755569.0,1.0,0.65,0.0,0,0,0,3741120.0,-35.0
2026-09-19,Goduine Koyalipou,Racing Club de Lens,FL1,,24.459958932238195,5751393.0,1.0,1.0,0.0,0,0,0,5751393.0,0.0
2026-09-19,Lukas Kübler,SC Freiburg,BL1,,31.920602327173167,5677350.0,1.0,0.82,0.0,0,0,0,4655427.0,-18.0
2026-09-19,Vincent Sierro,Toulouse FC,FL1,,28.815879534565365,5655609.5,1.0,0.95,0.0,0,0,0,5372829.0,-5.0
2026-09-19,Jamie Bynoe-Gittens,Borussia Dortmund,BL1,,19.980835044490075,5647773.0,1.0,1.0,0.0,0,0,0,5647773.0,0.0
2026-09-19,Nicolás Tagliafico,Olympique Lyonnais,FL1,,31.91786447638604,5583891.0,1.0,0.82,0.0,0,0,0,4578791.0,-18.0
2026-09-19,Isi Palazón,Rayo Vallecano de Madrid,PD,,29.59616700889801,5550458.5,1.0,0.95,0.0,0,0,0,5272936.0,-5.0
2026-09-19,Desire Doue,Paris Saint-Germain FC,FL1,,19.16221765913758,5527875.5,1.0,1.0,0.0,0,0,0,5527876.0,0.0
2026-09-19,Adam Hložek,TSG 1899 Hoffenheim,BL1,,22.02053388090349,5509339.5,1.0,1.0,0.0,0,0,0,5509340.0,0.0
2026-09-19,Carlos Vicente,Deportivo Alavés,PD,,25.27583846680356,5506151.0,1.0,0.95,0.0,0,0,0,5230843.0,-5.0
2026-09-19,Selim Amallah,Real Valladolid CF,PD,,27.709787816564,5474682.5,1.0,0.95,0.0,0,0,0,5200948.0,-5.0
2026-09-19,Chrisantus,Getafe CF,PD,,21.204654346338124,5463224.0,1.0,1.0,0.0,0,0,0,5463224.0,0.0
2026-09-19,Hugo Alvarez,RC Celta de Vigo,PD,,21.08418891170432,5421231.0,1.0,1.0,0.0,0,0,0,5421231.0,0.0
2026-09-19,Khéphren Thuram-Ulie,Juventus FC,SA,,23.351129363449694,5390581.5,1.0,1.0,0.0,0,0,0,5390582.0,0.0
2026-09-19,Felix Lemarechal,RC Strasbourg Alsace,FL1,,20.985626283367555,5377345.0,1.0,1.0,0.0,0,0,0,5377345.0,0.0
2026-09-19,Joao Neves,Paris Saint-Germain FC,FL1,,19.84394250513347,5349284.5,1.0,1.0,0.0,0,0,0,5349284.0,-0.0
2026-09-19,Alfonso González,RC Celta de Vigo,PD,,25.245722108145102,5345506.0,1.0,0.95,0.0,0,0,0,5078231.0,-5.0
2026-09-19,Marius Bülter,TSG 1899 Hoffenheim,BL1,,31.342915811088297,5320143.0,1.0,0.82,0.0,0,0,0,4362517.0,-18.0
2026-09-19,André Zambo Anguissa,SSC Napoli,SA,,28.709103353867214,5315355.5,1.0,0.95,0.0,0,0,0,5049588.0,-5.0
2026-09-19,Florian Thauvin,Udinese Calcio,SA,,31.512662559890487,5261066.0,1.0,0.82,0.0,0,0,0,4314074.0,-18.0
2026-09-19,Phil Harres,Holstein Kiel,BL1,,22.354551676933607,5153234.5,1.0,1.0,0.0,0,0,0,5153234.0,-0.0
2026-09-19,Shavy Warren Babicka,Toulouse FC,FL1,,24.16700889801506,5133472.0,1.0,1.0,0.0,0,0,0,5133472.0,0.0
2026-09-19,Pablo Duran,RC Celta de Vigo,PD,,23.18685831622177,5115634.0,1.0,1.0,0.0,0,0,0,5115634.0,0.0
2026-09-19,Léo Scienza,1. FC Heidenheim 1846,BL1,,25.883641341546884,5088682.5,1.0,0.95,0.0,0,0,0,4834248.0,-5.0
2026-09-19,Daniel Vivian,Athletic Club,PD,,25.07597535934292,5081975.0,1.0,0.95,0.0,0,0,0,4827876.0,-5.0
2026-09-19,Unai López,Rayo Vallecano de Madrid,PD,,28.75564681724846,5046150.5,1.0,0.95,0.0,0,0,0,4793843.0,-5.0
2026-09-19,Raúl,CA Osasuna,PD,,23.742642026009584,4998060.0,1.0,1.0,0.0,0,0,0,4998060.0,0.0
2026-09-19,Jofre Carreras Pagès,RCD Espanyol de Barcelona,PD,,23.123887748117728,4971656.5,1.0,1.0,0.0,0,0,0,4971656.0,-0.0
2026-09-19,Munir El Haddadi,CD Leganés,PD,,28.91718001368925,4959902.5,1.0,0.95,0.0,0,0,0,4711907.0,-5.0
2026-09-19,Rubén García,CA Osasuna,PD,,31.04996577686516,4902735.0,1.0,0.82,0.0,0,0,0,4020243.0,-18.0
2026-09-19,Hákon Haraldsson,Lille OSC,FL1,,21.31143052703628,4835571.0,1.0,1.0,0.0,0,0,0,4835571.0,0.0
2026-09-19,Joakim Mæhle,VfL Wolfsburg,BL1,,27.200547570157426,4776191.5,1.0,0.95,0.0,0,0,0,4537382.0,-5.0
2026-09-19,Hernani,Parma Calcio 1913,SA,,30.349075975359344,4771506.5,1.0,0.82,0.0,0,0,0,3912635.0,-18.0
2026-09-19,Tim Weah,Juventus FC,SA,,24.44079397672827,4752668.5,1.0,1.0,0.0,0,0,0,4752668.0,-0.0
2026-09-19,Jonathan Clauss,OGC Nice,FL1,,31.84941820670773,4734993.0,1.0,0.82,0.0,0,0,0,3882694.0,-18.0
2026-09-19,Douglas Augusto,FC Nantes,FL1,,27.548254620123203,4711628.5,1.0,0.95,0.0,0,0,0,4476047.0,-5.0
2026-09-19,Lucas Stassin,AS Saint-Étienne,FL1,,19.67145790554415,4583019.0,1.0,1.0,0.0,0,0,0,4583019.0,0.0
2026-09-19,Junya Ito,Stade de Reims,FL1,,31.39767282683093,4570204.5,1.0,0.82,0.0,0,0,0,3747568.0,-18.0
2026-09-19,Marten de Roon,Atalanta BC,SA,,33.34428473648186,4519329.5,1.0,0.82,0.0,0,0,0,3705850.0,-18.0
2026-09-19,RamónTerrats Espacio,Getafe CF,PD,,23.786447638603697,4483339.0,1.0,1.0,0.0,0,0,0,4483339.0,0.0
2026-09-19,Ado Onaiwu,AJ Auxerre,FL1,,28.73100616016427,4395814.0,1.0,0.95,0.0,0,0,0,4176023.0,-5.0
2026-09-19,Myron Boadu,VfL Bochum 1848,BL1,,23.54551676933607,4384464.0,1.0,1.0,0.0,0,0,0,4384464.0,0.0
2026-09-19,Brahim Diaz,Real Madrid CF,PD,,24.996577686516083,4381621.5,1.0,1.0,0.0,0,0,0,4381622.0,0.0
2026-09-19,Santiago Pierotti,US Lecce,SA,,23.32922655715264,4341809.5,1.0,1.0,0.0,0,0,0,4341810.0,0.0
2026-09-19,Alexandre Lacazette,Olympique Lyonnais,FL1,,33.18001368925393,4319025.5,1.0,0.82,0.0,0,0,0,3541601.0,-18.0
2026-09-19,Cristhian Stuani,Girona FC,PD,,37.804243668720055,4300308.5,1.0,0.65,0.0,0,0,0,2795201.0,-35.0
2026-09-19,Juanlu,Sevilla FC,PD,,20.9637234770705,4213378.5,1.0,1.0,0.0,0,0,0,4213378.0,-0.0
2026-09-19,Enrico Del Prato,Parma Calcio 1913,SA,,24.725530458590008,4191316.25,1.0,1.0,0.0,0,0,0,4191316.0,-0.0
2026-09-19,Ibrahima Niane,Angers SCO,FL1,,25.39356605065024,4149496.25,1.0,0.95,0.0,0,0,0,3942021.0,-5.0
2026-09-19,Aitor Paredes Casamichana,Athletic Club,PD,,24.257357973990416,4137081.0,1.0,1.0,0.0,0,0,0,4137081.0,0.0
2026-09-19,Oladapo Afolayan,FC St. Pauli 1910,BL1,,26.466803559206024,4107353.0,1.0,0.95,0.0,0,0,0,3901985.0,-5.0
2026-09-19,Matúš Bero,VfL Bochum 1848,BL1,,28.903490759753595,4105563.25,1.0,0.95,0.0,0,0,0,3900285.0,-5.0
2026-09-19,Albert Guðmundsson,ACF Fiorentina,SA,,27.129363449692,4101912.0,1.0,0.95,0.0,0,0,0,3896816.0,-5.0
2026-09-19,Mathias Honsak,1. FC Heidenheim 1846,BL1,,27.61396303901437,4094451.0,1.0,0.95,0.0,0,0,0,3889728.0,-5.0
2026-09-19,Andrej Kramarić,TSG 1899 Hoffenheim,BL1,,33.11978097193703,4059102.25,1.0,0.82,0.0,0,0,0,3328464.0,-18.0
2026-09-19,Jeong Wooyeong,1. FC Union Berlin,BL1,,24.865160848733744,4050231.75,1.0,1.0,0.0,0,0,0,4050232.0,0.0
2026-09-19,Rasmus Kristensen,Eintracht Frankfurt,BL1,,27.05817932922656,4044607.75,1.0,0.95,0.0,0,0,0,3842377.0,-5.0
2026-09-19,Philipp Hofmann,VfL Bochum 1848,BL1,,31.34017796030116,4026143.0,1.0,0.82,0.0,0,0,0,3301437.0,-18.0
2026-09-19,Irvin Cardona,AS Saint-Étienne,FL1,,26.981519507186857,3999195.0,1.0,0.95,0.0,0,0,0,3799235.0,-5.0
2026-09-19,Jan Schöppner,1. FC Heidenheim 1846,BL1,,25.138945927446954,3964816.0,1.0,0.95,0.0,0,0,0,3766575.0,-5.0
2026-09-19,Joan Jordán,Deportivo Alavés,PD,,30.072553045859,3916058.0,1.0,0.82,0.0,0,0,0,3211168.0,-18.0
2026-09-19,Marko Arnautovic,FC Internazionale Milano,SA,,35.285420944558524,3896619.0,1.0,0.65,0.0,0,0,0,2532802.0,-35.0
2026-09-19,Felix Kalu Nmecha,Borussia Dortmund,BL1,,23.80835044490076,3886087.0,1.0,1.0,0.0,0,0,0,3886087.0,0.0
2026-09-19,Mohamed Cho,OGC Nice,FL1,,20.53388090349076,3816102.0,1.0,1.0,0.0,0,0,0,3816102.0,0.0
2026-09-19,Pedro,SS Lazio,SA,,37.01300479123888,3809008.5,1.0,0.65,0.0,0,0,0,2475856.0,-35.0
2026-09-19,Dany Mota Carvalho,AC Monza,SA,,26.250513347022583,3790682.75,1.0,0.95,0.0,0,0,0,3601149.0,-5.0
2026-09-19,Matias Soule,AS Roma,SA,,21.297741273100616,3777046.0,1.0,1.0,0.0,0,0,0,3777046.0,0.0
2026-09-19,Przemysław Frankowski,Racing Club de Lens,FL1,,29.305954825462013,3767631.25,1.0,0.95,0.0,0,0,0,3579250.0,-5.0
2026-09-19,Gift Orban,TSG 1899 Hoffenheim,BL1,,22.04243668720055,3735210.75,1.0,1.0,0.0,0,0,0,3735211.0,0.0
2026-09-19,Ibrahim Sissoko,AS Saint-Étienne,FL1,,28.67898699520876,3718002.5,1.0,0.95,0.0,0,0,0,3532102.0,-5.0
2026-09-19,Abdoulaye Touré,Le Havre AC,FL1,,30.41478439425052,3707719.75,1.0,0.82,0.0,0,0,0,3040330.0,-18.0
2026-09-19,Andrej Ilic,1. FC Union Berlin,BL1,,24.32854209445585,3706853.75,1.0,1.0,0.0,0,0,0,3706854.0,0.0
2026-09-19,Ali El Abdi,OGC Nice,FL1,,30.61464750171116,3695815.75,1.0,0.82,0.0,0,0,0,3030569.0,-18.0
2026-09-19,Issa Soumaré,Le Havre AC,FL1,,23.80835044490076,3695755.75,1.0,1.0,0.0,0,0,0,3695756.0,0.0
2026-09-19,Elias Saad,FC St. Pauli 1910,BL1,,24.5968514715948,3562154.75,1.0,1.0,0.0,0,0,0,3562155.0,0.0
2026-09-19,Oumar Diakite,Stade de Reims,FL1,,20.61601642710472,3552330.25,1.0,1.0,0.0,0,0,0,3552330.0,-0.0
2026-09-19,Carlos Gómez,Stade Rennais FC 1901,FL1,,21.88637919233402,3402073.75,1.0,1.0,0.0,0,0,0,3402074.0,0.0
2026-09-19,Mamadou Sylla,Real Valladolid CF,PD,,30.368240930869263,3297484.75,1.0,0.82,0.0,0,0,0,2703937.0,-18.0
2026-09-19,Jubal Júnior,AJ Auxerre,FL1,,30.924024640657084,3294530.0,1.0,0.82,0.0,0,0,0,2701515.0,-18.0
2026-09-19,Álvaro García,Rayo Vallecano de Madrid,PD,,31.761806981519506,3292585.75,1.0,0.82,0.0,0,0,0,2699920.0,-18.0
2026-09-19,Matteo Darmian,FC Internazionale Milano,SA,,34.66392881587954,3268168.5,1.0,0.65,0.0,0,0,0,2124310.0,-35.0
2026-09-19,Haris Tabaković,TSG 1899 Hoffenheim,BL1,,30.11635865845312,3246937.75,1.0,0.82,0.0,0,0,0,2662489.0,-18.0
2026-09-19,Adrian Beck,1. FC Heidenheim 1846,BL1,,27.145790554414784,3242079.75,1.0,0.95,0.0,0,0,0,3079976.0,-5.0
2026-09-19,Álex Muñoz,UD Las Palmas,PD,,30.00684462696783,3222911.5,1.0,0.82,0.0,0,0,0,2642787.0,-18.0
2026-09-19,Yaser Asprilla,Girona FC,PD,,20.700889801505816,3028421.75,1.0,1.0,0.0,0,0,0,3028422.0,0.0
2026-09-19,André Ayew,Le Havre AC,FL1,,34.62286105407255,3022671.25,1.0,0.65,0.0,0,0,0,1964736.0,-35.0
2026-09-19,Steven Skrzybski,Holstein Kiel,BL1,,31.7015742642026,3018799.5,1.0,0.82,0.0,0,0,0,2475416.0,-18.0
2026-09-19,Dani Parejo,Villarreal CF,PD,,35.29363449691992,2899648.0,1.0,0.65,0.0,0,0,0,1884771.0,-35.0
2026-09-19,Kike García,Deportivo Alavés,PD,,34.68309377138946,2843870.25,1.0,0.65,0.0,0,0,0,1848516.0,-35.0
2026-09-19,Ahmadou Bamba Dieng,Angers SCO,FL1,,24.358658453114305,2750391.75,1.0,1.0,0.0,0,0,0,2750392.0,0.0
2026-09-19,Kenny Lala,Stade Brestois 29,FL1,,32.82956878850103,2748768.75,1.0,0.82,0.0,0,0,0,2253990.0,-18.0
2026-09-19,Willi Orban,RB Leipzig,BL1,,31.742642026009584,2743190.75,1.0,0.82,0.0,0,0,0,2249416.0,-18.0
2026-09-19,Orri Oskarsson,Real Sociedad de Fútbol,PD,,19.923340177960306,2617992.75,1.0,1.0,0.0,0,0,0,2617993.0,0.0
2026-09-19,Joshua King,Toulouse FC,FL1,,32.544832306639286,2601868.75,1.0,0.82,0.0,0,0,0,2133532.0,-18.0
2026-09-19,Duván Zapata,Torino FC,SA,,33.33607118412046,2482891.0,1.0,0.82,0.0,0,0,0,2035971.0,-18.0
2026-09-19,Arouna Sangante,Le Havre AC,FL1,,22.305270362765228,2438104.25,1.0,1.0,0.0,0,0,0,2438104.0,-0.0
2026-09-19,Santiago Giménez,AC Milan,SA,,23.28815879534565,2391526.25,1.0,1.0,0.0,0,0,0,2391526.0,-0.0
2026-09-19,Jamie Vardy,Leicester City FC,PL,,37.55509924709104,2349756.5,1.0,0.65,0.0,0,0,0,1527342.0,-35.0
2026-09-19,Leandro Cabrera,RCD Espanyol de Barcelona,PD,,33.125256673511295,2273735.75,1.0,0.82,0.0,0,0,0,1864463.0,-18.0
2026-09-19,Adam Marušić,SS Lazio,SA,,31.789185489390828,2133137.25,1.0,0.82,0.0,0,0,0,1749173.0,-18.0
2026-09-19,Sepe Elye Wahi,Olympique de Marseille,FL1,,21.579739904175224,1825420.0,1.0,1.0,0.0,0,0,0,1825420.0,0.0
2026-09-19,Vítor Roque,Real Betis Balompié,PD,,19.42231348391513,1744017.0,1.0,1.0,0.0,0,0,0,1744017.0,0.0
2026-09-19,Dani Rodríguez,RCD Mallorca,PD,,36.1533196440794,1355529.25,1.0,0.65,0.0,0,0,0,881094.0,-35.0
2026-09-19,Milan Đurić,Parma Calcio 1913,SA,,34.195756331279945,704353.6875,1.0,0.65,0.0,0,0,0,457830.0,-35.0
