match_id,competition,season,matchday,utc_date,status,home_team_id,home_team,away_team_id,away_team,home_goals,away_goals,ht_home_goals,ht_away_goals,winner,result
438482,PD,2023,1,2023-08-11 17:30:00+00:00,FINISHED,267,UD Almería,87,Rayo Vallecano de Madrid,0,2,0,2,AWAY_TEAM,2
435943,PL,2023,1,2023-08-11 19:00:00+00:00,FINISHED,328,Burnley FC,65,Manchester City FC,0,3,0,2,AWAY_TEAM,2
438479,PD,2023,1,2023-08-11 20:00:00+00:00,FINISHED,559,Sevilla FC,95,Valencia CF,1,2,0,0,AWAY_TEAM,2
435944,PL,2023,1,2023-08-12 12:00:00+00:00,FINISHED,57,Arsenal FC,351,Nottingham Forest FC,2,1,2,0,HOME_TEAM,0
435946,PL,2023,1,2023-08-12 14:00:00+00:00,FINISHED,397,Brighton & Hove Albion FC,389,Luton Town FC,4,1,1,0,HOME_TEAM,0
435947,PL,2023,1,2023-08-12 14:00:00+00:00,FINISHED,62,Everton FC,63,Fulham FC,0,1,0,0,AWAY_TEAM,2
435948,PL,2023,1,2023-08-12 14:00:00+00:00,FINISHED,356,Sheffield United FC,354,Crystal Palace FC,0,1,0,0,AWAY_TEAM,2
435945,PL,2023,1,2023-08-12 14:00:00+00:00,FINISHED,1044,AFC Bournemouth,563,West Ham United FC,1,1,0,0,DRAW,1
438481,PD,2023,1,2023-08-12 15:00:00+00:00,FINISHED,92,Real Sociedad de Fútbol,298,Girona FC,1,1,1,0,DRAW,1
435949,PL,2023,1,2023-08-12 16:30:00+00:00,FINISHED,67,Newcastle United FC,58,Aston Villa FC,5,1,2,1,HOME_TEAM,0
438483,PD,2023,1,2023-08-12 17:30:00+00:00,FINISHED,275,UD Las Palmas,89,RCD Mallorca,1,1,1,0,DRAW,1
438474,PD,2023,1,2023-08-12 19:30:00+00:00,FINISHED,77,Athletic Club,86,Real Madrid CF,0,2,0,2,AWAY_TEAM,2
435950,PL,2023,1,2023-08-13 13:00:00+00:00,FINISHED,402,Brentford FC,73,Tottenham Hotspur FC,2,2,2,2,DRAW,1
438476,PD,2023,1,2023-08-13 15:00:00+00:00,FINISHED,558,RC Celta de Vigo,79,CA Osasuna,0,2,0,1,AWAY_TEAM,2
435951,PL,2023,1,2023-08-13 15:30:00+00:00,FINISHED,61,Chelsea FC,64,Liverpool FC,1,1,1,1,DRAW,1
438480,PD,2023,1,2023-08-13 17:30:00+00:00,FINISHED,94,Villarreal CF,90,Real Betis Balompié,1,2,0,1,AWAY_TEAM,2
438478,PD,2023,1,2023-08-13 19:30:00+00:00,FINISHED,82,Getafe CF,81,FC Barcelona,0,0,0,0,DRAW,1
438477,PD,2023,1,2023-08-14 17:30:00+00:00,FINISHED,264,Cádiz CF,263,Deportivo Alavés,1,0,1,0,HOME_TEAM,0
435952,PL,2023,1,2023-08-14 19:00:00+00:00,FINISHED,66,Manchester United FC,76,Wolverhampton Wanderers FC,1,0,0,0,HOME_TEAM,0
438475,PD,2023,1,2023-08-14 19:30:00+00:00,FINISHED,78,Club Atlético de Madrid,83,Granada CF,3,1,1,0,HOME_TEAM,0
438491,PD,2023,2,2023-08-18 17:30:00+00:00,FINISHED,89,RCD Mallorca,94,Villarreal CF,0,1,0,0,AWAY_TEAM,2
435959,PL,2023,2,2023-08-18 18:45:00+00:00,FINISHED,351,Nottingham Forest FC,356,Sheffield United FC,2,1,1,0,HOME_TEAM,0
438490,PD,2023,2,2023-08-18 19:30:00+00:00,FINISHED,95,Valencia CF,275,UD Las Palmas,1,0,0,0,HOME_TEAM,0
435962,PL,2023,2,2023-08-19 14:00:00+00:00,FINISHED,76,Wolverhampton Wanderers FC,397,Brighton & Hove Albion FC,1,4,0,1,AWAY_TEAM,2
435956,PL,2023,2,2023-08-19 14:00:00+00:00,FINISHED,64,Liverpool FC,1044,AFC Bournemouth,3,1,2,1,HOME_TEAM,0
435955,PL,2023,2,2023-08-19 14:00:00+00:00,FINISHED,63,Fulham FC,402,Brentford FC,0,3,0,1,AWAY_TEAM,2
438492,PD,2023,2,2023-08-19 15:00:00+00:00,FINISHED,92,Real Sociedad de Fútbol,558,RC Celta de Vigo,1,1,1,0,DRAW,1
444256,SA,2023,1,2023-08-19 16:30:00+00:00,FINISHED,470,Frosinone Calcio,113,SSC Napoli,1,3,1,2,AWAY_TEAM,2
444255,SA,2023,1,2023-08-19 16:30:00+00:00,FINISHED,445,Empoli FC,450,Hellas Verona FC,0,1,0,0,AWAY_TEAM,2
435960,PL,2023,2,2023-08-19 16:30:00+00:00,FINISHED,73,Tottenham Hotspur FC,66,Manchester United FC,2,0,0,0,HOME_TEAM,0
438493,PD,2023,2,2023-08-19 17:30:00+00:00,FINISHED,267,UD Almería,86,Real Madrid CF,1,3,1,1,AWAY_TEAM,2
444257,SA,2023,1,2023-08-19 18:45:00+00:00,FINISHED,107,Genoa CFC,99,ACF Fiorentina,1,4,0,3,AWAY_TEAM,2
444258,SA,2023,1,2023-08-19 18:45:00+00:00,FINISHED,108,FC Internazionale Milano,5911,AC Monza,2,0,1,0,HOME_TEAM,0
435958,PL,2023,2,2023-08-19 19:00:00+00:00,FINISHED,65,Manchester City FC,67,Newcastle United FC,1,0,1,0,HOME_TEAM,0
438485,PD,2023,2,2023-08-19 19:30:00+00:00,FINISHED,79,CA Osasuna,77,Athletic Club,0,2,0,2,AWAY_TEAM,2
435953,PL,2023,2,2023-08-20 13:00:00+00:00,FINISHED,58,Aston Villa FC,62,Everton FC,4,0,2,0,HOME_TEAM,0
435961,PL,2023,2,2023-08-20 15:30:00+00:00,FINISHED,563,West Ham United FC,61,Chelsea FC,3,1,1,1,HOME_TEAM,0
444260,SA,2023,1,2023-08-20 16:30:00+00:00,FINISHED,100,AS Roma,455,US Salernitana 1919,2,2,1,1,DRAW,1
444261,SA,2023,1,2023-08-20 16:30:00+00:00,FINISHED,471,US Sassuolo Calcio,102,Atalanta BC,0,2,0,0,AWAY_TEAM,2
438488,PD,2023,2,2023-08-20 17:00:00+00:00,FINISHED,298,Girona FC,82,Getafe CF,3,0,1,0,HOME_TEAM,0
438487,PD,2023,2,2023-08-20 17:30:00+00:00,FINISHED,81,FC Barcelona,264,Cádiz CF,2,0,0,0,HOME_TEAM,0
444259,SA,2023,1,2023-08-20 18:45:00+00:00,FINISHED,5890,US Lecce,110,SS Lazio,2,1,0,1,HOME_TEAM,0
444263,SA,2023,1,2023-08-20 18:45:00+00:00,FINISHED,115,Udinese Calcio,109,Juventus FC,0,3,0,3,AWAY_TEAM,2
438484,PD,2023,2,2023-08-20 19:30:00+00:00,FINISHED,90,Real Betis Balompié,78,Club Atlético de Madrid,0,0,0,0,DRAW,1
444262,SA,2023,1,2023-08-21 16:30:00+00:00,FINISHED,586,Torino FC,104,Cagliari Calcio,0,0,0,0,DRAW,1
438486,PD,2023,2,2023-08-21 17:00:00+00:00,FINISHED,263,Deportivo Alavés,559,Sevilla FC,4,3,2,2,HOME_TEAM,0
444254,SA,2023,1,2023-08-21 18:45:00+00:00,FINISHED,103,Bologna FC 1909,98,AC Milan,0,2,0,2,AWAY_TEAM,2
435954,PL,2023,2,2023-08-21 19:00:00+00:00,FINISHED,354,Crystal Palace FC,57,Arsenal FC,0,1,0,0,AWAY_TEAM,2
438489,PD,2023,2,2023-08-21 19:30:00+00:00,FINISHED,83,Granada CF,87,Rayo Vallecano de Madrid,0,2,0,0,AWAY_TEAM,2
438503,PD,2023,3,2023-08-25 17:30:00+00:00,FINISHED,275,UD Las Palmas,92,Real Sociedad de Fútbol,0,0,0,0,DRAW,1
435968,PL,2023,3,2023-08-25 19:00:00+00:00,FINISHED,61,Chelsea FC,389,Luton Town FC,3,0,1,0,HOME_TEAM,0
438495,PD,2023,3,2023-08-25 19:30:00+00:00,FINISHED,558,RC Celta de Vigo,86,Real Madrid CF,0,1,0,0,AWAY_TEAM,2
435963,PL,2023,3,2023-08-26 11:30:00+00:00,FINISHED,1044,AFC Bournemouth,73,Tottenham Hotspur FC,0,2,0,1,AWAY_TEAM,2
435970,PL,2023,3,2023-08-26 14:00:00+00:00,FINISHED,66,Manchester United FC,351,Nottingham Forest FC,3,2,1,2,HOME_TEAM,0
435964,PL,2023,3,2023-08-26 14:00:00+00:00,FINISHED,57,Arsenal FC,63,Fulham FC,2,2,0,1,DRAW,1
435965,PL,2023,3,2023-08-26 14:00:00+00:00,FINISHED,402,Brentford FC,354,Crystal Palace FC,1,1,1,0,DRAW,1
435969,PL,2023,3,2023-08-26 14:00:00+00:00,FINISHED,62,Everton FC,76,Wolverhampton Wanderers FC,0,1,0,0,AWAY_TEAM,2
444266,SA,2023,2,2023-08-26 16:30:00+00:00,FINISHED,470,Frosinone Calcio,102,Atalanta BC,2,1,2,0,HOME_TEAM,0
444271,SA,2023,2,2023-08-26 16:30:00+00:00,FINISHED,5911,AC Monza,445,Empoli FC,2,0,1,0,HOME_TEAM,0
435966,PL,2023,3,2023-08-26 16:30:00+00:00,FINISHED,397,Brighton & Hove Albion FC,563,West Ham United FC,1,3,0,1,AWAY_TEAM,2
438496,PD,2023,3,2023-08-26 17:00:00+00:00,FINISHED,264,Cádiz CF,267,UD Almería,1,1,0,0,DRAW,1
438498,PD,2023,3,2023-08-26 17:30:00+00:00,FINISHED,83,Granada CF,89,RCD Mallorca,3,2,1,1,HOME_TEAM,0
444267,SA,2023,2,2023-08-26 18:45:00+00:00,FINISHED,450,Hellas Verona FC,100,AS Roma,2,1,2,0,HOME_TEAM,0
444270,SA,2023,2,2023-08-26 18:45:00+00:00,FINISHED,98,AC Milan,586,Torino FC,4,1,3,1,HOME_TEAM,0
438499,PD,2023,3,2023-08-26 19:30:00+00:00,FINISHED,559,Sevilla FC,298,Girona FC,1,2,1,1,AWAY_TEAM,2
435967,PL,2023,3,2023-08-27 13:00:00+00:00,FINISHED,328,Burnley FC,58,Aston Villa FC,1,3,0,2,AWAY_TEAM,2
435972,PL,2023,3,2023-08-27 13:00:00+00:00,FINISHED,356,Sheffield United FC,65,Manchester City FC,1,2,0,0,AWAY_TEAM,2
438501,PD,2023,3,2023-08-27 15:30:00+00:00,FINISHED,94,Villarreal CF,81,FC Barcelona,3,4,2,2,AWAY_TEAM,2
435971,PL,2023,3,2023-08-27 15:30:00+00:00,FINISHED,67,Newcastle United FC,64,Liverpool FC,1,2,1,0,AWAY_TEAM,2
444265,SA,2023,2,2023-08-27 16:30:00+00:00,FINISHED,99,ACF Fiorentina,5890,US Lecce,2,2,2,0,DRAW,1
444268,SA,2023,2,2023-08-27 16:30:00+00:00,FINISHED,109,Juventus FC,103,Bologna FC 1909,1,1,0,1,DRAW,1
438500,PD,2023,3,2023-08-27 17:30:00+00:00,FINISHED,95,Valencia CF,79,CA Osasuna,1,2,0,1,AWAY_TEAM,2
444272,SA,2023,2,2023-08-27 18:45:00+00:00,FINISHED,113,SSC Napoli,471,US Sassuolo Calcio,2,0,1,0,HOME_TEAM,0
444269,SA,2023,2,2023-08-27 18:45:00+00:00,FINISHED,110,SS Lazio,107,Genoa CFC,0,1,0,1,AWAY_TEAM,2
438494,PD,2023,3,2023-08-27 19:30:00+00:00,FINISHED,77,Athletic Club,90,Real Betis Balompié,4,2,3,2,HOME_TEAM,0
444273,SA,2023,2,2023-08-28 16:30:00+00:00,FINISHED,455,US Salernitana 1919,115,Udinese Calcio,1,1,0,0,DRAW,1
438497,PD,2023,3,2023-08-28 17:30:00+00:00,FINISHED,82,Getafe CF,263,Deportivo Alavés,1,0,0,0,HOME_TEAM,0
444264,SA,2023,2,2023-08-28 18:45:00+00:00,FINISHED,104,Cagliari Calcio,108,FC Internazionale Milano,0,2,0,2,AWAY_TEAM,2
438502,PD,2023,3,2023-08-28 19:30:00+00:00,FINISHED,87,Rayo Vallecano de Madrid,78,Club Atlético de Madrid,0,7,0,3,AWAY_TEAM,2
444281,SA,2023,3,2023-09-01 16:30:00+00:00,FINISHED,471,US Sassuolo Calcio,450,Hellas Verona FC,3,1,1,0,HOME_TEAM,0
438508,PD,2023,4,2023-09-01 17:30:00+00:00,FINISHED,264,Cádiz CF,94,Villarreal CF,3,1,2,1,HOME_TEAM,0
444280,SA,2023,3,2023-09-01 18:45:00+00:00,FINISHED,100,AS Roma,98,AC Milan,1,2,0,1,AWAY_TEAM,2
435980,PL,2023,4,2023-09-01 19:00:00+00:00,FINISHED,389,Luton Town FC,563,West Ham United FC,1,2,0,1,AWAY_TEAM,2
438513,PD,2023,4,2023-09-01 20:00:00+00:00,FINISHED,267,UD Almería,558,RC Celta de Vigo,2,3,0,2,AWAY_TEAM,2
435982,PL,2023,4,2023-09-02 11:30:00+00:00,FINISHED,356,Sheffield United FC,62,Everton FC,2,2,2,1,DRAW,1
438512,PD,2023,4,2023-09-02 12:00:00+00:00,FINISHED,92,Real Sociedad de Fútbol,83,Granada CF,5,3,2,1,HOME_TEAM,0
435974,PL,2023,4,2023-09-02 14:00:00+00:00,FINISHED,402,Brentford FC,1044,AFC Bournemouth,2,2,1,1,DRAW,1
435976,PL,2023,4,2023-09-02 14:00:00+00:00,FINISHED,328,Burnley FC,73,Tottenham Hotspur FC,2,5,1,2,AWAY_TEAM,2
435977,PL,2023,4,2023-09-02 14:00:00+00:00,FINISHED,61,Chelsea FC,351,Nottingham Forest FC,0,1,0,0,AWAY_TEAM,2
435981,PL,2023,4,2023-09-02 14:00:00+00:00,FINISHED,65,Manchester City FC,63,Fulham FC,5,1,2,1,HOME_TEAM,0
438511,PD,2023,4,2023-09-02 14:15:00+00:00,FINISHED,86,Real Madrid CF,82,Getafe CF,2,1,0,1,HOME_TEAM,0
444283,SA,2023,3,2023-09-02 16:30:00+00:00,FINISHED,115,Udinese Calcio,470,Frosinone Calcio,0,0,0,0,DRAW,1
444275,SA,2023,3,2023-09-02 16:30:00+00:00,FINISHED,103,Bologna FC 1909,104,Cagliari Calcio,2,1,0,1,HOME_TEAM,0
435975,PL,2023,4,2023-09-02 16:30:00+00:00,FINISHED,397,Brighton & Hove Albion FC,67,Newcastle United FC,3,1,1,0,HOME_TEAM,0
438507,PD,2023,4,2023-09-02 16:30:00+00:00,FINISHED,263,Deportivo Alavés,95,Valencia CF,1,0,1,0,HOME_TEAM,0
444279,SA,2023,3,2023-09-02 18:45:00+00:00,FINISHED,113,SSC Napoli,110,SS Lazio,1,2,1,1,AWAY_TEAM,2
444274,SA,2023,3,2023-09-02 18:45:00+00:00,FINISHED,102,Atalanta BC,5911,AC Monza,3,0,2,0,HOME_TEAM,0
438505,PD,2023,4,2023-09-02 19:00:00+00:00,FINISHED,90,Real Betis Balompié,87,Rayo Vallecano de Madrid,1,0,0,0,HOME_TEAM,0
438509,PD,2023,4,2023-09-03 12:00:00+00:00,FINISHED,298,Girona FC,275,UD Las Palmas,1,0,0,0,HOME_TEAM,0
435979,PL,2023,4,2023-09-03 13:00:00+00:00,FINISHED,64,Liverpool FC,58,Aston Villa FC,3,0,2,0,HOME_TEAM,0
435978,PL,2023,4,2023-09-03 13:00:00+00:00,FINISHED,354,Crystal Palace FC,76,Wolverhampton Wanderers FC,3,2,0,0,HOME_TEAM,0
438510,PD,2023,4,2023-09-03 14:15:00+00:00,FINISHED,89,RCD Mallorca,77,Athletic Club,0,0,0,0,DRAW,1
435973,PL,2023,4,2023-09-03 15:30:00+00:00,FINISHED,57,Arsenal FC,66,Manchester United FC,3,1,1,1,HOME_TEAM,0
444277,SA,2023,3,2023-09-03 16:30:00+00:00,FINISHED,108,FC Internazionale Milano,99,ACF Fiorentina,4,0,1,0,HOME_TEAM,0
444282,SA,2023,3,2023-09-03 16:30:00+00:00,FINISHED,586,Torino FC,107,Genoa CFC,1,0,0,0,HOME_TEAM,0
444278,SA,2023,3,2023-09-03 18:45:00+00:00,FINISHED,5890,US Lecce,455,US Salernitana 1919,2,0,1,0,HOME_TEAM,0
444276,SA,2023,3,2023-09-03 18:45:00+00:00,FINISHED,445,Empoli FC,109,Juventus FC,0,2,0,1,AWAY_TEAM,2
438506,PD,2023,4,2023-09-03 19:00:00+00:00,FINISHED,79,CA Osasuna,81,FC Barcelona,1,2,0,1,AWAY_TEAM,2
438522,PD,2023,5,2023-09-15 19:00:00+00:00,FINISHED,87,Rayo Vallecano de Madrid,263,Deportivo Alavés,2,0,1,0,HOME_TEAM,0
435992,PL,2023,5,2023-09-16 11:30:00+00:00,FINISHED,76,Wolverhampton Wanderers FC,64,Liverpool FC,1,3,1,0,AWAY_TEAM,2
438514,PD,2023,5,2023-09-16 12:00:00+00:00,FINISHED,77,Athletic Club,264,Cádiz CF,3,0,0,0,HOME_TEAM,0
444290,SA,2023,4,2023-09-16 13:00:00+00:00,FINISHED,109,Juventus FC,110,SS Lazio,3,1,2,0,HOME_TEAM,0
435987,PL,2023,5,2023-09-16 14:00:00+00:00,FINISHED,66,Manchester United FC,397,Brighton & Hove Albion FC,1,3,0,1,AWAY_TEAM,2
435990,PL,2023,5,2023-09-16 14:00:00+00:00,FINISHED,73,Tottenham Hotspur FC,356,Sheffield United FC,2,1,0,0,HOME_TEAM,0
435986,PL,2023,5,2023-09-16 14:00:00+00:00,FINISHED,63,Fulham FC,389,Luton Town FC,1,0,0,0,HOME_TEAM,0
435991,PL,2023,5,2023-09-16 14:00:00+00:00,FINISHED,563,West Ham United FC,65,Manchester City FC,1,3,1,0,AWAY_TEAM,2
435984,PL,2023,5,2023-09-16 14:00:00+00:00,FINISHED,58,Aston Villa FC,354,Crystal Palace FC,3,1,0,0,HOME_TEAM,0
438520,PD,2023,5,2023-09-16 14:15:00+00:00,FINISHED,95,Valencia CF,78,Club Atlético de Madrid,3,0,2,0,HOME_TEAM,0
444289,SA,2023,4,2023-09-16 16:00:00+00:00,FINISHED,108,FC Internazionale Milano,98,AC Milan,5,1,2,0,HOME_TEAM,0
438515,PD,2023,5,2023-09-16 16:30:00+00:00,FINISHED,558,RC Celta de Vigo,89,RCD Mallorca,0,1,0,0,AWAY_TEAM,2
435988,PL,2023,5,2023-09-16 16:30:00+00:00,FINISHED,67,Newcastle United FC,402,Brentford FC,1,0,0,0,HOME_TEAM,0
444287,SA,2023,4,2023-09-16 18:45:00+00:00,FINISHED,107,Genoa CFC,113,SSC Napoli,2,2,1,0,DRAW,1
438516,PD,2023,5,2023-09-16 19:00:00+00:00,FINISHED,81,FC Barcelona,90,Real Betis Balompié,5,0,2,0,HOME_TEAM,0
444284,SA,2023,4,2023-09-17 10:30:00+00:00,FINISHED,104,Cagliari Calcio,115,Udinese Calcio,0,0,0,0,DRAW,1
438517,PD,2023,5,2023-09-17 12:00:00+00:00,FINISHED,82,Getafe CF,79,CA Osasuna,3,2,1,1,HOME_TEAM,0
435983,PL,2023,5,2023-09-17 13:00:00+00:00,FINISHED,1044,AFC Bournemouth,61,Chelsea FC,0,0,0,0,DRAW,1
444291,SA,2023,4,2023-09-17 13:00:00+00:00,FINISHED,5911,AC Monza,5890,US Lecce,1,1,1,1,DRAW,1
444286,SA,2023,4,2023-09-17 13:00:00+00:00,FINISHED,470,Frosinone Calcio,471,US Sassuolo Calcio,4,2,1,2,HOME_TEAM,0
438521,PD,2023,5,2023-09-17 14:15:00+00:00,FINISHED,94,Villarreal CF,267,UD Almería,2,1,1,1,HOME_TEAM,0
435985,PL,2023,5,2023-09-17 15:30:00+00:00,FINISHED,62,Everton FC,57,Arsenal FC,0,1,0,0,AWAY_TEAM,2
444285,SA,2023,4,2023-09-17 16:00:00+00:00,FINISHED,99,ACF Fiorentina,102,Atalanta BC,3,2,2,1,HOME_TEAM,0
438519,PD,2023,5,2023-09-17 16:30:00+00:00,FINISHED,559,Sevilla FC,275,UD Las Palmas,1,0,0,0,HOME_TEAM,0
444292,SA,2023,4,2023-09-17 18:45:00+00:00,FINISHED,100,AS Roma,445,Empoli FC,7,0,3,0,HOME_TEAM,0
438523,PD,2023,5,2023-09-17 19:00:00+00:00,FINISHED,86,Real Madrid CF,92,Real Sociedad de Fútbol,2,1,0,1,HOME_TEAM,0
444293,SA,2023,4,2023-09-18 16:30:00+00:00,FINISHED,455,US Salernitana 1919,586,Torino FC,0,3,0,2,AWAY_TEAM,2
444288,SA,2023,4,2023-09-18 18:45:00+00:00,FINISHED,450,Hellas Verona FC,103,Bologna FC 1909,0,0,0,0,DRAW,1
435989,PL,2023,5,2023-09-18 18:45:00+00:00,FINISHED,351,Nottingham Forest FC,328,Burnley FC,1,1,0,1,DRAW,1
438518,PD,2023,5,2023-09-18 19:00:00+00:00,FINISHED,83,Granada CF,298,Girona FC,2,4,0,3,AWAY_TEAM,2
444300,SA,2023,5,2023-09-22 16:30:00+00:00,FINISHED,455,US Salernitana 1919,470,Frosinone Calcio,1,1,0,1,DRAW,1
444298,SA,2023,5,2023-09-22 18:45:00+00:00,FINISHED,5890,US Lecce,107,Genoa CFC,1,0,0,0,HOME_TEAM,0
438527,PD,2023,6,2023-09-22 19:00:00+00:00,FINISHED,263,Deportivo Alavés,77,Athletic Club,0,2,0,1,AWAY_TEAM,2
438529,PD,2023,6,2023-09-23 12:00:00+00:00,FINISHED,298,Girona FC,89,RCD Mallorca,5,3,4,1,HOME_TEAM,0
444299,SA,2023,5,2023-09-23 13:00:00+00:00,FINISHED,98,AC Milan,450,Hellas Verona FC,1,0,1,0,HOME_TEAM,0
436000,PL,2023,6,2023-09-23 14:00:00+00:00,FINISHED,389,Luton Town FC,76,Wolverhampton Wanderers FC,1,1,0,0,DRAW,1
435998,PL,2023,6,2023-09-23 14:00:00+00:00,FINISHED,354,Crystal Palace FC,63,Fulham FC,0,0,0,0,DRAW,1
436001,PL,2023,6,2023-09-23 14:00:00+00:00,FINISHED,65,Manchester City FC,351,Nottingham Forest FC,2,0,2,0,HOME_TEAM,0
438526,PD,2023,6,2023-09-23 14:15:00+00:00,FINISHED,79,CA Osasuna,559,Sevilla FC,0,0,0,0,DRAW,1
444301,SA,2023,5,2023-09-23 16:00:00+00:00,FINISHED,471,US Sassuolo Calcio,109,Juventus FC,4,2,2,1,HOME_TEAM,0
438528,PD,2023,6,2023-09-23 16:30:00+00:00,FINISHED,81,FC Barcelona,558,RC Celta de Vigo,3,2,0,1,HOME_TEAM,0
435994,PL,2023,6,2023-09-23 16:30:00+00:00,FINISHED,402,Brentford FC,62,Everton FC,1,3,1,1,AWAY_TEAM,2
444297,SA,2023,5,2023-09-23 18:45:00+00:00,FINISHED,110,SS Lazio,5911,AC Monza,1,1,1,1,DRAW,1
435996,PL,2023,6,2023-09-23 19:00:00+00:00,FINISHED,328,Burnley FC,66,Manchester United FC,0,1,0,1,AWAY_TEAM,2
438532,PD,2023,6,2023-09-23 19:00:00+00:00,FINISHED,267,UD Almería,95,Valencia CF,2,2,0,1,DRAW,1
444296,SA,2023,5,2023-09-24 10:30:00+00:00,FINISHED,445,Empoli FC,108,FC Internazionale Milano,0,1,0,0,AWAY_TEAM,2
438531,PD,2023,6,2023-09-24 12:00:00+00:00,FINISHED,92,Real Sociedad de Fútbol,82,Getafe CF,4,3,1,2,HOME_TEAM,0
444303,SA,2023,5,2023-09-24 13:00:00+00:00,FINISHED,115,Udinese Calcio,99,ACF Fiorentina,0,2,0,1,AWAY_TEAM,2
435993,PL,2023,6,2023-09-24 13:00:00+00:00,FINISHED,57,Arsenal FC,73,Tottenham Hotspur FC,2,2,1,1,DRAW,1
435995,PL,2023,6,2023-09-24 13:00:00+00:00,FINISHED,397,Brighton & Hove Albion FC,1044,AFC Bournemouth,3,1,1,1,HOME_TEAM,0
435997,PL,2023,6,2023-09-24 13:00:00+00:00,FINISHED,61,Chelsea FC,58,Aston Villa FC,0,1,0,0,AWAY_TEAM,2
435999,PL,2023,6,2023-09-24 13:00:00+00:00,FINISHED,64,Liverpool FC,563,West Ham United FC,3,1,1,1,HOME_TEAM,0
444294,SA,2023,5,2023-09-24 13:00:00+00:00,FINISHED,102,Atalanta BC,104,Cagliari Calcio,2,0,1,0,HOME_TEAM,0
438530,PD,2023,6,2023-09-24 14:15:00+00:00,FINISHED,87,Rayo Vallecano de Madrid,94,Villarreal CF,1,1,1,1,DRAW,1
436002,PL,2023,6,2023-09-24 15:30:00+00:00,FINISHED,356,Sheffield United FC,67,Newcastle United FC,0,8,0,3,AWAY_TEAM,2
444295,SA,2023,5,2023-09-24 16:00:00+00:00,FINISHED,103,Bologna FC 1909,113,SSC Napoli,0,0,0,0,DRAW,1
438525,PD,2023,6,2023-09-24 16:30:00+00:00,FINISHED,90,Real Betis Balompié,264,Cádiz CF,1,1,0,1,DRAW,1
438533,PD,2023,6,2023-09-24 16:30:00+00:00,FINISHED,275,UD Las Palmas,83,Granada CF,1,0,0,0,HOME_TEAM,0
444302,SA,2023,5,2023-09-24 18:45:00+00:00,FINISHED,586,Torino FC,100,AS Roma,1,1,0,0,DRAW,1
438524,PD,2023,6,2023-09-24 19:00:00+00:00,FINISHED,78,Club Atlético de Madrid,86,Real Madrid CF,3,1,2,1,HOME_TEAM,0
438539,PD,2023,7,2023-09-26 17:00:00+00:00,FINISHED,559,Sevilla FC,267,UD Almería,5,1,3,0,HOME_TEAM,0
444310,SA,2023,6,2023-09-26 18:45:00+00:00,FINISHED,109,Juventus FC,5890,US Lecce,1,0,0,0,HOME_TEAM,0
438542,PD,2023,7,2023-09-26 19:30:00+00:00,FINISHED,89,RCD Mallorca,81,FC Barcelona,2,2,2,1,DRAW,1
444308,SA,2023,6,2023-09-27 16:30:00+00:00,FINISHED,450,Hellas Verona FC,102,Atalanta BC,0,1,0,1,AWAY_TEAM,2
444305,SA,2023,6,2023-09-27 16:30:00+00:00,FINISHED,445,Empoli FC,455,US Salernitana 1919,1,0,1,0,HOME_TEAM,0
444304,SA,2023,6,2023-09-27 16:30:00+00:00,FINISHED,104,Cagliari Calcio,98,AC Milan,1,3,1,2,AWAY_TEAM,2
438541,PD,2023,7,2023-09-27 17:00:00+00:00,FINISHED,94,Villarreal CF,298,Girona FC,1,2,0,0,AWAY_TEAM,2
438543,PD,2023,7,2023-09-27 17:00:00+00:00,FINISHED,86,Real Madrid CF,275,UD Las Palmas,2,0,1,0,HOME_TEAM,0
438534,PD,2023,7,2023-09-27 17:00:00+00:00,FINISHED,77,Athletic Club,82,Getafe CF,2,2,1,0,DRAW,1
444309,SA,2023,6,2023-09-27 18:45:00+00:00,FINISHED,108,FC Internazionale Milano,471,US Sassuolo Calcio,1,2,1,0,AWAY_TEAM,2
444313,SA,2023,6,2023-09-27 18:45:00+00:00,FINISHED,113,SSC Napoli,115,Udinese Calcio,4,1,2,0,HOME_TEAM,0
444311,SA,2023,6,2023-09-27 18:45:00+00:00,FINISHED,110,SS Lazio,586,Torino FC,2,0,0,0,HOME_TEAM,0
438537,PD,2023,7,2023-09-27 19:30:00+00:00,FINISHED,264,Cádiz CF,87,Rayo Vallecano de Madrid,0,0,0,0,DRAW,1
438540,PD,2023,7,2023-09-27 19:30:00+00:00,FINISHED,95,Valencia CF,92,Real Sociedad de Fútbol,0,1,0,1,AWAY_TEAM,2
444306,SA,2023,6,2023-09-28 16:30:00+00:00,FINISHED,470,Frosinone Calcio,99,ACF Fiorentina,1,1,0,1,DRAW,1
444312,SA,2023,6,2023-09-28 16:30:00+00:00,FINISHED,5911,AC Monza,103,Bologna FC 1909,0,0,0,0,DRAW,1
438536,PD,2023,7,2023-09-28 17:00:00+00:00,FINISHED,558,RC Celta de Vigo,263,Deportivo Alavés,1,1,1,0,DRAW,1
438538,PD,2023,7,2023-09-28 17:00:00+00:00,FINISHED,83,Granada CF,90,Real Betis Balompié,1,1,0,0,DRAW,1
444307,SA,2023,6,2023-09-28 18:45:00+00:00,FINISHED,107,Genoa CFC,100,AS Roma,4,1,2,1,HOME_TEAM,0
438535,PD,2023,7,2023-09-28 19:30:00+00:00,FINISHED,79,CA Osasuna,78,Club Atlético de Madrid,0,2,0,1,AWAY_TEAM,2
438547,PD,2023,8,2023-09-29 19:00:00+00:00,FINISHED,81,FC Barcelona,559,Sevilla FC,1,0,0,0,HOME_TEAM,0
436004,PL,2023,7,2023-09-30 11:30:00+00:00,FINISHED,58,Aston Villa FC,397,Brighton & Hove Albion FC,6,1,3,0,HOME_TEAM,0
438548,PD,2023,8,2023-09-30 12:00:00+00:00,FINISHED,82,Getafe CF,94,Villarreal CF,0,0,0,0,DRAW,1
444317,SA,2023,7,2023-09-30 13:00:00+00:00,FINISHED,5890,US Lecce,113,SSC Napoli,0,4,0,1,AWAY_TEAM,2
436012,PL,2023,7,2023-09-30 14:00:00+00:00,FINISHED,76,Wolverhampton Wanderers FC,65,Manchester City FC,2,1,1,0,HOME_TEAM,0
436011,PL,2023,7,2023-09-30 14:00:00+00:00,FINISHED,563,West Ham United FC,356,Sheffield United FC,2,0,2,0,HOME_TEAM,0
436003,PL,2023,7,2023-09-30 14:00:00+00:00,FINISHED,1044,AFC Bournemouth,57,Arsenal FC,0,4,0,2,AWAY_TEAM,2
436008,PL,2023,7,2023-09-30 14:00:00+00:00,FINISHED,67,Newcastle United FC,328,Burnley FC,2,0,1,0,HOME_TEAM,0
436007,PL,2023,7,2023-09-30 14:00:00+00:00,FINISHED,66,Manchester United FC,354,Crystal Palace FC,0,1,0,1,AWAY_TEAM,2
436005,PL,2023,7,2023-09-30 14:00:00+00:00,FINISHED,62,Everton FC,389,Luton Town FC,1,2,1,2,AWAY_TEAM,2
438550,PD,2023,8,2023-09-30 14:15:00+00:00,FINISHED,87,Rayo Vallecano de Madrid,89,RCD Mallorca,2,2,1,1,DRAW,1
444318,SA,2023,7,2023-09-30 16:00:00+00:00,FINISHED,98,AC Milan,110,SS Lazio,2,0,0,0,HOME_TEAM,0
436010,PL,2023,7,2023-09-30 16:30:00+00:00,FINISHED,73,Tottenham Hotspur FC,64,Liverpool FC,2,1,1,1,HOME_TEAM,0
438549,PD,2023,8,2023-09-30 16:30:00+00:00,FINISHED,298,Girona FC,86,Real Madrid CF,0,3,0,2,AWAY_TEAM,2
444320,SA,2023,7,2023-09-30 18:45:00+00:00,FINISHED,455,US Salernitana 1919,108,FC Internazionale Milano,0,4,0,0,AWAY_TEAM,2
438551,PD,2023,8,2023-09-30 19:00:00+00:00,FINISHED,92,Real Sociedad de Fútbol,77,Athletic Club,3,0,1,0,HOME_TEAM,0
444315,SA,2023,7,2023-10-01 10:30:00+00:00,FINISHED,103,Bologna FC 1909,445,Empoli FC,3,0,1,0,HOME_TEAM,0
438552,PD,2023,8,2023-10-01 12:00:00+00:00,FINISHED,267,UD Almería,83,Granada CF,3,3,3,0,DRAW,1
436009,PL,2023,7,2023-10-01 13:00:00+00:00,FINISHED,351,Nottingham Forest FC,402,Brentford FC,1,1,0,0,DRAW,1
444323,SA,2023,7,2023-10-01 13:00:00+00:00,FINISHED,115,Udinese Calcio,107,Genoa CFC,2,2,1,2,DRAW,1
438546,PD,2023,8,2023-10-01 14:15:00+00:00,FINISHED,263,Deportivo Alavés,79,CA Osasuna,0,2,0,1,AWAY_TEAM,2
444314,SA,2023,7,2023-10-01 16:00:00+00:00,FINISHED,102,Atalanta BC,109,Juventus FC,0,0,0,0,DRAW,1
444319,SA,2023,7,2023-10-01 18:45:00+00:00,FINISHED,100,AS Roma,470,Frosinone Calcio,2,0,1,0,HOME_TEAM,0
438545,PD,2023,8,2023-10-01 19:00:00+00:00,FINISHED,90,Real Betis Balompié,95,Valencia CF,3,0,1,0,HOME_TEAM,0
438544,PD,2023,8,2023-10-01 19:00:00+00:00,FINISHED,78,Club Atlético de Madrid,264,Cádiz CF,3,2,1,2,HOME_TEAM,0
444321,SA,2023,7,2023-10-02 16:30:00+00:00,FINISHED,471,US Sassuolo Calcio,5911,AC Monza,0,1,0,0,AWAY_TEAM,2
444322,SA,2023,7,2023-10-02 16:30:00+00:00,FINISHED,586,Torino FC,450,Hellas Verona FC,0,0,0,0,DRAW,1
444316,SA,2023,7,2023-10-02 18:45:00+00:00,FINISHED,99,ACF Fiorentina,104,Cagliari Calcio,3,0,2,0,HOME_TEAM,0
438553,PD,2023,8,2023-10-02 19:00:00+00:00,FINISHED,275,UD Las Palmas,558,RC Celta de Vigo,2,1,0,0,HOME_TEAM,0
436006,PL,2023,7,2023-10-02 19:00:00+00:00,FINISHED,63,Fulham FC,61,Chelsea FC,0,2,0,2,AWAY_TEAM,2
435957,PL,2023,2,2023-10-03 18:30:00+00:00,FINISHED,389,Luton Town FC,328,Burnley FC,1,2,0,1,AWAY_TEAM,2
444325,SA,2023,8,2023-10-06 16:30:00+00:00,FINISHED,445,Empoli FC,115,Udinese Calcio,0,0,0,0,DRAW,1
444331,SA,2023,8,2023-10-06 18:45:00+00:00,FINISHED,5890,US Lecce,471,US Sassuolo Calcio,1,1,0,1,DRAW,1
438554,PD,2023,9,2023-10-06 19:00:00+00:00,FINISHED,77,Athletic Club,267,UD Almería,3,0,1,0,HOME_TEAM,0
436019,PL,2023,8,2023-10-07 11:30:00+00:00,FINISHED,389,Luton Town FC,73,Tottenham Hotspur FC,0,1,0,0,AWAY_TEAM,2
438558,PD,2023,9,2023-10-07 12:00:00+00:00,FINISHED,264,Cádiz CF,298,Girona FC,0,1,0,0,AWAY_TEAM,2
444328,SA,2023,8,2023-10-07 13:00:00+00:00,FINISHED,108,FC Internazionale Milano,103,Bologna FC 1909,2,2,2,1,DRAW,1
436020,PL,2023,8,2023-10-07 14:00:00+00:00,FINISHED,66,Manchester United FC,402,Brentford FC,2,1,0,1,HOME_TEAM,0
436018,PL,2023,8,2023-10-07 14:00:00+00:00,FINISHED,63,Fulham FC,356,Sheffield United FC,3,1,0,0,HOME_TEAM,0
436017,PL,2023,8,2023-10-07 14:00:00+00:00,FINISHED,62,Everton FC,1044,AFC Bournemouth,3,0,2,0,HOME_TEAM,0
436015,PL,2023,8,2023-10-07 14:00:00+00:00,FINISHED,328,Burnley FC,61,Chelsea FC,1,4,1,1,AWAY_TEAM,2
438563,PD,2023,9,2023-10-07 14:15:00+00:00,FINISHED,86,Real Madrid CF,79,CA Osasuna,4,0,1,0,HOME_TEAM,0
444329,SA,2023,8,2023-10-07 16:00:00+00:00,FINISHED,109,Juventus FC,586,Torino FC,2,0,0,0,HOME_TEAM,0
436016,PL,2023,8,2023-10-07 16:30:00+00:00,FINISHED,354,Crystal Palace FC,351,Nottingham Forest FC,0,0,0,0,DRAW,1
438562,PD,2023,9,2023-10-07 16:30:00+00:00,FINISHED,89,RCD Mallorca,95,Valencia CF,1,1,1,1,DRAW,1
444327,SA,2023,8,2023-10-07 18:45:00+00:00,FINISHED,107,Genoa CFC,98,AC Milan,0,1,0,0,AWAY_TEAM,2
438560,PD,2023,9,2023-10-07 19:00:00+00:00,FINISHED,559,Sevilla FC,87,Rayo Vallecano de Madrid,2,2,0,2,DRAW,1
444332,SA,2023,8,2023-10-08 10:30:00+00:00,FINISHED,5911,AC Monza,455,US Salernitana 1919,3,0,2,0,HOME_TEAM,0
438561,PD,2023,9,2023-10-08 12:00:00+00:00,FINISHED,94,Villarreal CF,275,UD Las Palmas,1,2,0,1,AWAY_TEAM,2
436022,PL,2023,8,2023-10-08 13:00:00+00:00,FINISHED,76,Wolverhampton Wanderers FC,58,Aston Villa FC,1,1,0,0,DRAW,1
436021,PL,2023,8,2023-10-08 13:00:00+00:00,FINISHED,563,West Ham United FC,67,Newcastle United FC,2,2,1,0,DRAW,1
444326,SA,2023,8,2023-10-08 13:00:00+00:00,FINISHED,470,Frosinone Calcio,450,Hellas Verona FC,2,1,1,0,HOME_TEAM,0
444330,SA,2023,8,2023-10-08 13:00:00+00:00,FINISHED,110,SS Lazio,102,Atalanta BC,3,2,2,1,HOME_TEAM,0
436014,PL,2023,8,2023-10-08 13:00:00+00:00,FINISHED,397,Brighton & Hove Albion FC,64,Liverpool FC,2,2,1,2,DRAW,1
438555,PD,2023,9,2023-10-08 14:15:00+00:00,FINISHED,78,Club Atlético de Madrid,92,Real Sociedad de Fútbol,2,1,1,0,HOME_TEAM,0
436013,PL,2023,8,2023-10-08 15:30:00+00:00,FINISHED,57,Arsenal FC,65,Manchester City FC,1,0,0,0,HOME_TEAM,0
444324,SA,2023,8,2023-10-08 16:00:00+00:00,FINISHED,104,Cagliari Calcio,100,AS Roma,1,4,0,2,AWAY_TEAM,2
438557,PD,2023,9,2023-10-08 16:30:00+00:00,FINISHED,263,Deportivo Alavés,90,Real Betis Balompié,1,1,1,1,DRAW,1
438556,PD,2023,9,2023-10-08 16:30:00+00:00,FINISHED,558,RC Celta de Vigo,82,Getafe CF,2,2,2,2,DRAW,1
444333,SA,2023,8,2023-10-08 18:45:00+00:00,FINISHED,113,SSC Napoli,99,ACF Fiorentina,1,3,1,1,AWAY_TEAM,2
438559,PD,2023,9,2023-10-08 19:00:00+00:00,FINISHED,83,Granada CF,81,FC Barcelona,2,2,2,1,DRAW,1
438564,PD,2023,10,2023-10-20 19:00:00+00:00,FINISHED,79,CA Osasuna,83,Granada CF,2,0,1,0,HOME_TEAM,0
436027,PL,2023,9,2023-10-21 11:30:00+00:00,FINISHED,64,Liverpool FC,62,Everton FC,2,0,0,0,HOME_TEAM,0
438572,PD,2023,10,2023-10-21 12:00:00+00:00,FINISHED,92,Real Sociedad de Fútbol,89,RCD Mallorca,1,0,0,0,HOME_TEAM,0
444337,SA,2023,9,2023-10-21 13:00:00+00:00,FINISHED,450,Hellas Verona FC,113,SSC Napoli,1,3,0,2,AWAY_TEAM,2
436029,PL,2023,9,2023-10-21 14:00:00+00:00,FINISHED,67,Newcastle United FC,354,Crystal Palace FC,4,0,3,0,HOME_TEAM,0
436023,PL,2023,9,2023-10-21 14:00:00+00:00,FINISHED,1044,AFC Bournemouth,76,Wolverhampton Wanderers FC,1,2,1,0,AWAY_TEAM,2
436025,PL,2023,9,2023-10-21 14:00:00+00:00,FINISHED,402,Brentford FC,328,Burnley FC,3,0,1,0,HOME_TEAM,0
436030,PL,2023,9,2023-10-21 14:00:00+00:00,FINISHED,351,Nottingham Forest FC,389,Luton Town FC,2,2,0,0,DRAW,1
436028,PL,2023,9,2023-10-21 14:00:00+00:00,FINISHED,65,Manchester City FC,397,Brighton & Hove Albion FC,2,1,2,0,HOME_TEAM,0
438567,PD,2023,10,2023-10-21 14:15:00+00:00,FINISHED,82,Getafe CF,90,Real Betis Balompié,1,1,1,1,DRAW,1
444342,SA,2023,9,2023-10-21 16:00:00+00:00,FINISHED,586,Torino FC,108,FC Internazionale Milano,0,3,0,0,AWAY_TEAM,2
436026,PL,2023,9,2023-10-21 16:30:00+00:00,FINISHED,61,Chelsea FC,57,Arsenal FC,2,2,1,0,DRAW,1
438569,PD,2023,10,2023-10-21 16:30:00+00:00,FINISHED,559,Sevilla FC,86,Real Madrid CF,1,1,0,0,DRAW,1
444341,SA,2023,9,2023-10-21 18:45:00+00:00,FINISHED,471,US Sassuolo Calcio,110,SS Lazio,0,2,0,2,AWAY_TEAM,2
436031,PL,2023,9,2023-10-21 19:00:00+00:00,FINISHED,356,Sheffield United FC,66,Manchester United FC,1,2,1,1,AWAY_TEAM,2
438565,PD,2023,10,2023-10-21 19:00:00+00:00,FINISHED,558,RC Celta de Vigo,78,Club Atlético de Madrid,0,3,0,1,AWAY_TEAM,2
444339,SA,2023,9,2023-10-22 10:30:00+00:00,FINISHED,100,AS Roma,5911,AC Monza,1,0,0,0,HOME_TEAM,0
438573,PD,2023,10,2023-10-22 12:00:00+00:00,FINISHED,275,UD Las Palmas,87,Rayo Vallecano de Madrid,0,1,0,0,AWAY_TEAM,2
444335,SA,2023,9,2023-10-22 13:00:00+00:00,FINISHED,103,Bologna FC 1909,470,Frosinone Calcio,2,1,2,0,HOME_TEAM,0
444340,SA,2023,9,2023-10-22 13:00:00+00:00,FINISHED,455,US Salernitana 1919,104,Cagliari Calcio,2,2,0,0,DRAW,1
438568,PD,2023,10,2023-10-22 14:15:00+00:00,FINISHED,298,Girona FC,267,UD Almería,5,2,3,2,HOME_TEAM,0
436024,PL,2023,9,2023-10-22 15:30:00+00:00,FINISHED,58,Aston Villa FC,563,West Ham United FC,4,1,1,0,HOME_TEAM,0
444334,SA,2023,9,2023-10-22 16:00:00+00:00,FINISHED,102,Atalanta BC,107,Genoa CFC,2,0,0,0,HOME_TEAM,0
438571,PD,2023,10,2023-10-22 16:30:00+00:00,FINISHED,94,Villarreal CF,263,Deportivo Alavés,1,1,0,0,DRAW,1
444338,SA,2023,9,2023-10-22 18:45:00+00:00,FINISHED,98,AC Milan,109,Juventus FC,0,1,0,0,AWAY_TEAM,2
438566,PD,2023,10,2023-10-22 19:00:00+00:00,FINISHED,81,FC Barcelona,77,Athletic Club,1,0,0,0,HOME_TEAM,0
444343,SA,2023,9,2023-10-23 16:30:00+00:00,FINISHED,115,Udinese Calcio,5890,US Lecce,1,1,0,0,DRAW,1
444336,SA,2023,9,2023-10-23 18:45:00+00:00,FINISHED,99,ACF Fiorentina,445,Empoli FC,0,2,0,1,AWAY_TEAM,2
438570,PD,2023,10,2023-10-23 19:00:00+00:00,FINISHED,95,Valencia CF,264,Cádiz CF,2,0,2,0,HOME_TEAM,0
436032,PL,2023,9,2023-10-23 19:00:00+00:00,FINISHED,73,Tottenham Hotspur FC,63,Fulham FC,2,0,1,0,HOME_TEAM,0
444346,SA,2023,10,2023-10-27 18:45:00+00:00,FINISHED,107,Genoa CFC,455,US Salernitana 1919,1,0,1,0,HOME_TEAM,0
436038,PL,2023,10,2023-10-27 19:00:00+00:00,FINISHED,354,Crystal Palace FC,73,Tottenham Hotspur FC,1,2,0,0,AWAY_TEAM,2
438579,PD,2023,11,2023-10-27 19:00:00+00:00,FINISHED,298,Girona FC,558,RC Celta de Vigo,1,0,0,0,HOME_TEAM,0
436037,PL,2023,10,2023-10-28 11:30:00+00:00,FINISHED,61,Chelsea FC,402,Brentford FC,0,2,0,0,AWAY_TEAM,2
438583,PD,2023,11,2023-10-28 12:00:00+00:00,FINISHED,267,UD Almería,275,UD Las Palmas,1,2,0,1,AWAY_TEAM,2
444353,SA,2023,10,2023-10-28 13:00:00+00:00,FINISHED,471,US Sassuolo Calcio,103,Bologna FC 1909,1,1,1,1,DRAW,1
436034,PL,2023,10,2023-10-28 14:00:00+00:00,FINISHED,57,Arsenal FC,356,Sheffield United FC,5,0,1,0,HOME_TEAM,0
436033,PL,2023,10,2023-10-28 14:00:00+00:00,FINISHED,1044,AFC Bournemouth,328,Burnley FC,2,1,1,1,HOME_TEAM,0
438577,PD,2023,11,2023-10-28 14:15:00+00:00,FINISHED,81,FC Barcelona,86,Real Madrid CF,1,2,1,0,AWAY_TEAM,2
444350,SA,2023,10,2023-10-28 16:00:00+00:00,FINISHED,5890,US Lecce,586,Torino FC,0,1,0,1,AWAY_TEAM,2
438582,PD,2023,11,2023-10-28 16:30:00+00:00,FINISHED,89,RCD Mallorca,82,Getafe CF,0,0,0,0,DRAW,1
436042,PL,2023,10,2023-10-28 16:30:00+00:00,FINISHED,76,Wolverhampton Wanderers FC,67,Newcastle United FC,2,2,1,2,DRAW,1
444348,SA,2023,10,2023-10-28 18:45:00+00:00,FINISHED,109,Juventus FC,450,Hellas Verona FC,1,0,0,0,HOME_TEAM,0
438578,PD,2023,11,2023-10-28 19:00:00+00:00,FINISHED,264,Cádiz CF,559,Sevilla FC,2,2,2,1,DRAW,1
444344,SA,2023,10,2023-10-29 11:30:00+00:00,FINISHED,104,Cagliari Calcio,470,Frosinone Calcio,4,3,0,2,HOME_TEAM,0
438576,PD,2023,11,2023-10-29 13:00:00+00:00,FINISHED,90,Real Betis Balompié,79,CA Osasuna,2,1,1,0,HOME_TEAM,0
436041,PL,2023,10,2023-10-29 13:00:00+00:00,FINISHED,563,West Ham United FC,62,Everton FC,0,1,0,0,AWAY_TEAM,2
436035,PL,2023,10,2023-10-29 14:00:00+00:00,FINISHED,58,Aston Villa FC,389,Luton Town FC,3,1,1,0,HOME_TEAM,0
436036,PL,2023,10,2023-10-29 14:00:00+00:00,FINISHED,397,Brighton & Hove Albion FC,63,Fulham FC,1,1,1,0,DRAW,1
436039,PL,2023,10,2023-10-29 14:00:00+00:00,FINISHED,64,Liverpool FC,351,Nottingham Forest FC,3,0,2,0,HOME_TEAM,0
444351,SA,2023,10,2023-10-29 14:00:00+00:00,FINISHED,5911,AC Monza,115,Udinese Calcio,1,1,1,0,DRAW,1
438581,PD,2023,11,2023-10-29 15:15:00+00:00,FINISHED,87,Rayo Vallecano de Madrid,92,Real Sociedad de Fútbol,2,2,1,1,DRAW,1
436040,PL,2023,10,2023-10-29 15:30:00+00:00,FINISHED,66,Manchester United FC,65,Manchester City FC,0,3,0,1,AWAY_TEAM,2
444347,SA,2023,10,2023-10-29 17:00:00+00:00,FINISHED,108,FC Internazionale Milano,100,AS Roma,1,0,0,0,HOME_TEAM,0
438574,PD,2023,11,2023-10-29 17:30:00+00:00,FINISHED,77,Athletic Club,95,Valencia CF,2,2,1,0,DRAW,1
444352,SA,2023,10,2023-10-29 19:45:00+00:00,FINISHED,113,SSC Napoli,98,AC Milan,2,2,0,2,DRAW,1
438575,PD,2023,11,2023-10-29 20:00:00+00:00,FINISHED,78,Club Atlético de Madrid,263,Deportivo Alavés,2,1,2,0,HOME_TEAM,0
444345,SA,2023,10,2023-10-30 17:30:00+00:00,FINISHED,445,Empoli FC,102,Atalanta BC,0,3,0,2,AWAY_TEAM,2
444349,SA,2023,10,2023-10-30 19:45:00+00:00,FINISHED,110,SS Lazio,99,ACF Fiorentina,1,0,0,0,HOME_TEAM,0
438580,PD,2023,11,2023-10-30 20:00:00+00:00,FINISHED,83,Granada CF,94,Villarreal CF,2,3,2,3,AWAY_TEAM,2
444355,SA,2023,11,2023-11-03 19:45:00+00:00,FINISHED,103,Bologna FC 1909,110,SS Lazio,1,0,0,0,HOME_TEAM,0
438593,PD,2023,12,2023-11-03 20:00:00+00:00,FINISHED,275,UD Las Palmas,78,Club Atlético de Madrid,2,1,0,0,HOME_TEAM,0
436046,PL,2023,11,2023-11-04 12:30:00+00:00,FINISHED,63,Fulham FC,66,Manchester United FC,0,1,0,0,AWAY_TEAM,2
438585,PD,2023,12,2023-11-04 13:00:00+00:00,FINISHED,79,CA Osasuna,298,Girona FC,2,4,1,1,AWAY_TEAM,2
444362,SA,2023,11,2023-11-04 14:00:00+00:00,FINISHED,455,US Salernitana 1919,113,SSC Napoli,0,2,0,1,AWAY_TEAM,2
436051,PL,2023,11,2023-11-04 15:00:00+00:00,FINISHED,356,Sheffield United FC,76,Wolverhampton Wanderers FC,2,1,0,0,HOME_TEAM,0
436048,PL,2023,11,2023-11-04 15:00:00+00:00,FINISHED,65,Manchester City FC,1044,AFC Bournemouth,6,1,3,0,HOME_TEAM,0
436045,PL,2023,11,2023-11-04 15:00:00+00:00,FINISHED,62,Everton FC,397,Brighton & Hove Albion FC,1,1,1,0,DRAW,1
436044,PL,2023,11,2023-11-04 15:00:00+00:00,FINISHED,328,Burnley FC,354,Crystal Palace FC,0,2,0,1,AWAY_TEAM,2
436043,PL,2023,11,2023-11-04 15:00:00+00:00,FINISHED,402,Brentford FC,563,West Ham United FC,3,2,1,2,HOME_TEAM,0
438584,PD,2023,12,2023-11-04 15:15:00+00:00,FINISHED,90,Real Betis Balompié,89,RCD Mallorca,2,0,1,0,HOME_TEAM,0
444354,SA,2023,11,2023-11-04 17:00:00+00:00,FINISHED,102,Atalanta BC,108,FC Internazionale Milano,1,2,0,1,AWAY_TEAM,2
438586,PD,2023,12,2023-11-04 17:30:00+00:00,FINISHED,558,RC Celta de Vigo,559,Sevilla FC,1,1,1,0,DRAW,1
436049,PL,2023,11,2023-11-04 17:30:00+00:00,FINISHED,67,Newcastle United FC,57,Arsenal FC,1,0,0,0,HOME_TEAM,0
444360,SA,2023,11,2023-11-04 19:45:00+00:00,FINISHED,98,AC Milan,115,Udinese Calcio,0,1,0,0,AWAY_TEAM,2
438592,PD,2023,12,2023-11-04 20:00:00+00:00,FINISHED,92,Real Sociedad de Fútbol,81,FC Barcelona,0,1,0,0,AWAY_TEAM,2
444359,SA,2023,11,2023-11-05 11:30:00+00:00,FINISHED,450,Hellas Verona FC,5911,AC Monza,1,3,0,1,AWAY_TEAM,2
438587,PD,2023,12,2023-11-05 13:00:00+00:00,FINISHED,263,Deportivo Alavés,267,UD Almería,1,0,0,0,HOME_TEAM,0
444356,SA,2023,11,2023-11-05 14:00:00+00:00,FINISHED,104,Cagliari Calcio,107,Genoa CFC,2,1,0,0,HOME_TEAM,0
436050,PL,2023,11,2023-11-05 14:00:00+00:00,FINISHED,351,Nottingham Forest FC,58,Aston Villa FC,2,0,1,0,HOME_TEAM,0
438589,PD,2023,12,2023-11-05 15:15:00+00:00,FINISHED,95,Valencia CF,83,Granada CF,1,0,1,0,HOME_TEAM,0
436047,PL,2023,11,2023-11-05 16:30:00+00:00,FINISHED,389,Luton Town FC,64,Liverpool FC,1,1,0,0,DRAW,1
444361,SA,2023,11,2023-11-05 17:00:00+00:00,FINISHED,100,AS Roma,5890,US Lecce,2,1,0,0,HOME_TEAM,0
438590,PD,2023,12,2023-11-05 17:30:00+00:00,FINISHED,94,Villarreal CF,77,Athletic Club,2,3,0,3,AWAY_TEAM,2
444357,SA,2023,11,2023-11-05 19:45:00+00:00,FINISHED,99,ACF Fiorentina,109,Juventus FC,0,1,0,1,AWAY_TEAM,2
438591,PD,2023,12,2023-11-05 20:00:00+00:00,FINISHED,86,Real Madrid CF,87,Rayo Vallecano de Madrid,0,0,0,0,DRAW,1
444358,SA,2023,11,2023-11-06 17:30:00+00:00,FINISHED,470,Frosinone Calcio,445,Empoli FC,2,1,0,0,HOME_TEAM,0
444363,SA,2023,11,2023-11-06 19:45:00+00:00,FINISHED,586,Torino FC,471,US Sassuolo Calcio,2,1,1,1,HOME_TEAM,0
436052,PL,2023,11,2023-11-06 20:00:00+00:00,FINISHED,73,Tottenham Hotspur FC,61,Chelsea FC,1,4,1,1,AWAY_TEAM,2
438588,PD,2023,12,2023-11-06 20:00:00+00:00,FINISHED,82,Getafe CF,264,Cádiz CF,1,0,0,0,HOME_TEAM,0
444372,SA,2023,12,2023-11-10 17:30:00+00:00,FINISHED,471,US Sassuolo Calcio,455,US Salernitana 1919,2,2,1,2,DRAW,1
444365,SA,2023,12,2023-11-10 19:45:00+00:00,FINISHED,107,Genoa CFC,450,Hellas Verona FC,1,0,1,0,HOME_TEAM,0
438594,PD,2023,13,2023-11-10 20:00:00+00:00,FINISHED,77,Athletic Club,558,RC Celta de Vigo,4,3,2,2,HOME_TEAM,0
436062,PL,2023,12,2023-11-11 12:30:00+00:00,FINISHED,76,Wolverhampton Wanderers FC,73,Tottenham Hotspur FC,2,1,0,1,HOME_TEAM,0
438600,PD,2023,13,2023-11-11 13:00:00+00:00,FINISHED,87,Rayo Vallecano de Madrid,298,Girona FC,1,2,1,1,AWAY_TEAM,2
444369,SA,2023,12,2023-11-11 14:00:00+00:00,FINISHED,5890,US Lecce,98,AC Milan,2,2,0,2,DRAW,1
436060,PL,2023,12,2023-11-11 15:00:00+00:00,FINISHED,66,Manchester United FC,389,Luton Town FC,1,0,0,0,HOME_TEAM,0
436058,PL,2023,12,2023-11-11 15:00:00+00:00,FINISHED,354,Crystal Palace FC,62,Everton FC,2,3,1,1,AWAY_TEAM,2
436054,PL,2023,12,2023-11-11 15:00:00+00:00,FINISHED,57,Arsenal FC,328,Burnley FC,3,1,1,0,HOME_TEAM,0
438603,PD,2023,13,2023-11-11 15:15:00+00:00,FINISHED,267,UD Almería,92,Real Sociedad de Fútbol,1,3,0,0,AWAY_TEAM,2
444367,SA,2023,12,2023-11-11 17:00:00+00:00,FINISHED,109,Juventus FC,104,Cagliari Calcio,2,1,0,0,HOME_TEAM,0
436053,PL,2023,12,2023-11-11 17:30:00+00:00,FINISHED,1044,AFC Bournemouth,67,Newcastle United FC,2,0,0,0,HOME_TEAM,0
438598,PD,2023,13,2023-11-11 17:30:00+00:00,FINISHED,83,Granada CF,82,Getafe CF,1,1,1,1,DRAW,1
438596,PD,2023,13,2023-11-11 17:30:00+00:00,FINISHED,79,CA Osasuna,275,UD Las Palmas,1,1,0,0,DRAW,1
444370,SA,2023,12,2023-11-11 19:45:00+00:00,FINISHED,5911,AC Monza,586,Torino FC,1,1,0,0,DRAW,1
438602,PD,2023,13,2023-11-11 20:00:00+00:00,FINISHED,86,Real Madrid CF,95,Valencia CF,5,1,2,0,HOME_TEAM,0
444371,SA,2023,12,2023-11-12 11:30:00+00:00,FINISHED,113,SSC Napoli,445,Empoli FC,0,1,0,0,AWAY_TEAM,2
436056,PL,2023,12,2023-11-12 14:00:00+00:00,FINISHED,397,Brighton & Hove Albion FC,356,Sheffield United FC,1,1,1,0,DRAW,1
436061,PL,2023,12,2023-11-12 14:00:00+00:00,FINISHED,563,West Ham United FC,351,Nottingham Forest FC,3,2,1,1,HOME_TEAM,0
436059,PL,2023,12,2023-11-12 14:00:00+00:00,FINISHED,64,Liverpool FC,402,Brentford FC,3,0,1,0,HOME_TEAM,0
444364,SA,2023,12,2023-11-12 14:00:00+00:00,FINISHED,99,ACF Fiorentina,103,Bologna FC 1909,2,1,1,1,HOME_TEAM,0
436055,PL,2023,12,2023-11-12 14:00:00+00:00,FINISHED,58,Aston Villa FC,63,Fulham FC,3,1,2,0,HOME_TEAM,0
444373,SA,2023,12,2023-11-12 14:00:00+00:00,FINISHED,115,Udinese Calcio,102,Atalanta BC,1,1,1,0,DRAW,1
438597,PD,2023,13,2023-11-12 15:15:00+00:00,FINISHED,81,FC Barcelona,263,Deportivo Alavés,2,1,0,1,HOME_TEAM,0
436057,PL,2023,12,2023-11-12 16:30:00+00:00,FINISHED,61,Chelsea FC,65,Manchester City FC,4,4,2,2,DRAW,1
444368,SA,2023,12,2023-11-12 17:00:00+00:00,FINISHED,110,SS Lazio,100,AS Roma,0,0,0,0,DRAW,1
438599,PD,2023,13,2023-11-12 17:30:00+00:00,FINISHED,559,Sevilla FC,90,Real Betis Balompié,1,1,0,0,DRAW,1
444366,SA,2023,12,2023-11-12 19:45:00+00:00,FINISHED,108,FC Internazionale Milano,470,Frosinone Calcio,2,0,1,0,HOME_TEAM,0
438595,PD,2023,13,2023-11-12 20:00:00+00:00,FINISHED,78,Club Atlético de Madrid,94,Villarreal CF,3,1,1,1,HOME_TEAM,0
438606,PD,2023,14,2023-11-24 20:00:00+00:00,FINISHED,263,Deportivo Alavés,83,Granada CF,3,1,2,0,HOME_TEAM,0
436068,PL,2023,13,2023-11-25 12:30:00+00:00,FINISHED,65,Manchester City FC,64,Liverpool FC,1,1,1,0,DRAW,1
438612,PD,2023,14,2023-11-25 13:00:00+00:00,FINISHED,87,Rayo Vallecano de Madrid,81,FC Barcelona,1,1,1,0,DRAW,1
444383,SA,2023,13,2023-11-25 14:00:00+00:00,FINISHED,455,US Salernitana 1919,110,SS Lazio,2,1,0,1,HOME_TEAM,0
436067,PL,2023,13,2023-11-25 15:00:00+00:00,FINISHED,389,Luton Town FC,354,Crystal Palace FC,2,1,0,0,HOME_TEAM,0
436069,PL,2023,13,2023-11-25 15:00:00+00:00,FINISHED,67,Newcastle United FC,61,Chelsea FC,4,1,1,1,HOME_TEAM,0
436070,PL,2023,13,2023-11-25 15:00:00+00:00,FINISHED,351,Nottingham Forest FC,397,Brighton & Hove Albion FC,2,3,1,2,AWAY_TEAM,2
436071,PL,2023,13,2023-11-25 15:00:00+00:00,FINISHED,356,Sheffield United FC,1044,AFC Bournemouth,1,3,0,2,AWAY_TEAM,2
436064,PL,2023,13,2023-11-25 15:00:00+00:00,FINISHED,328,Burnley FC,563,West Ham United FC,1,2,0,0,AWAY_TEAM,2
438610,PD,2023,14,2023-11-25 15:15:00+00:00,FINISHED,95,Valencia CF,558,RC Celta de Vigo,0,0,0,0,DRAW,1
444374,SA,2023,13,2023-11-25 17:00:00+00:00,FINISHED,102,Atalanta BC,113,SSC Napoli,1,2,0,1,AWAY_TEAM,2
436063,PL,2023,13,2023-11-25 17:30:00+00:00,FINISHED,402,Brentford FC,57,Arsenal FC,0,1,0,0,AWAY_TEAM,2
438608,PD,2023,14,2023-11-25 17:30:00+00:00,FINISHED,82,Getafe CF,267,UD Almería,2,1,2,1,HOME_TEAM,0
444381,SA,2023,13,2023-11-25 19:45:00+00:00,FINISHED,98,AC Milan,99,ACF Fiorentina,1,0,1,0,HOME_TEAM,0
438604,PD,2023,14,2023-11-25 20:00:00+00:00,FINISHED,78,Club Atlético de Madrid,89,RCD Mallorca,1,0,0,0,HOME_TEAM,0
444376,SA,2023,13,2023-11-26 11:30:00+00:00,FINISHED,104,Cagliari Calcio,5911,AC Monza,1,1,1,0,DRAW,1
438611,PD,2023,14,2023-11-26 13:00:00+00:00,FINISHED,94,Villarreal CF,79,CA Osasuna,3,1,0,0,HOME_TEAM,0
444378,SA,2023,13,2023-11-26 14:00:00+00:00,FINISHED,470,Frosinone Calcio,107,Genoa CFC,2,1,1,1,HOME_TEAM,0
444377,SA,2023,13,2023-11-26 14:00:00+00:00,FINISHED,445,Empoli FC,471,US Sassuolo Calcio,3,4,2,2,AWAY_TEAM,2
436072,PL,2023,13,2023-11-26 14:00:00+00:00,FINISHED,73,Tottenham Hotspur FC,58,Aston Villa FC,1,2,1,1,AWAY_TEAM,2
438613,PD,2023,14,2023-11-26 15:15:00+00:00,FINISHED,92,Real Sociedad de Fútbol,559,Sevilla FC,2,1,2,0,HOME_TEAM,0
436065,PL,2023,13,2023-11-26 16:30:00+00:00,FINISHED,62,Everton FC,66,Manchester United FC,0,3,0,1,AWAY_TEAM,2
444382,SA,2023,13,2023-11-26 17:00:00+00:00,FINISHED,100,AS Roma,115,Udinese Calcio,3,1,1,0,HOME_TEAM,0
438607,PD,2023,14,2023-11-26 17:30:00+00:00,FINISHED,264,Cádiz CF,86,Real Madrid CF,0,3,0,1,AWAY_TEAM,2
444380,SA,2023,13,2023-11-26 19:45:00+00:00,FINISHED,109,Juventus FC,108,FC Internazionale Milano,1,1,1,1,DRAW,1
438605,PD,2023,14,2023-11-26 20:00:00+00:00,FINISHED,90,Real Betis Balompié,275,UD Las Palmas,1,0,1,0,HOME_TEAM,0
444379,SA,2023,13,2023-11-27 17:30:00+00:00,FINISHED,450,Hellas Verona FC,5890,US Lecce,2,2,1,1,DRAW,1
444375,SA,2023,13,2023-11-27 19:45:00+00:00,FINISHED,103,Bologna FC 1909,586,Torino FC,2,0,0,0,HOME_TEAM,0
438609,PD,2023,14,2023-11-27 20:00:00+00:00,FINISHED,298,Girona FC,77,Athletic Club,1,1,0,0,DRAW,1
436066,PL,2023,13,2023-11-27 20:00:00+00:00,FINISHED,63,Fulham FC,76,Wolverhampton Wanderers FC,3,2,1,1,HOME_TEAM,0
438601,PD,2023,13,2023-11-29 20:00:00+00:00,FINISHED,89,RCD Mallorca,264,Cádiz CF,1,1,1,1,DRAW,1
444389,SA,2023,14,2023-12-01 19:45:00+00:00,FINISHED,5911,AC Monza,109,Juventus FC,1,2,0,1,AWAY_TEAM,2
438623,PD,2023,15,2023-12-01 20:00:00+00:00,FINISHED,275,UD Las Palmas,82,Getafe CF,2,0,1,0,HOME_TEAM,0
438618,PD,2023,15,2023-12-02 13:00:00+00:00,FINISHED,298,Girona FC,95,Valencia CF,2,1,0,0,HOME_TEAM,0
444385,SA,2023,14,2023-12-02 14:00:00+00:00,FINISHED,107,Genoa CFC,445,Empoli FC,1,1,1,0,DRAW,1
436074,PL,2023,14,2023-12-02 15:00:00+00:00,FINISHED,57,Arsenal FC,76,Wolverhampton Wanderers FC,2,1,2,0,HOME_TEAM,0
436075,PL,2023,14,2023-12-02 15:00:00+00:00,FINISHED,402,Brentford FC,389,Luton Town FC,3,1,0,0,HOME_TEAM,0
436076,PL,2023,14,2023-12-02 15:00:00+00:00,FINISHED,328,Burnley FC,356,Sheffield United FC,5,0,2,0,HOME_TEAM,0
438614,PD,2023,15,2023-12-02 15:15:00+00:00,FINISHED,77,Athletic Club,87,Rayo Vallecano de Madrid,4,0,1,0,HOME_TEAM,0
444386,SA,2023,14,2023-12-02 17:00:00+00:00,FINISHED,110,SS Lazio,104,Cagliari Calcio,1,0,1,0,HOME_TEAM,0
436081,PL,2023,14,2023-12-02 17:30:00+00:00,FINISHED,351,Nottingham Forest FC,62,Everton FC,0,1,0,0,AWAY_TEAM,2
438621,PD,2023,15,2023-12-02 17:30:00+00:00,FINISHED,86,Real Madrid CF,83,Granada CF,2,0,1,0,HOME_TEAM,0
444388,SA,2023,14,2023-12-02 19:45:00+00:00,FINISHED,98,AC Milan,470,Frosinone Calcio,3,1,1,0,HOME_TEAM,0
438615,PD,2023,15,2023-12-02 20:00:00+00:00,FINISHED,79,CA Osasuna,92,Real Sociedad de Fútbol,1,1,1,1,DRAW,1
436080,PL,2023,14,2023-12-02 20:00:00+00:00,FINISHED,67,Newcastle United FC,66,Manchester United FC,1,0,0,0,HOME_TEAM,0
444387,SA,2023,14,2023-12-03 11:30:00+00:00,FINISHED,5890,US Lecce,103,Bologna FC 1909,1,1,0,0,DRAW,1
438620,PD,2023,15,2023-12-03 13:00:00+00:00,FINISHED,89,RCD Mallorca,263,Deportivo Alavés,0,0,0,0,DRAW,1
436073,PL,2023,14,2023-12-03 14:00:00+00:00,FINISHED,1044,AFC Bournemouth,58,Aston Villa FC,2,2,1,1,DRAW,1
436077,PL,2023,14,2023-12-03 14:00:00+00:00,FINISHED,61,Chelsea FC,397,Brighton & Hove Albion FC,3,2,2,1,HOME_TEAM,0
436078,PL,2023,14,2023-12-03 14:00:00+00:00,FINISHED,64,Liverpool FC,63,Fulham FC,4,3,2,2,HOME_TEAM,0
436082,PL,2023,14,2023-12-03 14:00:00+00:00,FINISHED,563,West Ham United FC,354,Crystal Palace FC,1,1,1,0,DRAW,1
444393,SA,2023,14,2023-12-03 14:00:00+00:00,FINISHED,115,Udinese Calcio,450,Hellas Verona FC,3,3,2,1,DRAW,1
444384,SA,2023,14,2023-12-03 14:00:00+00:00,FINISHED,99,ACF Fiorentina,455,US Salernitana 1919,3,0,2,0,HOME_TEAM,0
438622,PD,2023,15,2023-12-03 15:15:00+00:00,FINISHED,267,UD Almería,90,Real Betis Balompié,0,0,0,0,DRAW,1
436079,PL,2023,14,2023-12-03 16:30:00+00:00,FINISHED,65,Manchester City FC,73,Tottenham Hotspur FC,3,3,2,1,DRAW,1
444391,SA,2023,14,2023-12-03 17:00:00+00:00,FINISHED,471,US Sassuolo Calcio,100,AS Roma,1,2,1,0,AWAY_TEAM,2
438619,PD,2023,15,2023-12-03 17:30:00+00:00,FINISHED,559,Sevilla FC,94,Villarreal CF,1,1,0,0,DRAW,1
444390,SA,2023,14,2023-12-03 19:45:00+00:00,FINISHED,113,SSC Napoli,108,FC Internazionale Milano,0,3,0,1,AWAY_TEAM,2
438617,PD,2023,15,2023-12-03 20:00:00+00:00,FINISHED,81,FC Barcelona,78,Club Atlético de Madrid,1,0,1,0,HOME_TEAM,0
444392,SA,2023,14,2023-12-04 19:45:00+00:00,FINISHED,586,Torino FC,102,Atalanta BC,3,0,1,0,HOME_TEAM,0
438616,PD,2023,15,2023-12-04 20:00:00+00:00,FINISHED,558,RC Celta de Vigo,264,Cádiz CF,1,1,0,1,DRAW,1
436090,PL,2023,15,2023-12-05 19:30:00+00:00,FINISHED,76,Wolverhampton Wanderers FC,328,Burnley FC,1,0,1,0,HOME_TEAM,0
436087,PL,2023,15,2023-12-05 20:15:00+00:00,FINISHED,389,Luton Town FC,57,Arsenal FC,3,4,1,2,AWAY_TEAM,2
436084,PL,2023,15,2023-12-06 19:30:00+00:00,FINISHED,397,Brighton & Hove Albion FC,402,Brentford FC,2,1,1,1,HOME_TEAM,0
436086,PL,2023,15,2023-12-06 19:30:00+00:00,FINISHED,63,Fulham FC,351,Nottingham Forest FC,5,0,2,0,HOME_TEAM,0
436088,PL,2023,15,2023-12-06 19:30:00+00:00,FINISHED,356,Sheffield United FC,64,Liverpool FC,0,2,0,1,AWAY_TEAM,2
436091,PL,2023,15,2023-12-06 19:30:00+00:00,FINISHED,354,Crystal Palace FC,1044,AFC Bournemouth,0,2,0,1,AWAY_TEAM,2
436083,PL,2023,15,2023-12-06 20:15:00+00:00,FINISHED,58,Aston Villa FC,65,Manchester City FC,1,0,0,0,HOME_TEAM,0
436092,PL,2023,15,2023-12-06 20:15:00+00:00,FINISHED,66,Manchester United FC,61,Chelsea FC,2,1,1,1,HOME_TEAM,0
436085,PL,2023,15,2023-12-07 19:30:00+00:00,FINISHED,62,Everton FC,67,Newcastle United FC,3,0,0,0,HOME_TEAM,0
436089,PL,2023,15,2023-12-07 20:15:00+00:00,FINISHED,73,Tottenham Hotspur FC,563,West Ham United FC,1,2,1,0,AWAY_TEAM,2
444400,SA,2023,15,2023-12-08 19:45:00+00:00,FINISHED,109,Juventus FC,113,SSC Napoli,1,0,0,0,HOME_TEAM,0
438629,PD,2023,16,2023-12-08 20:00:00+00:00,FINISHED,82,Getafe CF,95,Valencia CF,1,0,0,0,HOME_TEAM,0
436095,PL,2023,16,2023-12-09 12:30:00+00:00,FINISHED,354,Crystal Palace FC,64,Liverpool FC,1,2,0,0,AWAY_TEAM,2
438626,PD,2023,16,2023-12-09 13:00:00+00:00,FINISHED,263,Deportivo Alavés,275,UD Las Palmas,0,1,0,1,AWAY_TEAM,2
444398,SA,2023,15,2023-12-09 14:00:00+00:00,FINISHED,450,Hellas Verona FC,110,SS Lazio,1,1,0,1,DRAW,1
436094,PL,2023,16,2023-12-09 15:00:00+00:00,FINISHED,397,Brighton & Hove Albion FC,328,Burnley FC,1,1,0,1,DRAW,1
436099,PL,2023,16,2023-12-09 15:00:00+00:00,FINISHED,66,Manchester United FC,1044,AFC Bournemouth,0,3,0,1,AWAY_TEAM,2
436100,PL,2023,16,2023-12-09 15:00:00+00:00,FINISHED,356,Sheffield United FC,402,Brentford FC,1,0,1,0,HOME_TEAM,0
436102,PL,2023,16,2023-12-09 15:00:00+00:00,FINISHED,76,Wolverhampton Wanderers FC,351,Nottingham Forest FC,1,1,1,1,DRAW,1
438625,PD,2023,16,2023-12-09 15:15:00+00:00,FINISHED,90,Real Betis Balompié,86,Real Madrid CF,1,1,0,0,DRAW,1
444394,SA,2023,15,2023-12-09 17:00:00+00:00,FINISHED,102,Atalanta BC,98,AC Milan,3,2,1,1,HOME_TEAM,0
436093,PL,2023,16,2023-12-09 17:30:00+00:00,FINISHED,58,Aston Villa FC,57,Arsenal FC,1,0,1,0,HOME_TEAM,0
438631,PD,2023,16,2023-12-09 17:30:00+00:00,FINISHED,94,Villarreal CF,92,Real Sociedad de Fútbol,0,3,0,3,AWAY_TEAM,2
444399,SA,2023,15,2023-12-09 19:45:00+00:00,FINISHED,108,FC Internazionale Milano,115,Udinese Calcio,4,0,3,0,HOME_TEAM,0
438633,PD,2023,16,2023-12-09 20:00:00+00:00,FINISHED,89,RCD Mallorca,559,Sevilla FC,1,0,1,0,HOME_TEAM,0
444397,SA,2023,15,2023-12-10 11:30:00+00:00,FINISHED,470,Frosinone Calcio,586,Torino FC,0,0,0,0,DRAW,1
438624,PD,2023,16,2023-12-10 13:00:00+00:00,FINISHED,78,Club Atlético de Madrid,267,UD Almería,2,1,2,0,HOME_TEAM,0
436098,PL,2023,16,2023-12-10 14:00:00+00:00,FINISHED,389,Luton Town FC,65,Manchester City FC,1,2,1,0,AWAY_TEAM,2
436097,PL,2023,16,2023-12-10 14:00:00+00:00,FINISHED,63,Fulham FC,563,West Ham United FC,5,0,3,0,HOME_TEAM,0
436096,PL,2023,16,2023-12-10 14:00:00+00:00,FINISHED,62,Everton FC,61,Chelsea FC,2,0,0,0,HOME_TEAM,0
444401,SA,2023,15,2023-12-10 14:00:00+00:00,FINISHED,5911,AC Monza,107,Genoa CFC,1,0,0,0,HOME_TEAM,0
436101,PL,2023,16,2023-12-10 16:30:00+00:00,FINISHED,73,Tottenham Hotspur FC,67,Newcastle United FC,4,1,2,0,HOME_TEAM,0
444403,SA,2023,15,2023-12-10 17:00:00+00:00,FINISHED,455,US Salernitana 1919,103,Bologna FC 1909,1,2,0,2,AWAY_TEAM,2
438628,PD,2023,16,2023-12-10 17:30:00+00:00,FINISHED,264,Cádiz CF,79,CA Osasuna,1,1,1,0,DRAW,1
444402,SA,2023,15,2023-12-10 19:45:00+00:00,FINISHED,100,AS Roma,99,ACF Fiorentina,1,1,1,0,DRAW,1
438627,PD,2023,16,2023-12-10 20:00:00+00:00,FINISHED,81,FC Barcelona,298,Girona FC,2,4,1,2,AWAY_TEAM,2
444396,SA,2023,15,2023-12-11 17:30:00+00:00,FINISHED,445,Empoli FC,5890,US Lecce,1,1,0,0,DRAW,1
444395,SA,2023,15,2023-12-11 19:45:00+00:00,FINISHED,104,Cagliari Calcio,471,US Sassuolo Calcio,2,1,0,1,HOME_TEAM,0
438632,PD,2023,16,2023-12-11 20:00:00+00:00,FINISHED,87,Rayo Vallecano de Madrid,558,RC Celta de Vigo,0,0,0,0,DRAW,1
438630,PD,2023,16,2023-12-11 20:00:00+00:00,FINISHED,83,Granada CF,77,Athletic Club,1,1,0,1,DRAW,1
444407,SA,2023,16,2023-12-15 19:45:00+00:00,FINISHED,107,Genoa CFC,109,Juventus FC,1,1,0,1,DRAW,1
436111,PL,2023,17,2023-12-15 20:00:00+00:00,FINISHED,351,Nottingham Forest FC,73,Tottenham Hotspur FC,0,2,0,1,AWAY_TEAM,2
438635,PD,2023,17,2023-12-15 20:00:00+00:00,FINISHED,79,CA Osasuna,87,Rayo Vallecano de Madrid,1,0,0,0,HOME_TEAM,0
438636,PD,2023,17,2023-12-16 13:00:00+00:00,FINISHED,558,RC Celta de Vigo,83,Granada CF,1,0,1,0,HOME_TEAM,0
444409,SA,2023,16,2023-12-16 14:00:00+00:00,FINISHED,5890,US Lecce,470,Frosinone Calcio,2,1,1,1,HOME_TEAM,0
436110,PL,2023,17,2023-12-16 15:00:00+00:00,FINISHED,67,Newcastle United FC,63,Fulham FC,3,0,0,0,HOME_TEAM,0
436109,PL,2023,17,2023-12-16 15:00:00+00:00,FINISHED,65,Manchester City FC,354,Crystal Palace FC,2,2,1,0,DRAW,1
436107,PL,2023,17,2023-12-16 15:00:00+00:00,FINISHED,61,Chelsea FC,356,Sheffield United FC,2,0,0,0,HOME_TEAM,0
438634,PD,2023,17,2023-12-16 15:15:00+00:00,FINISHED,77,Athletic Club,78,Club Atlético de Madrid,2,0,0,0,HOME_TEAM,0
444411,SA,2023,16,2023-12-16 17:30:00+00:00,FINISHED,113,SSC Napoli,104,Cagliari Calcio,2,1,0,0,HOME_TEAM,0
436106,PL,2023,17,2023-12-16 17:30:00+00:00,FINISHED,328,Burnley FC,62,Everton FC,0,2,0,2,AWAY_TEAM,2
438638,PD,2023,17,2023-12-16 17:30:00+00:00,FINISHED,559,Sevilla FC,82,Getafe CF,0,3,0,2,AWAY_TEAM,2
444412,SA,2023,16,2023-12-16 19:45:00+00:00,FINISHED,586,Torino FC,445,Empoli FC,1,0,1,0,HOME_TEAM,0
438639,PD,2023,17,2023-12-16 20:00:00+00:00,FINISHED,95,Valencia CF,81,FC Barcelona,1,1,0,0,DRAW,1
444410,SA,2023,16,2023-12-17 11:30:00+00:00,FINISHED,98,AC Milan,5911,AC Monza,3,0,2,0,HOME_TEAM,0
438642,PD,2023,17,2023-12-17 13:00:00+00:00,FINISHED,267,UD Almería,89,RCD Mallorca,0,0,0,0,DRAW,1
444413,SA,2023,16,2023-12-17 14:00:00+00:00,FINISHED,115,Udinese Calcio,471,US Sassuolo Calcio,2,2,1,0,DRAW,1
444406,SA,2023,16,2023-12-17 14:00:00+00:00,FINISHED,99,ACF Fiorentina,450,Hellas Verona FC,1,0,0,0,HOME_TEAM,0
436105,PL,2023,17,2023-12-17 14:00:00+00:00,FINISHED,402,Brentford FC,58,Aston Villa FC,1,2,1,0,AWAY_TEAM,2
436112,PL,2023,17,2023-12-17 14:00:00+00:00,FINISHED,563,West Ham United FC,76,Wolverhampton Wanderers FC,3,0,2,0,HOME_TEAM,0
436104,PL,2023,17,2023-12-17 14:00:00+00:00,FINISHED,57,Arsenal FC,397,Brighton & Hove Albion FC,2,0,0,0,HOME_TEAM,0
438641,PD,2023,17,2023-12-17 15:15:00+00:00,FINISHED,92,Real Sociedad de Fútbol,90,Real Betis Balompié,0,0,0,0,DRAW,1
436108,PL,2023,17,2023-12-17 16:30:00+00:00,FINISHED,64,Liverpool FC,66,Manchester United FC,0,0,0,0,DRAW,1
444405,SA,2023,16,2023-12-17 17:00:00+00:00,FINISHED,103,Bologna FC 1909,100,AS Roma,2,0,1,0,HOME_TEAM,0
438643,PD,2023,17,2023-12-17 17:30:00+00:00,FINISHED,275,UD Las Palmas,264,Cádiz CF,1,1,1,0,DRAW,1
444408,SA,2023,16,2023-12-17 19:45:00+00:00,FINISHED,110,SS Lazio,108,FC Internazionale Milano,0,2,0,1,AWAY_TEAM,2
438640,PD,2023,17,2023-12-17 20:00:00+00:00,FINISHED,86,Real Madrid CF,94,Villarreal CF,4,1,2,0,HOME_TEAM,0
444404,SA,2023,16,2023-12-18 19:45:00+00:00,FINISHED,102,Atalanta BC,455,US Salernitana 1919,4,1,0,1,HOME_TEAM,0
438637,PD,2023,17,2023-12-18 20:00:00+00:00,FINISHED,298,Girona FC,263,Deportivo Alavés,3,0,2,0,HOME_TEAM,0
438652,PD,2023,18,2023-12-19 18:00:00+00:00,FINISHED,87,Rayo Vallecano de Madrid,95,Valencia CF,0,1,0,0,AWAY_TEAM,2
438645,PD,2023,18,2023-12-19 20:30:00+00:00,FINISHED,78,Club Atlético de Madrid,82,Getafe CF,3,3,1,0,DRAW,1
438650,PD,2023,18,2023-12-19 20:30:00+00:00,FINISHED,83,Granada CF,559,Sevilla FC,0,3,0,2,AWAY_TEAM,2
438648,PD,2023,18,2023-12-20 18:00:00+00:00,FINISHED,81,FC Barcelona,267,UD Almería,3,2,1,1,HOME_TEAM,0
438644,PD,2023,18,2023-12-20 20:30:00+00:00,FINISHED,77,Athletic Club,275,UD Las Palmas,1,0,0,0,HOME_TEAM,0
438651,PD,2023,18,2023-12-20 20:30:00+00:00,FINISHED,94,Villarreal CF,558,RC Celta de Vigo,3,2,2,0,HOME_TEAM,0
438646,PD,2023,18,2023-12-21 18:00:00+00:00,FINISHED,90,Real Betis Balompié,298,Girona FC,1,1,0,1,DRAW,1
438649,PD,2023,18,2023-12-21 18:00:00+00:00,FINISHED,264,Cádiz CF,92,Real Sociedad de Fútbol,0,0,0,0,DRAW,1
436114,PL,2023,18,2023-12-21 20:00:00+00:00,FINISHED,354,Crystal Palace FC,397,Brighton & Hove Albion FC,1,1,1,0,DRAW,1
438647,PD,2023,18,2023-12-21 20:30:00+00:00,FINISHED,263,Deportivo Alavés,86,Real Madrid CF,0,1,0,0,AWAY_TEAM,2
438653,PD,2023,18,2023-12-21 20:30:00+00:00,FINISHED,89,RCD Mallorca,79,CA Osasuna,3,2,1,1,HOME_TEAM,0
444422,SA,2023,17,2023-12-22 17:30:00+00:00,FINISHED,471,US Sassuolo Calcio,107,Genoa CFC,1,2,1,0,AWAY_TEAM,2
444415,SA,2023,17,2023-12-22 17:30:00+00:00,FINISHED,445,Empoli FC,110,SS Lazio,0,2,0,1,AWAY_TEAM,2
444419,SA,2023,17,2023-12-22 19:45:00+00:00,FINISHED,5911,AC Monza,99,ACF Fiorentina,0,1,0,1,AWAY_TEAM,2
444421,SA,2023,17,2023-12-22 19:45:00+00:00,FINISHED,455,US Salernitana 1919,98,AC Milan,2,2,1,1,DRAW,1
436113,PL,2023,18,2023-12-22 20:00:00+00:00,FINISHED,58,Aston Villa FC,356,Sheffield United FC,1,1,0,0,DRAW,1
444416,SA,2023,17,2023-12-23 11:30:00+00:00,FINISHED,470,Frosinone Calcio,109,Juventus FC,1,2,0,1,AWAY_TEAM,2
436121,PL,2023,18,2023-12-23 12:30:00+00:00,FINISHED,563,West Ham United FC,66,Manchester United FC,2,0,0,0,HOME_TEAM,0
444423,SA,2023,17,2023-12-23 14:00:00+00:00,FINISHED,586,Torino FC,115,Udinese Calcio,1,1,0,0,DRAW,1
444414,SA,2023,17,2023-12-23 14:00:00+00:00,FINISHED,103,Bologna FC 1909,102,Atalanta BC,1,0,0,0,HOME_TEAM,0
436119,PL,2023,18,2023-12-23 15:00:00+00:00,FINISHED,351,Nottingham Forest FC,1044,AFC Bournemouth,2,3,0,0,AWAY_TEAM,2
436117,PL,2023,18,2023-12-23 15:00:00+00:00,FINISHED,389,Luton Town FC,67,Newcastle United FC,1,0,1,0,HOME_TEAM,0
436120,PL,2023,18,2023-12-23 15:00:00+00:00,FINISHED,73,Tottenham Hotspur FC,62,Everton FC,2,1,2,0,HOME_TEAM,0
436115,PL,2023,18,2023-12-23 15:00:00+00:00,FINISHED,63,Fulham FC,328,Burnley FC,0,2,0,0,AWAY_TEAM,2
438504,PD,2023,4,2023-12-23 15:15:00+00:00,FINISHED,78,Club Atlético de Madrid,559,Sevilla FC,1,0,0,0,HOME_TEAM,0
444418,SA,2023,17,2023-12-23 17:00:00+00:00,FINISHED,108,FC Internazionale Milano,5890,US Lecce,2,0,1,0,HOME_TEAM,0
444417,SA,2023,17,2023-12-23 17:00:00+00:00,FINISHED,450,Hellas Verona FC,104,Cagliari Calcio,2,0,0,0,HOME_TEAM,0
436116,PL,2023,18,2023-12-23 17:30:00+00:00,FINISHED,64,Liverpool FC,57,Arsenal FC,1,1,1,1,DRAW,1
444420,SA,2023,17,2023-12-23 19:45:00+00:00,FINISHED,100,AS Roma,113,SSC Napoli,2,0,0,0,HOME_TEAM,0
436122,PL,2023,18,2023-12-24 13:00:00+00:00,FINISHED,76,Wolverhampton Wanderers FC,61,Chelsea FC,2,1,0,0,HOME_TEAM,0
436131,PL,2023,19,2023-12-26 12:30:00+00:00,FINISHED,67,Newcastle United FC,351,Nottingham Forest FC,1,3,1,1,AWAY_TEAM,2
436123,PL,2023,19,2023-12-26 15:00:00+00:00,FINISHED,1044,AFC Bournemouth,63,Fulham FC,3,0,1,0,HOME_TEAM,0
436132,PL,2023,19,2023-12-26 15:00:00+00:00,FINISHED,356,Sheffield United FC,389,Luton Town FC,2,3,0,1,AWAY_TEAM,2
436127,PL,2023,19,2023-12-26 17:30:00+00:00,FINISHED,328,Burnley FC,64,Liverpool FC,0,2,0,1,AWAY_TEAM,2
436130,PL,2023,19,2023-12-26 20:00:00+00:00,FINISHED,66,Manchester United FC,58,Aston Villa FC,3,2,0,2,HOME_TEAM,0
436125,PL,2023,19,2023-12-27 19:30:00+00:00,FINISHED,402,Brentford FC,76,Wolverhampton Wanderers FC,1,4,1,3,AWAY_TEAM,2
436128,PL,2023,19,2023-12-27 19:30:00+00:00,FINISHED,61,Chelsea FC,354,Crystal Palace FC,2,1,1,1,HOME_TEAM,0
436129,PL,2023,19,2023-12-27 20:15:00+00:00,FINISHED,62,Everton FC,65,Manchester City FC,1,3,1,0,AWAY_TEAM,2
436126,PL,2023,19,2023-12-28 19:30:00+00:00,FINISHED,397,Brighton & Hove Albion FC,73,Tottenham Hotspur FC,4,2,2,0,HOME_TEAM,0
436124,PL,2023,19,2023-12-28 20:15:00+00:00,FINISHED,57,Arsenal FC,563,West Ham United FC,0,2,0,1,AWAY_TEAM,2
444432,SA,2023,18,2023-12-29 17:30:00+00:00,FINISHED,113,SSC Napoli,5911,AC Monza,0,0,0,0,DRAW,1
444426,SA,2023,18,2023-12-29 17:30:00+00:00,FINISHED,99,ACF Fiorentina,586,Torino FC,1,0,0,0,HOME_TEAM,0
444430,SA,2023,18,2023-12-29 19:45:00+00:00,FINISHED,110,SS Lazio,470,Frosinone Calcio,3,1,0,0,HOME_TEAM,0
444427,SA,2023,18,2023-12-29 19:45:00+00:00,FINISHED,107,Genoa CFC,108,FC Internazionale Milano,1,1,1,1,DRAW,1
444424,SA,2023,18,2023-12-30 11:30:00+00:00,FINISHED,102,Atalanta BC,5890,US Lecce,1,0,0,0,HOME_TEAM,0
436137,PL,2023,20,2023-12-30 12:30:00+00:00,FINISHED,389,Luton Town FC,61,Chelsea FC,2,3,0,2,AWAY_TEAM,2
444433,SA,2023,18,2023-12-30 14:00:00+00:00,FINISHED,115,Udinese Calcio,103,Bologna FC 1909,3,0,1,0,HOME_TEAM,0
444425,SA,2023,18,2023-12-30 14:00:00+00:00,FINISHED,104,Cagliari Calcio,445,Empoli FC,0,0,0,0,DRAW,1
436138,PL,2023,20,2023-12-30 15:00:00+00:00,FINISHED,65,Manchester City FC,356,Sheffield United FC,2,0,1,0,HOME_TEAM,0
436133,PL,2023,20,2023-12-30 15:00:00+00:00,FINISHED,58,Aston Villa FC,328,Burnley FC,3,2,2,1,HOME_TEAM,0
436134,PL,2023,20,2023-12-30 15:00:00+00:00,FINISHED,354,Crystal Palace FC,402,Brentford FC,3,1,2,1,HOME_TEAM,0
436142,PL,2023,20,2023-12-30 15:00:00+00:00,FINISHED,76,Wolverhampton Wanderers FC,62,Everton FC,3,0,1,0,HOME_TEAM,0
444428,SA,2023,18,2023-12-30 17:00:00+00:00,FINISHED,450,Hellas Verona FC,455,US Salernitana 1919,0,1,0,0,AWAY_TEAM,2
444431,SA,2023,18,2023-12-30 17:00:00+00:00,FINISHED,98,AC Milan,471,US Sassuolo Calcio,1,0,0,0,HOME_TEAM,0
436139,PL,2023,20,2023-12-30 17:30:00+00:00,FINISHED,351,Nottingham Forest FC,66,Manchester United FC,2,1,0,0,HOME_TEAM,0
444429,SA,2023,18,2023-12-30 19:45:00+00:00,FINISHED,109,Juventus FC,100,AS Roma,1,0,0,0,HOME_TEAM,0
436140,PL,2023,20,2023-12-31 14:00:00+00:00,FINISHED,73,Tottenham Hotspur FC,1044,AFC Bournemouth,3,1,1,0,HOME_TEAM,0
436135,PL,2023,20,2023-12-31 14:00:00+00:00,FINISHED,63,Fulham FC,57,Arsenal FC,2,1,1,1,HOME_TEAM,0
436136,PL,2023,20,2024-01-01 20:00:00+00:00,FINISHED,64,Liverpool FC,67,Newcastle United FC,4,2,0,0,HOME_TEAM,0
438656,PD,2023,19,2024-01-02 16:00:00+00:00,FINISHED,82,Getafe CF,87,Rayo Vallecano de Madrid,0,2,0,1,AWAY_TEAM,2
438662,PD,2023,19,2024-01-02 18:15:00+00:00,FINISHED,92,Real Sociedad de Fútbol,263,Deportivo Alavés,1,1,0,0,DRAW,1
436141,PL,2023,20,2024-01-02 19:30:00+00:00,FINISHED,563,West Ham United FC,397,Brighton & Hove Albion FC,0,0,0,0,DRAW,1
438660,PD,2023,19,2024-01-02 20:30:00+00:00,FINISHED,95,Valencia CF,94,Villarreal CF,3,1,2,0,HOME_TEAM,0
438658,PD,2023,19,2024-01-03 16:00:00+00:00,FINISHED,83,Granada CF,264,Cádiz CF,2,0,1,0,HOME_TEAM,0
438661,PD,2023,19,2024-01-03 18:15:00+00:00,FINISHED,86,Real Madrid CF,89,RCD Mallorca,1,0,0,0,HOME_TEAM,0
438655,PD,2023,19,2024-01-03 18:15:00+00:00,FINISHED,558,RC Celta de Vigo,90,Real Betis Balompié,2,1,1,1,HOME_TEAM,0
438657,PD,2023,19,2024-01-03 20:30:00+00:00,FINISHED,298,Girona FC,78,Club Atlético de Madrid,4,3,3,2,HOME_TEAM,0
438654,PD,2023,19,2024-01-04 16:00:00+00:00,FINISHED,79,CA Osasuna,267,UD Almería,1,0,1,0,HOME_TEAM,0
438659,PD,2023,19,2024-01-04 18:15:00+00:00,FINISHED,559,Sevilla FC,77,Athletic Club,0,2,0,1,AWAY_TEAM,2
438663,PD,2023,19,2024-01-04 20:30:00+00:00,FINISHED,275,UD Las Palmas,81,FC Barcelona,1,2,1,0,AWAY_TEAM,2
444434,SA,2023,19,2024-01-05 19:45:00+00:00,FINISHED,103,Bologna FC 1909,107,Genoa CFC,1,1,0,1,DRAW,1
444437,SA,2023,19,2024-01-06 11:30:00+00:00,FINISHED,108,FC Internazionale Milano,450,Hellas Verona FC,2,1,1,0,HOME_TEAM,0
444436,SA,2023,19,2024-01-06 14:00:00+00:00,FINISHED,470,Frosinone Calcio,5911,AC Monza,2,3,0,2,AWAY_TEAM,2
444438,SA,2023,19,2024-01-06 17:00:00+00:00,FINISHED,5890,US Lecce,104,Cagliari Calcio,1,1,1,0,DRAW,1
444441,SA,2023,19,2024-01-06 19:45:00+00:00,FINISHED,471,US Sassuolo Calcio,99,ACF Fiorentina,1,0,1,0,HOME_TEAM,0
444435,SA,2023,19,2024-01-07 11:30:00+00:00,FINISHED,445,Empoli FC,98,AC Milan,0,3,0,2,AWAY_TEAM,2
444442,SA,2023,19,2024-01-07 14:00:00+00:00,FINISHED,586,Torino FC,113,SSC Napoli,3,0,1,0,HOME_TEAM,0
444443,SA,2023,19,2024-01-07 14:00:00+00:00,FINISHED,115,Udinese Calcio,110,SS Lazio,1,2,0,1,AWAY_TEAM,2
444440,SA,2023,19,2024-01-07 17:00:00+00:00,FINISHED,455,US Salernitana 1919,109,Juventus FC,1,2,1,0,AWAY_TEAM,2
444439,SA,2023,19,2024-01-07 19:45:00+00:00,FINISHED,100,AS Roma,102,Atalanta BC,1,1,1,1,DRAW,1
436147,PL,2023,21,2024-01-12 19:45:00+00:00,FINISHED,328,Burnley FC,389,Luton Town FC,1,1,1,0,DRAW,1
438670,PD,2023,20,2024-01-12 20:00:00+00:00,FINISHED,559,Sevilla FC,263,Deportivo Alavés,2,3,0,2,AWAY_TEAM,2
436148,PL,2023,21,2024-01-13 12:30:00+00:00,FINISHED,61,Chelsea FC,63,Fulham FC,1,0,1,0,HOME_TEAM,0
438673,PD,2023,20,2024-01-13 13:00:00+00:00,FINISHED,275,UD Las Palmas,94,Villarreal CF,3,0,1,0,HOME_TEAM,0
444447,SA,2023,20,2024-01-13 14:00:00+00:00,FINISHED,107,Genoa CFC,586,Torino FC,0,0,0,0,DRAW,1
444453,SA,2023,20,2024-01-13 14:00:00+00:00,FINISHED,113,SSC Napoli,455,US Salernitana 1919,2,1,1,1,HOME_TEAM,0
438671,PD,2023,20,2024-01-13 15:15:00+00:00,FINISHED,89,RCD Mallorca,558,RC Celta de Vigo,1,1,1,1,DRAW,1
444448,SA,2023,20,2024-01-13 17:00:00+00:00,FINISHED,450,Hellas Verona FC,445,Empoli FC,2,1,1,0,HOME_TEAM,0
436151,PL,2023,21,2024-01-13 17:30:00+00:00,FINISHED,67,Newcastle United FC,65,Manchester City FC,2,3,2,1,AWAY_TEAM,2
438664,PD,2023,20,2024-01-13 17:30:00+00:00,FINISHED,77,Athletic Club,92,Real Sociedad de Fútbol,2,1,2,0,HOME_TEAM,0
444452,SA,2023,20,2024-01-13 19:45:00+00:00,FINISHED,5911,AC Monza,108,FC Internazionale Milano,1,5,0,2,AWAY_TEAM,2
438666,PD,2023,20,2024-01-13 20:00:00+00:00,FINISHED,90,Real Betis Balompié,83,Granada CF,1,0,0,0,HOME_TEAM,0
444450,SA,2023,20,2024-01-14 11:30:00+00:00,FINISHED,110,SS Lazio,5890,US Lecce,1,0,0,0,HOME_TEAM,0
438672,PD,2023,20,2024-01-14 13:00:00+00:00,FINISHED,267,UD Almería,298,Girona FC,0,0,0,0,DRAW,1
444445,SA,2023,20,2024-01-14 14:00:00+00:00,FINISHED,104,Cagliari Calcio,103,Bologna FC 1909,2,1,1,1,HOME_TEAM,0
436149,PL,2023,21,2024-01-14 14:00:00+00:00,FINISHED,62,Everton FC,58,Aston Villa FC,0,0,0,0,DRAW,1
438668,PD,2023,20,2024-01-14 15:15:00+00:00,FINISHED,264,Cádiz CF,95,Valencia CF,1,4,1,1,AWAY_TEAM,2
436150,PL,2023,21,2024-01-14 16:30:00+00:00,FINISHED,66,Manchester United FC,73,Tottenham Hotspur FC,2,2,2,1,DRAW,1
444446,SA,2023,20,2024-01-14 17:00:00+00:00,FINISHED,99,ACF Fiorentina,115,Udinese Calcio,2,2,0,1,DRAW,1
444451,SA,2023,20,2024-01-14 19:45:00+00:00,FINISHED,98,AC Milan,100,AS Roma,3,1,1,0,HOME_TEAM,0
444444,SA,2023,20,2024-01-15 19:45:00+00:00,FINISHED,102,Atalanta BC,470,Frosinone Calcio,5,0,3,0,HOME_TEAM,0
444449,SA,2023,20,2024-01-16 19:45:00+00:00,FINISHED,109,Juventus FC,471,US Sassuolo Calcio,3,0,2,0,HOME_TEAM,0
438677,PD,2023,21,2024-01-19 20:00:00+00:00,FINISHED,263,Deportivo Alavés,264,Cádiz CF,1,0,0,0,HOME_TEAM,0
436144,PL,2023,21,2024-01-20 12:30:00+00:00,FINISHED,57,Arsenal FC,354,Crystal Palace FC,5,0,2,0,HOME_TEAM,0
438682,PD,2023,21,2024-01-20 13:00:00+00:00,FINISHED,87,Rayo Vallecano de Madrid,275,UD Las Palmas,0,2,0,1,AWAY_TEAM,2
438681,PD,2023,21,2024-01-20 15:15:00+00:00,FINISHED,94,Villarreal CF,89,RCD Mallorca,1,1,1,0,DRAW,1
444459,SA,2023,21,2024-01-20 17:00:00+00:00,FINISHED,100,AS Roma,450,Hellas Verona FC,2,1,2,0,HOME_TEAM,0
438680,PD,2023,21,2024-01-20 17:30:00+00:00,FINISHED,95,Valencia CF,77,Athletic Club,1,0,0,0,HOME_TEAM,0
436145,PL,2023,21,2024-01-20 17:30:00+00:00,FINISHED,402,Brentford FC,351,Nottingham Forest FC,3,2,1,1,HOME_TEAM,0
444463,SA,2023,21,2024-01-20 19:45:00+00:00,FINISHED,115,Udinese Calcio,98,AC Milan,2,3,1,1,AWAY_TEAM,2
438676,PD,2023,21,2024-01-20 20:00:00+00:00,FINISHED,558,RC Celta de Vigo,92,Real Sociedad de Fútbol,0,1,0,1,AWAY_TEAM,2
444456,SA,2023,21,2024-01-21 11:30:00+00:00,FINISHED,470,Frosinone Calcio,104,Cagliari Calcio,3,1,0,1,HOME_TEAM,0
438675,PD,2023,21,2024-01-21 13:00:00+00:00,FINISHED,79,CA Osasuna,82,Getafe CF,3,2,2,0,HOME_TEAM,0
436152,PL,2023,21,2024-01-21 14:00:00+00:00,FINISHED,356,Sheffield United FC,563,West Ham United FC,2,2,1,1,DRAW,1
444455,SA,2023,21,2024-01-21 14:00:00+00:00,FINISHED,445,Empoli FC,5911,AC Monza,3,0,2,0,HOME_TEAM,0
438683,PD,2023,21,2024-01-21 15:15:00+00:00,FINISHED,86,Real Madrid CF,267,UD Almería,3,2,0,2,HOME_TEAM,0
436143,PL,2023,21,2024-01-21 16:30:00+00:00,FINISHED,1044,AFC Bournemouth,64,Liverpool FC,0,4,0,0,AWAY_TEAM,2
444460,SA,2023,21,2024-01-21 17:00:00+00:00,FINISHED,455,US Salernitana 1919,107,Genoa CFC,1,2,1,1,AWAY_TEAM,2
438674,PD,2023,21,2024-01-21 17:30:00+00:00,FINISHED,90,Real Betis Balompié,81,FC Barcelona,2,4,0,1,AWAY_TEAM,2
444458,SA,2023,21,2024-01-21 19:45:00+00:00,FINISHED,5890,US Lecce,109,Juventus FC,0,3,0,0,AWAY_TEAM,2
438678,PD,2023,21,2024-01-21 20:00:00+00:00,FINISHED,298,Girona FC,559,Sevilla FC,5,1,3,1,HOME_TEAM,0
436146,PL,2023,21,2024-01-22 19:45:00+00:00,FINISHED,397,Brighton & Hove Albion FC,76,Wolverhampton Wanderers FC,0,0,0,0,DRAW,1
438679,PD,2023,21,2024-01-22 20:00:00+00:00,FINISHED,83,Granada CF,78,Club Atlético de Madrid,0,1,0,0,AWAY_TEAM,2
444465,SA,2023,22,2024-01-26 19:45:00+00:00,FINISHED,104,Cagliari Calcio,586,Torino FC,1,2,0,2,AWAY_TEAM,2
438692,PD,2023,22,2024-01-26 20:00:00+00:00,FINISHED,267,UD Almería,263,Deportivo Alavés,0,3,0,1,AWAY_TEAM,2
438691,PD,2023,22,2024-01-27 13:00:00+00:00,FINISHED,92,Real Sociedad de Fútbol,87,Rayo Vallecano de Madrid,0,0,0,0,DRAW,1
444464,SA,2023,22,2024-01-27 14:00:00+00:00,FINISHED,102,Atalanta BC,115,Udinese Calcio,2,0,2,0,HOME_TEAM,0
438693,PD,2023,22,2024-01-27 15:15:00+00:00,FINISHED,275,UD Las Palmas,86,Real Madrid CF,1,2,0,0,AWAY_TEAM,2
444469,SA,2023,22,2024-01-27 17:00:00+00:00,FINISHED,109,Juventus FC,445,Empoli FC,1,1,0,0,DRAW,1
438686,PD,2023,22,2024-01-27 17:30:00+00:00,FINISHED,81,FC Barcelona,94,Villarreal CF,3,5,0,1,AWAY_TEAM,2
444471,SA,2023,22,2024-01-27 19:45:00+00:00,FINISHED,98,AC Milan,103,Bologna FC 1909,2,2,1,1,DRAW,1
438690,PD,2023,22,2024-01-27 20:00:00+00:00,FINISHED,89,RCD Mallorca,90,Real Betis Balompié,0,1,0,1,AWAY_TEAM,2
444467,SA,2023,22,2024-01-28 11:30:00+00:00,FINISHED,107,Genoa CFC,5890,US Lecce,2,1,0,1,HOME_TEAM,0
438685,PD,2023,22,2024-01-28 13:00:00+00:00,FINISHED,558,RC Celta de Vigo,298,Girona FC,0,1,0,1,AWAY_TEAM,2
444468,SA,2023,22,2024-01-28 14:00:00+00:00,FINISHED,450,Hellas Verona FC,470,Frosinone Calcio,1,1,1,0,DRAW,1
444472,SA,2023,22,2024-01-28 14:00:00+00:00,FINISHED,5911,AC Monza,471,US Sassuolo Calcio,1,0,1,0,HOME_TEAM,0
438687,PD,2023,22,2024-01-28 15:15:00+00:00,FINISHED,264,Cádiz CF,77,Athletic Club,0,0,0,0,DRAW,1
444470,SA,2023,22,2024-01-28 17:00:00+00:00,FINISHED,110,SS Lazio,113,SSC Napoli,0,0,0,0,DRAW,1
438689,PD,2023,22,2024-01-28 17:30:00+00:00,FINISHED,559,Sevilla FC,79,CA Osasuna,1,1,1,0,DRAW,1
444466,SA,2023,22,2024-01-28 19:45:00+00:00,FINISHED,99,ACF Fiorentina,108,FC Internazionale Milano,0,1,0,1,AWAY_TEAM,2
438684,PD,2023,22,2024-01-28 20:00:00+00:00,FINISHED,78,Club Atlético de Madrid,95,Valencia CF,2,0,1,0,HOME_TEAM,0
444473,SA,2023,22,2024-01-29 19:45:00+00:00,FINISHED,455,US Salernitana 1919,100,AS Roma,1,2,0,0,AWAY_TEAM,2
438688,PD,2023,22,2024-01-29 20:00:00+00:00,FINISHED,82,Getafe CF,83,Granada CF,2,0,2,0,HOME_TEAM,0
436153,PL,2023,22,2024-01-30 19:30:00+00:00,FINISHED,351,Nottingham Forest FC,57,Arsenal FC,1,2,0,0,AWAY_TEAM,2
436155,PL,2023,22,2024-01-30 19:45:00+00:00,FINISHED,389,Luton Town FC,397,Brighton & Hove Albion FC,4,0,3,0,HOME_TEAM,0
436156,PL,2023,22,2024-01-30 19:45:00+00:00,FINISHED,63,Fulham FC,62,Everton FC,0,0,0,0,DRAW,1
436157,PL,2023,22,2024-01-30 20:00:00+00:00,FINISHED,354,Crystal Palace FC,356,Sheffield United FC,3,2,2,2,HOME_TEAM,0
436158,PL,2023,22,2024-01-30 20:15:00+00:00,FINISHED,58,Aston Villa FC,67,Newcastle United FC,1,3,0,2,AWAY_TEAM,2
438667,PD,2023,20,2024-01-31 18:00:00+00:00,FINISHED,81,FC Barcelona,79,CA Osasuna,1,0,0,0,HOME_TEAM,0
436159,PL,2023,22,2024-01-31 19:30:00+00:00,FINISHED,73,Tottenham Hotspur FC,402,Brentford FC,3,2,0,1,HOME_TEAM,0
436161,PL,2023,22,2024-01-31 19:30:00+00:00,FINISHED,65,Manchester City FC,328,Burnley FC,3,1,2,0,HOME_TEAM,0
438665,PD,2023,20,2024-01-31 20:00:00+00:00,FINISHED,78,Club Atlético de Madrid,87,Rayo Vallecano de Madrid,2,1,1,1,HOME_TEAM,0
436162,PL,2023,22,2024-01-31 20:15:00+00:00,FINISHED,64,Liverpool FC,61,Chelsea FC,4,1,2,0,HOME_TEAM,0
436154,PL,2023,22,2024-02-01 19:30:00+00:00,FINISHED,563,West Ham United FC,1044,AFC Bournemouth,1,1,0,1,DRAW,1
438669,PD,2023,20,2024-02-01 20:00:00+00:00,FINISHED,82,Getafe CF,86,Real Madrid CF,0,2,0,1,AWAY_TEAM,2
436160,PL,2023,22,2024-02-01 20:15:00+00:00,FINISHED,76,Wolverhampton Wanderers FC,66,Manchester United FC,3,4,0,2,AWAY_TEAM,2
444479,SA,2023,23,2024-02-02 19:45:00+00:00,FINISHED,5890,US Lecce,99,ACF Fiorentina,3,2,1,0,HOME_TEAM,0
438694,PD,2023,23,2024-02-02 20:00:00+00:00,FINISHED,77,Athletic Club,89,RCD Mallorca,4,0,2,0,HOME_TEAM,0
436169,PL,2023,23,2024-02-03 12:30:00+00:00,FINISHED,62,Everton FC,73,Tottenham Hotspur FC,2,2,1,2,DRAW,1
438700,PD,2023,23,2024-02-03 13:00:00+00:00,FINISHED,95,Valencia CF,267,UD Almería,2,1,2,0,HOME_TEAM,0
444476,SA,2023,23,2024-02-03 14:00:00+00:00,FINISHED,445,Empoli FC,107,Genoa CFC,0,0,0,0,DRAW,1
444483,SA,2023,23,2024-02-03 14:00:00+00:00,FINISHED,115,Udinese Calcio,5911,AC Monza,0,0,0,0,DRAW,1
436167,PL,2023,23,2024-02-03 15:00:00+00:00,FINISHED,328,Burnley FC,63,Fulham FC,2,2,0,2,DRAW,1
436166,PL,2023,23,2024-02-03 15:00:00+00:00,FINISHED,397,Brighton & Hove Albion FC,354,Crystal Palace FC,4,1,3,0,HOME_TEAM,0
436171,PL,2023,23,2024-02-03 15:00:00+00:00,FINISHED,67,Newcastle United FC,389,Luton Town FC,4,4,2,2,DRAW,1
438699,PD,2023,23,2024-02-03 15:15:00+00:00,FINISHED,83,Granada CF,275,UD Las Palmas,1,1,1,0,DRAW,1
444477,SA,2023,23,2024-02-03 17:00:00+00:00,FINISHED,470,Frosinone Calcio,98,AC Milan,2,3,1,1,AWAY_TEAM,2
438697,PD,2023,23,2024-02-03 17:30:00+00:00,FINISHED,263,Deportivo Alavés,81,FC Barcelona,1,3,0,1,AWAY_TEAM,2
436172,PL,2023,23,2024-02-03 17:30:00+00:00,FINISHED,356,Sheffield United FC,58,Aston Villa FC,0,5,0,4,AWAY_TEAM,2
444475,SA,2023,23,2024-02-03 19:45:00+00:00,FINISHED,103,Bologna FC 1909,471,US Sassuolo Calcio,4,2,1,2,HOME_TEAM,0
438698,PD,2023,23,2024-02-03 20:00:00+00:00,FINISHED,298,Girona FC,92,Real Sociedad de Fútbol,0,0,0,0,DRAW,1
444482,SA,2023,23,2024-02-04 11:30:00+00:00,FINISHED,586,Torino FC,455,US Salernitana 1919,0,0,0,0,DRAW,1
438701,PD,2023,23,2024-02-04 13:00:00+00:00,FINISHED,94,Villarreal CF,264,Cádiz CF,0,0,0,0,DRAW,1
444480,SA,2023,23,2024-02-04 14:00:00+00:00,FINISHED,113,SSC Napoli,450,Hellas Verona FC,2,1,0,0,HOME_TEAM,0
436168,PL,2023,23,2024-02-04 14:00:00+00:00,FINISHED,61,Chelsea FC,76,Wolverhampton Wanderers FC,2,4,1,2,AWAY_TEAM,2
436170,PL,2023,23,2024-02-04 14:00:00+00:00,FINISHED,66,Manchester United FC,563,West Ham United FC,3,0,1,0,HOME_TEAM,0
436163,PL,2023,23,2024-02-04 14:00:00+00:00,FINISHED,1044,AFC Bournemouth,351,Nottingham Forest FC,1,1,1,1,DRAW,1
438696,PD,2023,23,2024-02-04 15:15:00+00:00,FINISHED,79,CA Osasuna,558,RC Celta de Vigo,0,3,0,2,AWAY_TEAM,2
436164,PL,2023,23,2024-02-04 16:30:00+00:00,FINISHED,57,Arsenal FC,64,Liverpool FC,3,1,1,1,HOME_TEAM,0
444474,SA,2023,23,2024-02-04 17:00:00+00:00,FINISHED,102,Atalanta BC,110,SS Lazio,3,1,2,0,HOME_TEAM,0
438695,PD,2023,23,2024-02-04 17:30:00+00:00,FINISHED,90,Real Betis Balompié,82,Getafe CF,1,1,1,1,DRAW,1
444478,SA,2023,23,2024-02-04 19:45:00+00:00,FINISHED,108,FC Internazionale Milano,109,Juventus FC,1,0,1,0,HOME_TEAM,0
438703,PD,2023,23,2024-02-04 20:00:00+00:00,FINISHED,86,Real Madrid CF,78,Club Atlético de Madrid,1,1,1,0,DRAW,1
444481,SA,2023,23,2024-02-05 19:45:00+00:00,FINISHED,100,AS Roma,104,Cagliari Calcio,4,0,2,0,HOME_TEAM,0
436165,PL,2023,23,2024-02-05 20:00:00+00:00,FINISHED,402,Brentford FC,65,Manchester City FC,1,3,1,1,AWAY_TEAM,2
438702,PD,2023,23,2024-02-05 20:00:00+00:00,FINISHED,87,Rayo Vallecano de Madrid,559,Sevilla FC,1,2,1,2,AWAY_TEAM,2
444492,SA,2023,24,2024-02-09 19:45:00+00:00,FINISHED,455,US Salernitana 1919,445,Empoli FC,1,3,0,1,AWAY_TEAM,2
438706,PD,2023,24,2024-02-09 20:00:00+00:00,FINISHED,264,Cádiz CF,90,Real Betis Balompié,0,2,0,1,AWAY_TEAM,2
436178,PL,2023,24,2024-02-10 12:30:00+00:00,FINISHED,65,Manchester City FC,62,Everton FC,2,0,0,0,HOME_TEAM,0
438704,PD,2023,24,2024-02-10 13:00:00+00:00,FINISHED,263,Deportivo Alavés,94,Villarreal CF,1,1,1,1,DRAW,1
444485,SA,2023,24,2024-02-10 14:00:00+00:00,FINISHED,104,Cagliari Calcio,110,SS Lazio,1,3,0,1,AWAY_TEAM,2
436176,PL,2023,24,2024-02-10 15:00:00+00:00,FINISHED,64,Liverpool FC,328,Burnley FC,3,1,1,1,HOME_TEAM,0
436180,PL,2023,24,2024-02-10 15:00:00+00:00,FINISHED,73,Tottenham Hotspur FC,397,Brighton & Hove Albion FC,2,1,0,1,HOME_TEAM,0
436175,PL,2023,24,2024-02-10 15:00:00+00:00,FINISHED,63,Fulham FC,1044,AFC Bournemouth,3,1,2,0,HOME_TEAM,0
436182,PL,2023,24,2024-02-10 15:00:00+00:00,FINISHED,76,Wolverhampton Wanderers FC,402,Brentford FC,0,2,0,1,AWAY_TEAM,2
436177,PL,2023,24,2024-02-10 15:00:00+00:00,FINISHED,389,Luton Town FC,356,Sheffield United FC,1,3,0,2,AWAY_TEAM,2
438711,PD,2023,24,2024-02-10 15:15:00+00:00,FINISHED,92,Real Sociedad de Fútbol,79,CA Osasuna,0,1,0,0,AWAY_TEAM,2
444491,SA,2023,24,2024-02-10 17:00:00+00:00,FINISHED,100,AS Roma,108,FC Internazionale Milano,2,4,2,1,AWAY_TEAM,2
438710,PD,2023,24,2024-02-10 17:30:00+00:00,FINISHED,86,Real Madrid CF,298,Girona FC,4,0,2,0,HOME_TEAM,0
436179,PL,2023,24,2024-02-10 17:30:00+00:00,FINISHED,351,Nottingham Forest FC,67,Newcastle United FC,2,3,2,2,AWAY_TEAM,2
444493,SA,2023,24,2024-02-10 19:45:00+00:00,FINISHED,471,US Sassuolo Calcio,586,Torino FC,1,1,1,1,DRAW,1
438713,PD,2023,24,2024-02-10 20:00:00+00:00,FINISHED,275,UD Las Palmas,95,Valencia CF,2,0,0,0,HOME_TEAM,0
444486,SA,2023,24,2024-02-11 11:30:00+00:00,FINISHED,99,ACF Fiorentina,470,Frosinone Calcio,5,1,3,0,HOME_TEAM,0
438707,PD,2023,24,2024-02-11 13:00:00+00:00,FINISHED,82,Getafe CF,558,RC Celta de Vigo,3,2,2,0,HOME_TEAM,0
444484,SA,2023,24,2024-02-11 14:00:00+00:00,FINISHED,103,Bologna FC 1909,5890,US Lecce,4,0,2,0,HOME_TEAM,0
444490,SA,2023,24,2024-02-11 14:00:00+00:00,FINISHED,5911,AC Monza,450,Hellas Verona FC,0,0,0,0,DRAW,1
436181,PL,2023,24,2024-02-11 14:00:00+00:00,FINISHED,563,West Ham United FC,57,Arsenal FC,0,6,0,4,AWAY_TEAM,2
438709,PD,2023,24,2024-02-11 15:15:00+00:00,FINISHED,89,RCD Mallorca,87,Rayo Vallecano de Madrid,2,1,0,0,HOME_TEAM,0
436173,PL,2023,24,2024-02-11 16:30:00+00:00,FINISHED,58,Aston Villa FC,66,Manchester United FC,1,2,0,1,AWAY_TEAM,2
444487,SA,2023,24,2024-02-11 17:00:00+00:00,FINISHED,107,Genoa CFC,102,Atalanta BC,1,4,0,1,AWAY_TEAM,2
438708,PD,2023,24,2024-02-11 17:30:00+00:00,FINISHED,559,Sevilla FC,78,Club Atlético de Madrid,1,0,1,0,HOME_TEAM,0
444489,SA,2023,24,2024-02-11 19:45:00+00:00,FINISHED,98,AC Milan,113,SSC Napoli,1,0,1,0,HOME_TEAM,0
438705,PD,2023,24,2024-02-11 20:00:00+00:00,FINISHED,81,FC Barcelona,83,Granada CF,3,3,1,1,DRAW,1
444488,SA,2023,24,2024-02-12 19:45:00+00:00,FINISHED,109,Juventus FC,115,Udinese Calcio,0,1,0,1,AWAY_TEAM,2
436174,PL,2023,24,2024-02-12 20:00:00+00:00,FINISHED,354,Crystal Palace FC,61,Chelsea FC,1,3,1,0,AWAY_TEAM,2
438712,PD,2023,24,2024-02-12 20:00:00+00:00,FINISHED,267,UD Almería,77,Athletic Club,0,0,0,0,DRAW,1
444454,SA,2023,21,2024-02-14 18:00:00+00:00,FINISHED,103,Bologna FC 1909,99,ACF Fiorentina,2,0,1,0,HOME_TEAM,0
444502,SA,2023,25,2024-02-16 18:00:00+00:00,FINISHED,586,Torino FC,5890,US Lecce,2,0,0,0,HOME_TEAM,0
444498,SA,2023,25,2024-02-16 20:00:00+00:00,FINISHED,108,FC Internazionale Milano,455,US Salernitana 1919,4,0,3,0,HOME_TEAM,0
438721,PD,2023,25,2024-02-16 20:00:00+00:00,FINISHED,94,Villarreal CF,82,Getafe CF,1,1,0,1,DRAW,1
436183,PL,2023,25,2024-02-17 12:30:00+00:00,FINISHED,402,Brentford FC,64,Liverpool FC,1,4,0,1,AWAY_TEAM,2
438715,PD,2023,25,2024-02-17 13:00:00+00:00,FINISHED,78,Club Atlético de Madrid,275,UD Las Palmas,5,0,2,0,HOME_TEAM,0
444501,SA,2023,25,2024-02-17 14:00:00+00:00,FINISHED,113,SSC Napoli,107,Genoa CFC,1,1,0,0,DRAW,1
436192,PL,2023,25,2024-02-17 15:00:00+00:00,FINISHED,73,Tottenham Hotspur FC,76,Wolverhampton Wanderers FC,1,2,0,1,AWAY_TEAM,2
436190,PL,2023,25,2024-02-17 15:00:00+00:00,FINISHED,351,Nottingham Forest FC,563,West Ham United FC,2,0,1,0,HOME_TEAM,0
436189,PL,2023,25,2024-02-17 15:00:00+00:00,FINISHED,67,Newcastle United FC,1044,AFC Bournemouth,2,2,0,0,DRAW,1
436186,PL,2023,25,2024-02-17 15:00:00+00:00,FINISHED,63,Fulham FC,58,Aston Villa FC,1,2,0,1,AWAY_TEAM,2
436184,PL,2023,25,2024-02-17 15:00:00+00:00,FINISHED,328,Burnley FC,57,Arsenal FC,0,5,0,2,AWAY_TEAM,2
438717,PD,2023,25,2024-02-17 15:15:00+00:00,FINISHED,79,CA Osasuna,264,Cádiz CF,2,0,0,0,HOME_TEAM,0
444497,SA,2023,25,2024-02-17 17:00:00+00:00,FINISHED,450,Hellas Verona FC,109,Juventus FC,2,2,1,1,DRAW,1
436188,PL,2023,25,2024-02-17 17:30:00+00:00,FINISHED,65,Manchester City FC,61,Chelsea FC,1,1,0,1,DRAW,1
438718,PD,2023,25,2024-02-17 17:30:00+00:00,FINISHED,558,RC Celta de Vigo,81,FC Barcelona,1,2,0,1,AWAY_TEAM,2
444494,SA,2023,25,2024-02-17 19:45:00+00:00,FINISHED,102,Atalanta BC,471,US Sassuolo Calcio,3,0,1,0,HOME_TEAM,0
438720,PD,2023,25,2024-02-17 20:00:00+00:00,FINISHED,95,Valencia CF,559,Sevilla FC,0,0,0,0,DRAW,1
444499,SA,2023,25,2024-02-18 11:30:00+00:00,FINISHED,110,SS Lazio,103,Bologna FC 1909,1,2,1,1,AWAY_TEAM,2
438722,PD,2023,25,2024-02-18 13:00:00+00:00,FINISHED,87,Rayo Vallecano de Madrid,86,Real Madrid CF,1,1,1,1,DRAW,1
444503,SA,2023,25,2024-02-18 14:00:00+00:00,FINISHED,115,Udinese Calcio,104,Cagliari Calcio,1,1,1,1,DRAW,1
444495,SA,2023,25,2024-02-18 14:00:00+00:00,FINISHED,445,Empoli FC,99,ACF Fiorentina,1,1,0,1,DRAW,1
436191,PL,2023,25,2024-02-18 14:00:00+00:00,FINISHED,356,Sheffield United FC,397,Brighton & Hove Albion FC,0,5,0,2,AWAY_TEAM,2
438719,PD,2023,25,2024-02-18 15:15:00+00:00,FINISHED,83,Granada CF,267,UD Almería,1,1,0,1,DRAW,1
436187,PL,2023,25,2024-02-18 16:30:00+00:00,FINISHED,389,Luton Town FC,66,Manchester United FC,1,2,1,2,AWAY_TEAM,2
444496,SA,2023,25,2024-02-18 17:00:00+00:00,FINISHED,470,Frosinone Calcio,100,AS Roma,0,3,0,1,AWAY_TEAM,2
438723,PD,2023,25,2024-02-18 17:30:00+00:00,FINISHED,89,RCD Mallorca,92,Real Sociedad de Fútbol,1,2,1,1,AWAY_TEAM,2
444500,SA,2023,25,2024-02-18 19:45:00+00:00,FINISHED,5911,AC Monza,98,AC Milan,4,2,2,0,HOME_TEAM,0
438716,PD,2023,25,2024-02-18 20:00:00+00:00,FINISHED,90,Real Betis Balompié,263,Deportivo Alavés,0,0,0,0,DRAW,1
436185,PL,2023,25,2024-02-19 20:00:00+00:00,FINISHED,62,Everton FC,354,Crystal Palace FC,1,1,0,0,DRAW,1
438714,PD,2023,25,2024-02-19 20:00:00+00:00,FINISHED,77,Athletic Club,298,Girona FC,3,2,1,0,HOME_TEAM,0
436118,PL,2023,18,2024-02-20 19:30:00+00:00,FINISHED,65,Manchester City FC,402,Brentford FC,1,0,0,0,HOME_TEAM,0
436199,PL,2023,26,2024-02-21 19:30:00+00:00,FINISHED,64,Liverpool FC,389,Luton Town FC,4,1,0,1,HOME_TEAM,0
444462,SA,2023,21,2024-02-22 19:45:00+00:00,FINISHED,586,Torino FC,110,SS Lazio,0,2,0,0,AWAY_TEAM,2
444504,SA,2023,26,2024-02-23 19:45:00+00:00,FINISHED,103,Bologna FC 1909,450,Hellas Verona FC,2,0,1,0,HOME_TEAM,0
438731,PD,2023,26,2024-02-23 20:00:00+00:00,FINISHED,92,Real Sociedad de Fútbol,94,Villarreal CF,1,3,0,1,AWAY_TEAM,2
444513,SA,2023,26,2024-02-24 14:00:00+00:00,FINISHED,471,US Sassuolo Calcio,445,Empoli FC,2,3,0,1,AWAY_TEAM,2
436195,PL,2023,26,2024-02-24 15:00:00+00:00,FINISHED,58,Aston Villa FC,351,Nottingham Forest FC,4,2,3,1,HOME_TEAM,0
436196,PL,2023,26,2024-02-24 15:00:00+00:00,FINISHED,397,Brighton & Hove Albion FC,62,Everton FC,1,1,0,0,DRAW,1
436198,PL,2023,26,2024-02-24 15:00:00+00:00,FINISHED,354,Crystal Palace FC,328,Burnley FC,3,0,0,0,HOME_TEAM,0
436200,PL,2023,26,2024-02-24 15:00:00+00:00,FINISHED,66,Manchester United FC,63,Fulham FC,1,2,0,0,AWAY_TEAM,2
438726,PD,2023,26,2024-02-24 15:15:00+00:00,FINISHED,81,FC Barcelona,82,Getafe CF,4,0,1,0,HOME_TEAM,0
444512,SA,2023,26,2024-02-24 17:00:00+00:00,FINISHED,455,US Salernitana 1919,5911,AC Monza,0,2,0,0,AWAY_TEAM,2
438725,PD,2023,26,2024-02-24 17:30:00+00:00,FINISHED,263,Deportivo Alavés,89,RCD Mallorca,1,1,0,0,DRAW,1
436193,PL,2023,26,2024-02-24 17:30:00+00:00,FINISHED,1044,AFC Bournemouth,65,Manchester City FC,0,1,0,1,AWAY_TEAM,2
444507,SA,2023,26,2024-02-24 19:45:00+00:00,FINISHED,107,Genoa CFC,115,Udinese Calcio,2,0,2,0,HOME_TEAM,0
438732,PD,2023,26,2024-02-24 20:00:00+00:00,FINISHED,267,UD Almería,78,Club Atlético de Madrid,2,2,1,1,DRAW,1
436194,PL,2023,26,2024-02-24 20:00:00+00:00,FINISHED,57,Arsenal FC,67,Newcastle United FC,4,1,2,0,HOME_TEAM,0
444508,SA,2023,26,2024-02-25 11:30:00+00:00,FINISHED,109,Juventus FC,470,Frosinone Calcio,3,2,2,2,HOME_TEAM,0
438727,PD,2023,26,2024-02-25 13:00:00+00:00,FINISHED,264,Cádiz CF,558,RC Celta de Vigo,2,2,0,1,DRAW,1
436202,PL,2023,26,2024-02-25 13:30:00+00:00,FINISHED,76,Wolverhampton Wanderers FC,356,Sheffield United FC,1,0,1,0,HOME_TEAM,0
444505,SA,2023,26,2024-02-25 14:00:00+00:00,FINISHED,104,Cagliari Calcio,113,SSC Napoli,1,1,0,0,DRAW,1
438724,PD,2023,26,2024-02-25 15:15:00+00:00,FINISHED,90,Real Betis Balompié,77,Athletic Club,3,1,2,1,HOME_TEAM,0
444509,SA,2023,26,2024-02-25 17:00:00+00:00,FINISHED,5890,US Lecce,108,FC Internazionale Milano,0,4,0,1,AWAY_TEAM,2
438733,PD,2023,26,2024-02-25 17:30:00+00:00,FINISHED,275,UD Las Palmas,79,CA Osasuna,1,1,0,0,DRAW,1
444510,SA,2023,26,2024-02-25 19:45:00+00:00,FINISHED,98,AC Milan,102,Atalanta BC,1,1,1,1,DRAW,1
438730,PD,2023,26,2024-02-25 20:00:00+00:00,FINISHED,86,Real Madrid CF,559,Sevilla FC,1,0,0,0,HOME_TEAM,0
444511,SA,2023,26,2024-02-26 17:30:00+00:00,FINISHED,100,AS Roma,586,Torino FC,3,2,1,1,HOME_TEAM,0
444506,SA,2023,26,2024-02-26 19:45:00+00:00,FINISHED,99,ACF Fiorentina,110,SS Lazio,2,1,0,1,HOME_TEAM,0
436201,PL,2023,26,2024-02-26 20:00:00+00:00,FINISHED,563,West Ham United FC,402,Brentford FC,4,2,2,1,HOME_TEAM,0
438728,PD,2023,26,2024-02-26 20:00:00+00:00,FINISHED,298,Girona FC,87,Rayo Vallecano de Madrid,3,0,0,0,HOME_TEAM,0
444461,SA,2023,21,2024-02-28 17:00:00+00:00,FINISHED,471,US Sassuolo Calcio,113,SSC Napoli,1,6,1,3,AWAY_TEAM,2
444457,SA,2023,21,2024-02-28 19:45:00+00:00,FINISHED,108,FC Internazionale Milano,102,Atalanta BC,4,0,2,0,HOME_TEAM,0
444519,SA,2023,27,2024-03-01 19:45:00+00:00,FINISHED,110,SS Lazio,98,AC Milan,0,1,0,0,AWAY_TEAM,2
438737,PD,2023,27,2024-03-01 20:00:00+00:00,FINISHED,558,RC Celta de Vigo,267,UD Almería,1,0,0,0,HOME_TEAM,0
438739,PD,2023,27,2024-03-02 13:00:00+00:00,FINISHED,559,Sevilla FC,92,Real Sociedad de Fútbol,3,2,2,1,HOME_TEAM,0
444523,SA,2023,27,2024-03-02 14:00:00+00:00,FINISHED,115,Udinese Calcio,455,US Salernitana 1919,1,1,1,1,DRAW,1
436206,PL,2023,27,2024-03-02 15:00:00+00:00,FINISHED,63,Fulham FC,397,Brighton & Hove Albion FC,3,0,2,0,HOME_TEAM,0
436212,PL,2023,27,2024-03-02 15:00:00+00:00,FINISHED,73,Tottenham Hotspur FC,354,Crystal Palace FC,3,1,0,0,HOME_TEAM,0
436210,PL,2023,27,2024-03-02 15:00:00+00:00,FINISHED,351,Nottingham Forest FC,64,Liverpool FC,0,1,0,0,AWAY_TEAM,2
436209,PL,2023,27,2024-03-02 15:00:00+00:00,FINISHED,67,Newcastle United FC,76,Wolverhampton Wanderers FC,3,0,2,0,HOME_TEAM,0
436205,PL,2023,27,2024-03-02 15:00:00+00:00,FINISHED,62,Everton FC,563,West Ham United FC,1,3,0,0,AWAY_TEAM,2
436203,PL,2023,27,2024-03-02 15:00:00+00:00,FINISHED,402,Brentford FC,61,Chelsea FC,2,2,0,1,DRAW,1
438742,PD,2023,27,2024-03-02 15:15:00+00:00,FINISHED,87,Rayo Vallecano de Madrid,264,Cádiz CF,1,1,0,0,DRAW,1
444520,SA,2023,27,2024-03-02 17:00:00+00:00,FINISHED,5911,AC Monza,100,AS Roma,1,4,0,2,AWAY_TEAM,2
438738,PD,2023,27,2024-03-02 17:30:00+00:00,FINISHED,82,Getafe CF,275,UD Las Palmas,3,3,3,1,DRAW,1
436207,PL,2023,27,2024-03-02 17:30:00+00:00,FINISHED,389,Luton Town FC,58,Aston Villa FC,2,3,0,2,AWAY_TEAM,2
444522,SA,2023,27,2024-03-02 19:45:00+00:00,FINISHED,586,Torino FC,99,ACF Fiorentina,0,0,0,0,DRAW,1
438740,PD,2023,27,2024-03-02 20:00:00+00:00,FINISHED,95,Valencia CF,86,Real Madrid CF,2,2,2,1,DRAW,1
444517,SA,2023,27,2024-03-03 11:30:00+00:00,FINISHED,450,Hellas Verona FC,471,US Sassuolo Calcio,1,0,0,0,HOME_TEAM,0
436204,PL,2023,27,2024-03-03 13:00:00+00:00,FINISHED,328,Burnley FC,1044,AFC Bournemouth,0,2,0,1,AWAY_TEAM,2
438741,PD,2023,27,2024-03-03 13:00:00+00:00,FINISHED,94,Villarreal CF,83,Granada CF,5,1,3,0,HOME_TEAM,0
444515,SA,2023,27,2024-03-03 14:00:00+00:00,FINISHED,445,Empoli FC,104,Cagliari Calcio,0,1,0,0,AWAY_TEAM,2
444516,SA,2023,27,2024-03-03 14:00:00+00:00,FINISHED,470,Frosinone Calcio,5890,US Lecce,1,1,1,0,DRAW,1
438735,PD,2023,27,2024-03-03 15:15:00+00:00,FINISHED,78,Club Atlético de Madrid,90,Real Betis Balompié,2,1,2,0,HOME_TEAM,0
436208,PL,2023,27,2024-03-03 15:30:00+00:00,FINISHED,65,Manchester City FC,66,Manchester United FC,3,1,0,1,HOME_TEAM,0
444514,SA,2023,27,2024-03-03 17:00:00+00:00,FINISHED,102,Atalanta BC,103,Bologna FC 1909,1,2,1,0,AWAY_TEAM,2
438743,PD,2023,27,2024-03-03 17:30:00+00:00,FINISHED,89,RCD Mallorca,298,Girona FC,1,0,1,0,HOME_TEAM,0
444521,SA,2023,27,2024-03-03 19:45:00+00:00,FINISHED,113,SSC Napoli,109,Juventus FC,2,1,1,0,HOME_TEAM,0
438734,PD,2023,27,2024-03-03 20:00:00+00:00,FINISHED,77,Athletic Club,81,FC Barcelona,0,0,0,0,DRAW,1
444518,SA,2023,27,2024-03-04 19:45:00+00:00,FINISHED,108,FC Internazionale Milano,107,Genoa CFC,2,1,2,0,HOME_TEAM,0
436211,PL,2023,27,2024-03-04 20:00:00+00:00,FINISHED,356,Sheffield United FC,57,Arsenal FC,0,6,0,5,AWAY_TEAM,2
438736,PD,2023,27,2024-03-04 20:00:00+00:00,FINISHED,79,CA Osasuna,263,Deportivo Alavés,1,0,0,0,HOME_TEAM,0
444532,SA,2023,28,2024-03-08 19:45:00+00:00,FINISHED,113,SSC Napoli,586,Torino FC,1,1,0,0,DRAW,1
438746,PD,2023,28,2024-03-08 20:00:00+00:00,FINISHED,81,FC Barcelona,89,RCD Mallorca,1,0,0,0,HOME_TEAM,0
436220,PL,2023,28,2024-03-09 12:30:00+00:00,FINISHED,66,Manchester United FC,62,Everton FC,2,0,2,0,HOME_TEAM,0
438750,PD,2023,28,2024-03-09 13:00:00+00:00,FINISHED,95,Valencia CF,82,Getafe CF,1,0,1,0,HOME_TEAM,0
444533,SA,2023,28,2024-03-09 14:00:00+00:00,FINISHED,471,US Sassuolo Calcio,470,Frosinone Calcio,1,0,0,0,HOME_TEAM,0
444525,SA,2023,28,2024-03-09 14:00:00+00:00,FINISHED,104,Cagliari Calcio,455,US Salernitana 1919,4,2,2,0,HOME_TEAM,0
436218,PL,2023,28,2024-03-09 15:00:00+00:00,FINISHED,354,Crystal Palace FC,389,Luton Town FC,1,1,1,0,DRAW,1
436222,PL,2023,28,2024-03-09 15:00:00+00:00,FINISHED,76,Wolverhampton Wanderers FC,63,Fulham FC,2,1,0,0,HOME_TEAM,0
436213,PL,2023,28,2024-03-09 15:00:00+00:00,FINISHED,1044,AFC Bournemouth,356,Sheffield United FC,2,2,0,1,DRAW,1
438747,PD,2023,28,2024-03-09 15:15:00+00:00,FINISHED,264,Cádiz CF,78,Club Atlético de Madrid,2,0,1,0,HOME_TEAM,0
444524,SA,2023,28,2024-03-09 17:00:00+00:00,FINISHED,103,Bologna FC 1909,108,FC Internazionale Milano,0,1,0,1,AWAY_TEAM,2
436214,PL,2023,28,2024-03-09 17:30:00+00:00,FINISHED,57,Arsenal FC,402,Brentford FC,2,1,1,1,HOME_TEAM,0
438749,PD,2023,28,2024-03-09 17:30:00+00:00,FINISHED,83,Granada CF,92,Real Sociedad de Fútbol,2,3,2,1,AWAY_TEAM,2
444527,SA,2023,28,2024-03-09 19:45:00+00:00,FINISHED,107,Genoa CFC,5911,AC Monza,2,3,0,2,AWAY_TEAM,2
438748,PD,2023,28,2024-03-09 20:00:00+00:00,FINISHED,298,Girona FC,79,CA Osasuna,2,0,1,0,HOME_TEAM,0
444530,SA,2023,28,2024-03-10 11:30:00+00:00,FINISHED,5890,US Lecce,450,Hellas Verona FC,0,1,0,1,AWAY_TEAM,2
438745,PD,2023,28,2024-03-10 13:00:00+00:00,FINISHED,263,Deportivo Alavés,87,Rayo Vallecano de Madrid,1,0,1,0,HOME_TEAM,0
436215,PL,2023,28,2024-03-10 13:00:00+00:00,FINISHED,58,Aston Villa FC,73,Tottenham Hotspur FC,0,4,0,0,AWAY_TEAM,2
436216,PL,2023,28,2024-03-10 14:00:00+00:00,FINISHED,397,Brighton & Hove Albion FC,351,Nottingham Forest FC,1,0,1,0,HOME_TEAM,0
436221,PL,2023,28,2024-03-10 14:00:00+00:00,FINISHED,563,West Ham United FC,328,Burnley FC,2,2,0,2,DRAW,1
444531,SA,2023,28,2024-03-10 14:00:00+00:00,FINISHED,98,AC Milan,445,Empoli FC,1,0,1,0,HOME_TEAM,0
438753,PD,2023,28,2024-03-10 15:15:00+00:00,FINISHED,275,UD Las Palmas,77,Athletic Club,0,2,0,1,AWAY_TEAM,2
436219,PL,2023,28,2024-03-10 15:45:00+00:00,FINISHED,64,Liverpool FC,65,Manchester City FC,1,1,0,1,DRAW,1
444528,SA,2023,28,2024-03-10 17:00:00+00:00,FINISHED,109,Juventus FC,102,Atalanta BC,2,2,0,1,DRAW,1
438751,PD,2023,28,2024-03-10 17:30:00+00:00,FINISHED,86,Real Madrid CF,558,RC Celta de Vigo,4,0,1,0,HOME_TEAM,0
444526,SA,2023,28,2024-03-10 19:45:00+00:00,FINISHED,99,ACF Fiorentina,100,AS Roma,2,2,1,0,DRAW,1
438744,PD,2023,28,2024-03-10 20:00:00+00:00,FINISHED,90,Real Betis Balompié,94,Villarreal CF,2,3,2,1,AWAY_TEAM,2
444529,SA,2023,28,2024-03-11 19:45:00+00:00,FINISHED,110,SS Lazio,115,Udinese Calcio,1,2,0,0,AWAY_TEAM,2
438752,PD,2023,28,2024-03-11 20:00:00+00:00,FINISHED,267,UD Almería,559,Sevilla FC,2,2,1,0,DRAW,1
436217,PL,2023,28,2024-03-11 20:00:00+00:00,FINISHED,61,Chelsea FC,67,Newcastle United FC,3,2,1,1,HOME_TEAM,0
436103,PL,2023,17,2024-03-13 19:30:00+00:00,FINISHED,1044,AFC Bournemouth,389,Luton Town FC,4,3,0,3,HOME_TEAM,0
444535,SA,2023,29,2024-03-15 19:45:00+00:00,FINISHED,445,Empoli FC,103,Bologna FC 1909,0,1,0,0,AWAY_TEAM,2
438762,PD,2023,29,2024-03-15 20:00:00+00:00,FINISHED,92,Real Sociedad de Fútbol,264,Cádiz CF,2,0,1,0,HOME_TEAM,0
438761,PD,2023,29,2024-03-16 13:00:00+00:00,FINISHED,89,RCD Mallorca,83,Granada CF,1,0,0,0,HOME_TEAM,0
444540,SA,2023,29,2024-03-16 14:00:00+00:00,FINISHED,5911,AC Monza,104,Cagliari Calcio,1,0,1,0,HOME_TEAM,0
444543,SA,2023,29,2024-03-16 14:00:00+00:00,FINISHED,115,Udinese Calcio,586,Torino FC,0,2,0,1,AWAY_TEAM,2
436225,PL,2023,29,2024-03-16 15:00:00+00:00,FINISHED,328,Burnley FC,402,Brentford FC,2,1,1,0,HOME_TEAM,0
436229,PL,2023,29,2024-03-16 15:00:00+00:00,FINISHED,389,Luton Town FC,351,Nottingham Forest FC,1,1,0,1,DRAW,1
438756,PD,2023,29,2024-03-16 15:15:00+00:00,FINISHED,79,CA Osasuna,86,Real Madrid CF,2,4,1,2,AWAY_TEAM,2
444542,SA,2023,29,2024-03-16 17:00:00+00:00,FINISHED,455,US Salernitana 1919,5890,US Lecce,0,1,0,1,AWAY_TEAM,2
438757,PD,2023,29,2024-03-16 17:30:00+00:00,FINISHED,82,Getafe CF,298,Girona FC,1,0,1,0,HOME_TEAM,0
436228,PL,2023,29,2024-03-16 17:30:00+00:00,FINISHED,63,Fulham FC,73,Tottenham Hotspur FC,3,0,1,0,HOME_TEAM,0
444536,SA,2023,29,2024-03-16 19:45:00+00:00,FINISHED,470,Frosinone Calcio,110,SS Lazio,2,3,1,1,AWAY_TEAM,2
438754,PD,2023,29,2024-03-16 20:00:00+00:00,FINISHED,77,Athletic Club,263,Deportivo Alavés,2,0,2,0,HOME_TEAM,0
444539,SA,2023,29,2024-03-17 11:30:00+00:00,FINISHED,109,Juventus FC,107,Genoa CFC,0,0,0,0,DRAW,1
438758,PD,2023,29,2024-03-17 13:00:00+00:00,FINISHED,559,Sevilla FC,558,RC Celta de Vigo,1,2,1,0,AWAY_TEAM,2
444537,SA,2023,29,2024-03-17 14:00:00+00:00,FINISHED,450,Hellas Verona FC,98,AC Milan,1,3,0,1,AWAY_TEAM,2
436231,PL,2023,29,2024-03-17 14:00:00+00:00,FINISHED,563,West Ham United FC,58,Aston Villa FC,1,1,1,0,DRAW,1
438759,PD,2023,29,2024-03-17 15:15:00+00:00,FINISHED,94,Villarreal CF,95,Valencia CF,1,0,0,0,HOME_TEAM,0
438763,PD,2023,29,2024-03-17 15:15:00+00:00,FINISHED,275,UD Las Palmas,267,UD Almería,0,1,0,1,AWAY_TEAM,2
444541,SA,2023,29,2024-03-17 17:00:00+00:00,FINISHED,100,AS Roma,471,US Sassuolo Calcio,1,0,0,0,HOME_TEAM,0
438760,PD,2023,29,2024-03-17 17:30:00+00:00,FINISHED,87,Rayo Vallecano de Madrid,90,Real Betis Balompié,2,0,1,0,HOME_TEAM,0
444538,SA,2023,29,2024-03-17 19:45:00+00:00,FINISHED,108,FC Internazionale Milano,113,SSC Napoli,1,1,1,0,DRAW,1
438755,PD,2023,29,2024-03-17 20:00:00+00:00,FINISHED,78,Club Atlético de Madrid,81,FC Barcelona,0,3,0,1,AWAY_TEAM,2
438767,PD,2023,30,2024-03-29 20:00:00+00:00,FINISHED,264,Cádiz CF,83,Granada CF,1,0,0,0,HOME_TEAM,0
444551,SA,2023,30,2024-03-30 11:30:00+00:00,FINISHED,113,SSC Napoli,102,Atalanta BC,0,3,0,2,AWAY_TEAM,2
436239,PL,2023,30,2024-03-30 12:30:00+00:00,FINISHED,67,Newcastle United FC,563,West Ham United FC,4,3,1,2,HOME_TEAM,0
438768,PD,2023,30,2024-03-30 13:00:00+00:00,FINISHED,82,Getafe CF,559,Sevilla FC,0,1,0,1,AWAY_TEAM,2
444553,SA,2023,30,2024-03-30 14:00:00+00:00,FINISHED,586,Torino FC,5911,AC Monza,1,0,0,0,HOME_TEAM,0
444547,SA,2023,30,2024-03-30 14:00:00+00:00,FINISHED,107,Genoa CFC,470,Frosinone Calcio,1,1,1,1,DRAW,1
436240,PL,2023,30,2024-03-30 15:00:00+00:00,FINISHED,351,Nottingham Forest FC,354,Crystal Palace FC,1,1,0,1,DRAW,1
436241,PL,2023,30,2024-03-30 15:00:00+00:00,FINISHED,356,Sheffield United FC,63,Fulham FC,3,3,0,0,DRAW,1
436242,PL,2023,30,2024-03-30 15:00:00+00:00,FINISHED,73,Tottenham Hotspur FC,389,Luton Town FC,2,1,0,1,HOME_TEAM,0
436236,PL,2023,30,2024-03-30 15:00:00+00:00,FINISHED,61,Chelsea FC,328,Burnley FC,2,2,1,0,DRAW,1
436233,PL,2023,30,2024-03-30 15:00:00+00:00,FINISHED,1044,AFC Bournemouth,62,Everton FC,2,1,0,0,HOME_TEAM,0
438773,PD,2023,30,2024-03-30 15:15:00+00:00,FINISHED,267,UD Almería,79,CA Osasuna,0,3,0,2,AWAY_TEAM,2
444549,SA,2023,30,2024-03-30 17:00:00+00:00,FINISHED,110,SS Lazio,109,Juventus FC,1,0,0,0,HOME_TEAM,0
436234,PL,2023,30,2024-03-30 17:30:00+00:00,FINISHED,58,Aston Villa FC,76,Wolverhampton Wanderers FC,2,0,1,0,HOME_TEAM,0
438770,PD,2023,30,2024-03-30 17:30:00+00:00,FINISHED,95,Valencia CF,89,RCD Mallorca,0,0,0,0,DRAW,1
444546,SA,2023,30,2024-03-30 19:45:00+00:00,FINISHED,99,ACF Fiorentina,98,AC Milan,1,2,0,0,AWAY_TEAM,2
436235,PL,2023,30,2024-03-30 20:00:00+00:00,FINISHED,402,Brentford FC,66,Manchester United FC,1,1,0,0,DRAW,1
438766,PD,2023,30,2024-03-30 20:00:00+00:00,FINISHED,81,FC Barcelona,275,UD Las Palmas,1,0,0,0,HOME_TEAM,0
438764,PD,2023,30,2024-03-31 12:00:00+00:00,FINISHED,558,RC Celta de Vigo,87,Rayo Vallecano de Madrid,0,0,0,0,DRAW,1
436237,PL,2023,30,2024-03-31 13:00:00+00:00,FINISHED,64,Liverpool FC,397,Brighton & Hove Albion FC,2,1,1,1,HOME_TEAM,0
438769,PD,2023,30,2024-03-31 14:15:00+00:00,FINISHED,298,Girona FC,90,Real Betis Balompié,3,2,1,1,HOME_TEAM,0
436238,PL,2023,30,2024-03-31 15:30:00+00:00,FINISHED,65,Manchester City FC,57,Arsenal FC,0,0,0,0,DRAW,1
438765,PD,2023,30,2024-03-31 16:30:00+00:00,FINISHED,263,Deportivo Alavés,92,Real Sociedad de Fútbol,0,1,0,0,AWAY_TEAM,2
438772,PD,2023,30,2024-03-31 19:00:00+00:00,FINISHED,86,Real Madrid CF,77,Athletic Club,2,0,1,0,HOME_TEAM,0
444544,SA,2023,30,2024-04-01 10:30:00+00:00,FINISHED,103,Bologna FC 1909,455,US Salernitana 1919,3,0,2,0,HOME_TEAM,0
444552,SA,2023,30,2024-04-01 13:00:00+00:00,FINISHED,471,US Sassuolo Calcio,115,Udinese Calcio,1,1,1,1,DRAW,1
444545,SA,2023,30,2024-04-01 13:00:00+00:00,FINISHED,104,Cagliari Calcio,450,Hellas Verona FC,1,1,0,1,DRAW,1
444550,SA,2023,30,2024-04-01 16:00:00+00:00,FINISHED,5890,US Lecce,100,AS Roma,0,0,0,0,DRAW,1
444548,SA,2023,30,2024-04-01 18:45:00+00:00,FINISHED,108,FC Internazionale Milano,445,Empoli FC,2,0,1,0,HOME_TEAM,0
438771,PD,2023,30,2024-04-01 19:00:00+00:00,FINISHED,94,Villarreal CF,78,Club Atlético de Madrid,1,2,0,1,AWAY_TEAM,2
436247,PL,2023,31,2024-04-02 18:30:00+00:00,FINISHED,351,Nottingham Forest FC,63,Fulham FC,3,1,3,0,HOME_TEAM,0
436250,PL,2023,31,2024-04-02 18:30:00+00:00,FINISHED,67,Newcastle United FC,62,Everton FC,1,1,1,0,DRAW,1
436243,PL,2023,31,2024-04-02 18:45:00+00:00,FINISHED,1044,AFC Bournemouth,354,Crystal Palace FC,1,0,0,0,HOME_TEAM,0
436246,PL,2023,31,2024-04-02 18:45:00+00:00,FINISHED,328,Burnley FC,76,Wolverhampton Wanderers FC,1,1,1,1,DRAW,1
436248,PL,2023,31,2024-04-02 19:15:00+00:00,FINISHED,563,West Ham United FC,73,Tottenham Hotspur FC,1,1,1,1,DRAW,1
436245,PL,2023,31,2024-04-03 18:30:00+00:00,FINISHED,402,Brentford FC,397,Brighton & Hove Albion FC,0,0,0,0,DRAW,1
436244,PL,2023,31,2024-04-03 18:30:00+00:00,FINISHED,57,Arsenal FC,389,Luton Town FC,2,0,2,0,HOME_TEAM,0
436252,PL,2023,31,2024-04-03 19:15:00+00:00,FINISHED,65,Manchester City FC,58,Aston Villa FC,4,1,2,1,HOME_TEAM,0
438729,PD,2023,26,2024-04-04 18:00:00+00:00,FINISHED,83,Granada CF,95,Valencia CF,0,1,0,0,AWAY_TEAM,2
436251,PL,2023,31,2024-04-04 18:30:00+00:00,FINISHED,64,Liverpool FC,356,Sheffield United FC,3,1,1,0,HOME_TEAM,0
436249,PL,2023,31,2024-04-04 19:15:00+00:00,FINISHED,61,Chelsea FC,66,Manchester United FC,4,3,2,2,HOME_TEAM,0
444562,SA,2023,31,2024-04-05 18:45:00+00:00,FINISHED,455,US Salernitana 1919,471,US Sassuolo Calcio,2,2,0,2,DRAW,1
436255,PL,2023,32,2024-04-06 11:30:00+00:00,FINISHED,354,Crystal Palace FC,65,Manchester City FC,2,4,1,1,AWAY_TEAM,2
444559,SA,2023,31,2024-04-06 13:00:00+00:00,FINISHED,98,AC Milan,5890,US Lecce,3,0,2,0,HOME_TEAM,0
436258,PL,2023,32,2024-04-06 14:00:00+00:00,FINISHED,389,Luton Town FC,1044,AFC Bournemouth,2,1,0,0,HOME_TEAM,0
436257,PL,2023,32,2024-04-06 14:00:00+00:00,FINISHED,63,Fulham FC,67,Newcastle United FC,0,1,0,0,AWAY_TEAM,2
436253,PL,2023,32,2024-04-06 14:00:00+00:00,FINISHED,58,Aston Villa FC,402,Brentford FC,3,3,1,0,DRAW,1
436262,PL,2023,32,2024-04-06 14:00:00+00:00,FINISHED,76,Wolverhampton Wanderers FC,563,West Ham United FC,1,2,1,0,AWAY_TEAM,2
436256,PL,2023,32,2024-04-06 14:00:00+00:00,FINISHED,62,Everton FC,328,Burnley FC,1,0,1,0,HOME_TEAM,0
444561,SA,2023,31,2024-04-06 16:00:00+00:00,FINISHED,100,AS Roma,110,SS Lazio,1,0,1,0,HOME_TEAM,0
436254,PL,2023,32,2024-04-06 16:30:00+00:00,FINISHED,397,Brighton & Hove Albion FC,57,Arsenal FC,0,3,0,1,AWAY_TEAM,2
444555,SA,2023,31,2024-04-06 18:45:00+00:00,FINISHED,445,Empoli FC,586,Torino FC,3,2,1,0,HOME_TEAM,0
444556,SA,2023,31,2024-04-07 10:30:00+00:00,FINISHED,470,Frosinone Calcio,103,Bologna FC 1909,0,0,0,0,DRAW,1
444560,SA,2023,31,2024-04-07 13:00:00+00:00,FINISHED,5911,AC Monza,113,SSC Napoli,2,4,1,0,AWAY_TEAM,2
436259,PL,2023,32,2024-04-07 14:30:00+00:00,FINISHED,66,Manchester United FC,64,Liverpool FC,2,2,0,1,DRAW,1
444554,SA,2023,31,2024-04-07 16:00:00+00:00,FINISHED,104,Cagliari Calcio,102,Atalanta BC,2,1,1,1,HOME_TEAM,0
444557,SA,2023,31,2024-04-07 16:00:00+00:00,FINISHED,450,Hellas Verona FC,107,Genoa CFC,1,2,1,1,AWAY_TEAM,2
436260,PL,2023,32,2024-04-07 16:30:00+00:00,FINISHED,356,Sheffield United FC,61,Chelsea FC,2,2,1,1,DRAW,1
436261,PL,2023,32,2024-04-07 17:00:00+00:00,FINISHED,73,Tottenham Hotspur FC,351,Nottingham Forest FC,3,1,1,1,HOME_TEAM,0
444558,SA,2023,31,2024-04-07 18:45:00+00:00,FINISHED,109,Juventus FC,99,ACF Fiorentina,1,0,1,0,HOME_TEAM,0
444563,SA,2023,31,2024-04-08 18:45:00+00:00,FINISHED,115,Udinese Calcio,108,FC Internazionale Milano,1,2,1,0,AWAY_TEAM,2
444568,SA,2023,32,2024-04-12 18:45:00+00:00,FINISHED,110,SS Lazio,455,US Salernitana 1919,4,1,3,1,HOME_TEAM,0
438776,PD,2023,31,2024-04-12 19:00:00+00:00,FINISHED,90,Real Betis Balompié,558,RC Celta de Vigo,2,1,0,0,HOME_TEAM,0
436270,PL,2023,33,2024-04-13 11:30:00+00:00,FINISHED,67,Newcastle United FC,73,Tottenham Hotspur FC,4,0,2,0,HOME_TEAM,0
438775,PD,2023,31,2024-04-13 12:00:00+00:00,FINISHED,78,Club Atlético de Madrid,298,Girona FC,3,1,2,1,HOME_TEAM,0
444569,SA,2023,32,2024-04-13 13:00:00+00:00,FINISHED,5890,US Lecce,445,Empoli FC,1,0,0,0,HOME_TEAM,0
436271,PL,2023,33,2024-04-13 14:00:00+00:00,FINISHED,351,Nottingham Forest FC,76,Wolverhampton Wanderers FC,2,2,1,1,DRAW,1
436269,PL,2023,33,2024-04-13 14:00:00+00:00,FINISHED,65,Manchester City FC,389,Luton Town FC,5,1,1,0,HOME_TEAM,0
436266,PL,2023,33,2024-04-13 14:00:00+00:00,FINISHED,328,Burnley FC,397,Brighton & Hove Albion FC,1,1,0,0,DRAW,1
436265,PL,2023,33,2024-04-13 14:00:00+00:00,FINISHED,402,Brentford FC,356,Sheffield United FC,2,0,0,0,HOME_TEAM,0
438780,PD,2023,31,2024-04-13 14:15:00+00:00,FINISHED,87,Rayo Vallecano de Madrid,82,Getafe CF,0,0,0,0,DRAW,1
444572,SA,2023,32,2024-04-13 16:00:00+00:00,FINISHED,586,Torino FC,109,Juventus FC,0,0,0,0,DRAW,1
436263,PL,2023,33,2024-04-13 16:30:00+00:00,FINISHED,1044,AFC Bournemouth,66,Manchester United FC,2,2,2,1,DRAW,1
438781,PD,2023,31,2024-04-13 16:30:00+00:00,FINISHED,89,RCD Mallorca,86,Real Madrid CF,0,1,0,0,AWAY_TEAM,2
444565,SA,2023,32,2024-04-13 18:45:00+00:00,FINISHED,103,Bologna FC 1909,5911,AC Monza,0,0,0,0,DRAW,1
438778,PD,2023,31,2024-04-13 19:00:00+00:00,FINISHED,264,Cádiz CF,81,FC Barcelona,0,1,0,1,AWAY_TEAM,2
444570,SA,2023,32,2024-04-14 10:30:00+00:00,FINISHED,113,SSC Napoli,470,Frosinone Calcio,2,2,1,0,DRAW,1
438783,PD,2023,31,2024-04-14 12:00:00+00:00,FINISHED,275,UD Las Palmas,559,Sevilla FC,0,2,0,1,AWAY_TEAM,2
436272,PL,2023,33,2024-04-14 13:00:00+00:00,FINISHED,563,West Ham United FC,63,Fulham FC,0,2,0,1,AWAY_TEAM,2
436268,PL,2023,33,2024-04-14 13:00:00+00:00,FINISHED,64,Liverpool FC,354,Crystal Palace FC,0,1,0,1,AWAY_TEAM,2
444571,SA,2023,32,2024-04-14 13:00:00+00:00,FINISHED,471,US Sassuolo Calcio,98,AC Milan,3,3,2,1,DRAW,1
438779,PD,2023,31,2024-04-14 14:15:00+00:00,FINISHED,83,Granada CF,263,Deportivo Alavés,2,0,2,0,HOME_TEAM,0
436264,PL,2023,33,2024-04-14 15:30:00+00:00,FINISHED,57,Arsenal FC,58,Aston Villa FC,0,2,0,0,AWAY_TEAM,2
438774,PD,2023,31,2024-04-14 16:30:00+00:00,FINISHED,77,Athletic Club,94,Villarreal CF,1,1,0,0,DRAW,1
444567,SA,2023,32,2024-04-14 18:45:00+00:00,FINISHED,108,FC Internazionale Milano,104,Cagliari Calcio,2,2,1,0,DRAW,1
438782,PD,2023,31,2024-04-14 19:00:00+00:00,FINISHED,92,Real Sociedad de Fútbol,267,UD Almería,2,2,1,1,DRAW,1
444566,SA,2023,32,2024-04-15 16:30:00+00:00,FINISHED,99,ACF Fiorentina,107,Genoa CFC,1,1,0,1,DRAW,1
444564,SA,2023,32,2024-04-15 18:45:00+00:00,FINISHED,102,Atalanta BC,450,Hellas Verona FC,2,2,2,0,DRAW,1
438777,PD,2023,31,2024-04-15 19:00:00+00:00,FINISHED,79,CA Osasuna,95,Valencia CF,0,1,0,1,AWAY_TEAM,2
436267,PL,2023,33,2024-04-15 19:00:00+00:00,FINISHED,61,Chelsea FC,62,Everton FC,6,0,4,0,HOME_TEAM,0
444576,SA,2023,33,2024-04-19 16:30:00+00:00,FINISHED,107,Genoa CFC,110,SS Lazio,0,1,0,0,AWAY_TEAM,2
444574,SA,2023,33,2024-04-19 18:45:00+00:00,FINISHED,104,Cagliari Calcio,109,Juventus FC,2,2,2,0,DRAW,1
438784,PD,2023,32,2024-04-19 19:00:00+00:00,FINISHED,77,Athletic Club,83,Granada CF,1,1,1,1,DRAW,1
438785,PD,2023,32,2024-04-20 12:00:00+00:00,FINISHED,558,RC Celta de Vigo,275,UD Las Palmas,4,1,2,1,HOME_TEAM,0
436278,PL,2023,34,2024-04-20 14:00:00+00:00,FINISHED,389,Luton Town FC,402,Brentford FC,1,5,0,2,AWAY_TEAM,2
436280,PL,2023,34,2024-04-20 14:00:00+00:00,FINISHED,356,Sheffield United FC,328,Burnley FC,1,4,0,2,AWAY_TEAM,2
438791,PD,2023,32,2024-04-20 14:15:00+00:00,FINISHED,87,Rayo Vallecano de Madrid,79,CA Osasuna,2,1,0,1,HOME_TEAM,0
444575,SA,2023,33,2024-04-20 16:00:00+00:00,FINISHED,445,Empoli FC,113,SSC Napoli,1,0,1,0,HOME_TEAM,0
438790,PD,2023,32,2024-04-20 16:30:00+00:00,FINISHED,95,Valencia CF,90,Real Betis Balompié,1,2,0,1,AWAY_TEAM,2
436282,PL,2023,34,2024-04-20 18:30:00+00:00,FINISHED,76,Wolverhampton Wanderers FC,57,Arsenal FC,0,2,0,1,AWAY_TEAM,2
444577,SA,2023,33,2024-04-20 18:45:00+00:00,FINISHED,450,Hellas Verona FC,115,Udinese Calcio,1,0,0,0,HOME_TEAM,0
438788,PD,2023,32,2024-04-20 19:00:00+00:00,FINISHED,298,Girona FC,264,Cádiz CF,4,1,2,0,HOME_TEAM,0
444582,SA,2023,33,2024-04-21 10:30:00+00:00,FINISHED,471,US Sassuolo Calcio,5890,US Lecce,0,3,0,2,AWAY_TEAM,2
438787,PD,2023,32,2024-04-21 12:00:00+00:00,FINISHED,82,Getafe CF,92,Real Sociedad de Fútbol,1,1,1,1,DRAW,1
436276,PL,2023,34,2024-04-21 12:30:00+00:00,FINISHED,62,Everton FC,351,Nottingham Forest FC,2,0,1,0,HOME_TEAM,0
444583,SA,2023,33,2024-04-21 13:00:00+00:00,FINISHED,586,Torino FC,470,Frosinone Calcio,0,0,0,0,DRAW,1
436275,PL,2023,34,2024-04-21 14:00:00+00:00,FINISHED,354,Crystal Palace FC,563,West Ham United FC,5,2,4,1,HOME_TEAM,0
436273,PL,2023,34,2024-04-21 14:00:00+00:00,FINISHED,58,Aston Villa FC,1044,AFC Bournemouth,3,1,1,1,HOME_TEAM,0
438793,PD,2023,32,2024-04-21 14:15:00+00:00,FINISHED,267,UD Almería,94,Villarreal CF,1,2,1,1,AWAY_TEAM,2
436277,PL,2023,34,2024-04-21 15:30:00+00:00,FINISHED,63,Fulham FC,64,Liverpool FC,1,3,1,1,AWAY_TEAM,2
444581,SA,2023,33,2024-04-21 16:00:00+00:00,FINISHED,455,US Salernitana 1919,99,ACF Fiorentina,0,2,0,0,AWAY_TEAM,2
438786,PD,2023,32,2024-04-21 16:30:00+00:00,FINISHED,263,Deportivo Alavés,78,Club Atlético de Madrid,2,0,1,0,HOME_TEAM,0
444579,SA,2023,33,2024-04-21 18:45:00+00:00,FINISHED,5911,AC Monza,102,Atalanta BC,1,2,0,1,AWAY_TEAM,2
438792,PD,2023,32,2024-04-21 19:00:00+00:00,FINISHED,86,Real Madrid CF,81,FC Barcelona,3,2,1,1,HOME_TEAM,0
444580,SA,2023,33,2024-04-22 16:30:00+00:00,FINISHED,100,AS Roma,103,Bologna FC 1909,1,3,0,2,AWAY_TEAM,2
444578,SA,2023,33,2024-04-22 18:45:00+00:00,FINISHED,98,AC Milan,108,FC Internazionale Milano,1,2,0,1,AWAY_TEAM,2
438789,PD,2023,32,2024-04-22 19:00:00+00:00,FINISHED,559,Sevilla FC,89,RCD Mallorca,2,1,0,0,HOME_TEAM,0
436223,PL,2023,29,2024-04-23 19:00:00+00:00,FINISHED,57,Arsenal FC,61,Chelsea FC,5,0,1,0,HOME_TEAM,0
436232,PL,2023,29,2024-04-24 18:45:00+00:00,FINISHED,76,Wolverhampton Wanderers FC,1044,AFC Bournemouth,0,1,0,1,AWAY_TEAM,2
436230,PL,2023,29,2024-04-24 19:00:00+00:00,FINISHED,66,Manchester United FC,356,Sheffield United FC,4,2,1,1,HOME_TEAM,0
436227,PL,2023,29,2024-04-24 19:00:00+00:00,FINISHED,62,Everton FC,64,Liverpool FC,2,0,1,0,HOME_TEAM,0
436226,PL,2023,29,2024-04-24 19:00:00+00:00,FINISHED,354,Crystal Palace FC,67,Newcastle United FC,2,0,0,0,HOME_TEAM,0
444573,SA,2023,32,2024-04-25 18:00:00+00:00,FINISHED,115,Udinese Calcio,100,AS Roma,1,2,1,0,AWAY_TEAM,2
436224,PL,2023,29,2024-04-25 19:00:00+00:00,FINISHED,397,Brighton & Hove Albion FC,65,Manchester City FC,0,4,0,3,AWAY_TEAM,2
444587,SA,2023,34,2024-04-26 18:45:00+00:00,FINISHED,470,Frosinone Calcio,455,US Salernitana 1919,3,0,2,0,HOME_TEAM,0
438801,PD,2023,33,2024-04-26 19:00:00+00:00,FINISHED,92,Real Sociedad de Fútbol,86,Real Madrid CF,0,1,0,1,AWAY_TEAM,2
436291,PL,2023,35,2024-04-27 11:30:00+00:00,FINISHED,563,West Ham United FC,64,Liverpool FC,2,2,1,0,DRAW,1
438803,PD,2023,33,2024-04-27 12:00:00+00:00,FINISHED,275,UD Las Palmas,298,Girona FC,0,2,0,1,AWAY_TEAM,2
444592,SA,2023,34,2024-04-27 13:00:00+00:00,FINISHED,5890,US Lecce,5911,AC Monza,1,1,0,0,DRAW,1
436288,PL,2023,35,2024-04-27 14:00:00+00:00,FINISHED,67,Newcastle United FC,356,Sheffield United FC,5,1,1,1,HOME_TEAM,0
436286,PL,2023,35,2024-04-27 14:00:00+00:00,FINISHED,63,Fulham FC,354,Crystal Palace FC,1,1,0,0,DRAW,1
436287,PL,2023,35,2024-04-27 14:00:00+00:00,FINISHED,66,Manchester United FC,328,Burnley FC,1,1,0,0,DRAW,1
436292,PL,2023,35,2024-04-27 14:00:00+00:00,FINISHED,76,Wolverhampton Wanderers FC,389,Luton Town FC,2,1,1,0,HOME_TEAM,0
438802,PD,2023,33,2024-04-27 14:15:00+00:00,FINISHED,267,UD Almería,82,Getafe CF,1,3,1,1,AWAY_TEAM,2
444590,SA,2023,34,2024-04-27 16:00:00+00:00,FINISHED,109,Juventus FC,98,AC Milan,0,0,0,0,DRAW,1
438796,PD,2023,33,2024-04-27 16:30:00+00:00,FINISHED,263,Deportivo Alavés,558,RC Celta de Vigo,3,0,0,0,HOME_TEAM,0
436285,PL,2023,35,2024-04-27 16:30:00+00:00,FINISHED,62,Everton FC,402,Brentford FC,1,0,0,0,HOME_TEAM,0
444591,SA,2023,34,2024-04-27 18:45:00+00:00,FINISHED,110,SS Lazio,450,Hellas Verona FC,1,0,0,0,HOME_TEAM,0
436284,PL,2023,35,2024-04-27 19:00:00+00:00,FINISHED,58,Aston Villa FC,61,Chelsea FC,2,2,2,0,DRAW,1
438794,PD,2023,33,2024-04-27 19:00:00+00:00,FINISHED,78,Club Atlético de Madrid,77,Athletic Club,3,1,1,1,HOME_TEAM,0
444589,SA,2023,34,2024-04-28 10:30:00+00:00,FINISHED,108,FC Internazionale Milano,586,Torino FC,2,0,0,0,HOME_TEAM,0
438798,PD,2023,33,2024-04-28 12:00:00+00:00,FINISHED,264,Cádiz CF,89,RCD Mallorca,1,1,0,1,DRAW,1
436283,PL,2023,35,2024-04-28 13:00:00+00:00,FINISHED,1044,AFC Bournemouth,397,Brighton & Hove Albion FC,3,0,1,0,HOME_TEAM,0
436290,PL,2023,35,2024-04-28 13:00:00+00:00,FINISHED,73,Tottenham Hotspur FC,57,Arsenal FC,2,3,0,3,AWAY_TEAM,2
444585,SA,2023,34,2024-04-28 13:00:00+00:00,FINISHED,103,Bologna FC 1909,115,Udinese Calcio,1,1,0,1,DRAW,1
438799,PD,2023,33,2024-04-28 14:15:00+00:00,FINISHED,83,Granada CF,79,CA Osasuna,3,0,1,0,HOME_TEAM,0
436289,PL,2023,35,2024-04-28 15:30:00+00:00,FINISHED,351,Nottingham Forest FC,65,Manchester City FC,0,2,0,1,AWAY_TEAM,2
444593,SA,2023,34,2024-04-28 16:00:00+00:00,FINISHED,113,SSC Napoli,100,AS Roma,2,2,0,0,DRAW,1
444584,SA,2023,34,2024-04-28 16:00:00+00:00,FINISHED,102,Atalanta BC,445,Empoli FC,2,0,1,0,HOME_TEAM,0
438800,PD,2023,33,2024-04-28 16:30:00+00:00,FINISHED,94,Villarreal CF,87,Rayo Vallecano de Madrid,3,0,1,0,HOME_TEAM,0
444586,SA,2023,34,2024-04-28 18:45:00+00:00,FINISHED,99,ACF Fiorentina,471,US Sassuolo Calcio,5,1,1,0,HOME_TEAM,0
438795,PD,2023,33,2024-04-28 19:00:00+00:00,FINISHED,90,Real Betis Balompié,559,Sevilla FC,1,1,1,0,DRAW,1
444588,SA,2023,34,2024-04-29 18:45:00+00:00,FINISHED,107,Genoa CFC,104,Cagliari Calcio,3,0,2,0,HOME_TEAM,0
438797,PD,2023,33,2024-04-29 19:00:00+00:00,FINISHED,81,FC Barcelona,95,Valencia CF,4,2,1,2,HOME_TEAM,0
436197,PL,2023,26,2024-05-02 18:30:00+00:00,FINISHED,61,Chelsea FC,73,Tottenham Hotspur FC,2,0,1,0,HOME_TEAM,0
444602,SA,2023,35,2024-05-03 18:45:00+00:00,FINISHED,586,Torino FC,103,Bologna FC 1909,0,0,0,0,DRAW,1
436300,PL,2023,36,2024-05-03 19:00:00+00:00,FINISHED,389,Luton Town FC,62,Everton FC,1,1,1,1,DRAW,1
438806,PD,2023,34,2024-05-03 19:00:00+00:00,FINISHED,82,Getafe CF,77,Athletic Club,0,2,0,1,AWAY_TEAM,2
436293,PL,2023,36,2024-05-04 11:30:00+00:00,FINISHED,57,Arsenal FC,1044,AFC Bournemouth,3,0,1,0,HOME_TEAM,0
438813,PD,2023,34,2024-05-04 12:00:00+00:00,FINISHED,92,Real Sociedad de Fútbol,275,UD Las Palmas,2,0,2,0,HOME_TEAM,0
436296,PL,2023,36,2024-05-04 14:00:00+00:00,FINISHED,328,Burnley FC,67,Newcastle United FC,1,4,0,3,AWAY_TEAM,2
436302,PL,2023,36,2024-05-04 14:00:00+00:00,FINISHED,356,Sheffield United FC,351,Nottingham Forest FC,1,3,1,1,AWAY_TEAM,2
436294,PL,2023,36,2024-05-04 14:00:00+00:00,FINISHED,402,Brentford FC,63,Fulham FC,0,0,0,0,DRAW,1
438812,PD,2023,34,2024-05-04 14:15:00+00:00,FINISHED,86,Real Madrid CF,264,Cádiz CF,3,0,0,0,HOME_TEAM,0
444598,SA,2023,35,2024-05-04 16:00:00+00:00,FINISHED,5911,AC Monza,110,SS Lazio,2,2,0,1,DRAW,1
436301,PL,2023,36,2024-05-04 16:30:00+00:00,FINISHED,65,Manchester City FC,76,Wolverhampton Wanderers FC,5,1,3,0,HOME_TEAM,0
438807,PD,2023,34,2024-05-04 16:30:00+00:00,FINISHED,298,Girona FC,81,FC Barcelona,4,2,1,2,HOME_TEAM,0
444601,SA,2023,35,2024-05-04 18:45:00+00:00,FINISHED,471,US Sassuolo Calcio,108,FC Internazionale Milano,1,0,1,0,HOME_TEAM,0
438811,PD,2023,34,2024-05-04 19:00:00+00:00,FINISHED,89,RCD Mallorca,78,Club Atlético de Madrid,0,1,0,1,AWAY_TEAM,2
444594,SA,2023,35,2024-05-05 10:30:00+00:00,FINISHED,104,Cagliari Calcio,5890,US Lecce,1,1,1,0,DRAW,1
438804,PD,2023,34,2024-05-05 12:00:00+00:00,FINISHED,79,CA Osasuna,90,Real Betis Balompié,0,2,0,2,AWAY_TEAM,2
444595,SA,2023,35,2024-05-05 13:00:00+00:00,FINISHED,445,Empoli FC,470,Frosinone Calcio,0,0,0,0,DRAW,1
444596,SA,2023,35,2024-05-05 13:00:00+00:00,FINISHED,450,Hellas Verona FC,99,ACF Fiorentina,2,1,1,1,HOME_TEAM,0
436297,PL,2023,36,2024-05-05 13:00:00+00:00,FINISHED,61,Chelsea FC,563,West Ham United FC,5,0,3,0,HOME_TEAM,0
436295,PL,2023,36,2024-05-05 13:00:00+00:00,FINISHED,397,Brighton & Hove Albion FC,58,Aston Villa FC,1,0,0,0,HOME_TEAM,0
438805,PD,2023,34,2024-05-05 14:15:00+00:00,FINISHED,558,RC Celta de Vigo,94,Villarreal CF,3,2,2,1,HOME_TEAM,0
436299,PL,2023,36,2024-05-05 15:30:00+00:00,FINISHED,64,Liverpool FC,73,Tottenham Hotspur FC,4,2,2,0,HOME_TEAM,0
444597,SA,2023,35,2024-05-05 16:00:00+00:00,FINISHED,98,AC Milan,107,Genoa CFC,3,3,1,1,DRAW,1
438809,PD,2023,34,2024-05-05 16:30:00+00:00,FINISHED,95,Valencia CF,263,Deportivo Alavés,0,1,0,0,AWAY_TEAM,2
444599,SA,2023,35,2024-05-05 18:45:00+00:00,FINISHED,100,AS Roma,109,Juventus FC,1,1,1,1,DRAW,1
438810,PD,2023,34,2024-05-05 19:00:00+00:00,FINISHED,87,Rayo Vallecano de Madrid,267,UD Almería,0,1,0,1,AWAY_TEAM,2
438808,PD,2023,34,2024-05-05 19:00:00+00:00,FINISHED,559,Sevilla FC,83,Granada CF,3,0,1,0,HOME_TEAM,0
444600,SA,2023,35,2024-05-06 16:00:00+00:00,FINISHED,455,US Salernitana 1919,102,Atalanta BC,1,2,1,0,AWAY_TEAM,2
444603,SA,2023,35,2024-05-06 18:45:00+00:00,FINISHED,115,Udinese Calcio,113,SSC Napoli,1,1,0,0,DRAW,1
436298,PL,2023,36,2024-05-06 19:00:00+00:00,FINISHED,354,Crystal Palace FC,66,Manchester United FC,4,0,2,0,HOME_TEAM,0
444606,SA,2023,36,2024-05-10 18:45:00+00:00,FINISHED,470,Frosinone Calcio,108,FC Internazionale Milano,0,5,0,1,AWAY_TEAM,2
438817,PD,2023,35,2024-05-10 19:00:00+00:00,FINISHED,263,Deportivo Alavés,298,Girona FC,2,2,1,2,DRAW,1
436306,PL,2023,37,2024-05-11 11:30:00+00:00,FINISHED,63,Fulham FC,65,Manchester City FC,0,4,0,1,AWAY_TEAM,2
438823,PD,2023,35,2024-05-11 12:00:00+00:00,FINISHED,89,RCD Mallorca,275,UD Las Palmas,1,0,1,0,HOME_TEAM,0
436311,PL,2023,37,2024-05-11 14:00:00+00:00,FINISHED,563,West Ham United FC,389,Luton Town FC,3,1,0,1,HOME_TEAM,0
436312,PL,2023,37,2024-05-11 14:00:00+00:00,FINISHED,76,Wolverhampton Wanderers FC,354,Crystal Palace FC,1,3,0,2,AWAY_TEAM,2
436310,PL,2023,37,2024-05-11 14:00:00+00:00,FINISHED,73,Tottenham Hotspur FC,328,Burnley FC,2,1,1,1,HOME_TEAM,0
436308,PL,2023,37,2024-05-11 14:00:00+00:00,FINISHED,67,Newcastle United FC,397,Brighton & Hove Albion FC,1,1,1,1,DRAW,1
436305,PL,2023,37,2024-05-11 14:00:00+00:00,FINISHED,62,Everton FC,356,Sheffield United FC,1,0,1,0,HOME_TEAM,0
436303,PL,2023,37,2024-05-11 14:00:00+00:00,FINISHED,1044,AFC Bournemouth,402,Brentford FC,1,2,0,0,AWAY_TEAM,2
438822,PD,2023,35,2024-05-11 14:15:00+00:00,FINISHED,94,Villarreal CF,559,Sevilla FC,3,2,1,2,HOME_TEAM,0
444613,SA,2023,36,2024-05-11 16:00:00+00:00,FINISHED,113,SSC Napoli,103,Bologna FC 1909,0,2,0,2,AWAY_TEAM,2
438820,PD,2023,35,2024-05-11 16:30:00+00:00,FINISHED,83,Granada CF,86,Real Madrid CF,0,4,0,2,AWAY_TEAM,2
436309,PL,2023,37,2024-05-11 16:30:00+00:00,FINISHED,351,Nottingham Forest FC,61,Chelsea FC,2,3,1,1,AWAY_TEAM,2
444612,SA,2023,36,2024-05-11 18:45:00+00:00,FINISHED,98,AC Milan,104,Cagliari Calcio,5,1,1,0,HOME_TEAM,0
438814,PD,2023,35,2024-05-11 19:00:00+00:00,FINISHED,77,Athletic Club,79,CA Osasuna,2,2,0,1,DRAW,1
444610,SA,2023,36,2024-05-12 10:30:00+00:00,FINISHED,110,SS Lazio,445,Empoli FC,2,0,1,0,HOME_TEAM,0
438819,PD,2023,35,2024-05-12 12:00:00+00:00,FINISHED,264,Cádiz CF,82,Getafe CF,1,0,1,0,HOME_TEAM,0
444607,SA,2023,36,2024-05-12 13:00:00+00:00,FINISHED,107,Genoa CFC,471,US Sassuolo Calcio,2,1,0,1,HOME_TEAM,0
444608,SA,2023,36,2024-05-12 13:00:00+00:00,FINISHED,450,Hellas Verona FC,586,Torino FC,1,2,0,0,AWAY_TEAM,2
438815,PD,2023,35,2024-05-12 14:15:00+00:00,FINISHED,78,Club Atlético de Madrid,558,RC Celta de Vigo,1,0,0,0,HOME_TEAM,0
436307,PL,2023,37,2024-05-12 15:30:00+00:00,FINISHED,66,Manchester United FC,57,Arsenal FC,0,1,0,1,AWAY_TEAM,2
444609,SA,2023,36,2024-05-12 16:00:00+00:00,FINISHED,109,Juventus FC,455,US Salernitana 1919,1,1,0,1,DRAW,1
438821,PD,2023,35,2024-05-12 16:30:00+00:00,FINISHED,95,Valencia CF,87,Rayo Vallecano de Madrid,0,0,0,0,DRAW,1
444604,SA,2023,36,2024-05-12 18:45:00+00:00,FINISHED,102,Atalanta BC,100,AS Roma,2,1,2,0,HOME_TEAM,0
438816,PD,2023,35,2024-05-12 19:00:00+00:00,FINISHED,90,Real Betis Balompié,267,UD Almería,3,2,2,1,HOME_TEAM,0
444611,SA,2023,36,2024-05-13 16:30:00+00:00,FINISHED,5890,US Lecce,115,Udinese Calcio,0,2,0,1,AWAY_TEAM,2
444605,SA,2023,36,2024-05-13 18:45:00+00:00,FINISHED,99,ACF Fiorentina,5911,AC Monza,2,1,1,1,HOME_TEAM,0
436304,PL,2023,37,2024-05-13 19:00:00+00:00,FINISHED,58,Aston Villa FC,64,Liverpool FC,3,3,1,2,DRAW,1
438818,PD,2023,35,2024-05-13 19:00:00+00:00,FINISHED,81,FC Barcelona,92,Real Sociedad de Fútbol,2,0,1,0,HOME_TEAM,0
438824,PD,2023,36,2024-05-14 17:30:00+00:00,FINISHED,79,CA Osasuna,89,RCD Mallorca,1,1,1,0,DRAW,1
436281,PL,2023,34,2024-05-14 19:00:00+00:00,FINISHED,73,Tottenham Hotspur FC,65,Manchester City FC,0,2,0,0,AWAY_TEAM,2
438830,PD,2023,36,2024-05-14 19:30:00+00:00,FINISHED,86,Real Madrid CF,263,Deportivo Alavés,5,0,3,0,HOME_TEAM,0
438827,PD,2023,36,2024-05-14 20:00:00+00:00,FINISHED,298,Girona FC,94,Villarreal CF,0,1,0,0,AWAY_TEAM,2
438829,PD,2023,36,2024-05-15 17:30:00+00:00,FINISHED,87,Rayo Vallecano de Madrid,83,Granada CF,2,1,1,0,HOME_TEAM,0
438828,PD,2023,36,2024-05-15 17:30:00+00:00,FINISHED,559,Sevilla FC,264,Cádiz CF,0,1,0,0,AWAY_TEAM,2
436274,PL,2023,34,2024-05-15 18:45:00+00:00,FINISHED,397,Brighton & Hove Albion FC,61,Chelsea FC,1,2,0,1,AWAY_TEAM,2
436279,PL,2023,34,2024-05-15 19:00:00+00:00,FINISHED,66,Manchester United FC,67,Newcastle United FC,3,2,1,0,HOME_TEAM,0
438825,PD,2023,36,2024-05-15 20:00:00+00:00,FINISHED,558,RC Celta de Vigo,77,Athletic Club,2,1,0,1,HOME_TEAM,0
438826,PD,2023,36,2024-05-15 20:00:00+00:00,FINISHED,82,Getafe CF,78,Club Atlético de Madrid,0,3,0,2,AWAY_TEAM,2
438833,PD,2023,36,2024-05-16 17:30:00+00:00,FINISHED,275,UD Las Palmas,90,Real Betis Balompié,2,2,1,1,DRAW,1
438832,PD,2023,36,2024-05-16 19:30:00+00:00,FINISHED,267,UD Almería,81,FC Barcelona,0,2,0,1,AWAY_TEAM,2
438831,PD,2023,36,2024-05-16 20:00:00+00:00,FINISHED,92,Real Sociedad de Fútbol,95,Valencia CF,1,0,1,0,HOME_TEAM,0
444615,SA,2023,37,2024-05-17 18:45:00+00:00,FINISHED,99,ACF Fiorentina,113,SSC Napoli,2,2,2,1,DRAW,1
444617,SA,2023,37,2024-05-18 16:00:00+00:00,FINISHED,5890,US Lecce,102,Atalanta BC,0,2,0,0,AWAY_TEAM,2
444622,SA,2023,37,2024-05-18 18:45:00+00:00,FINISHED,586,Torino FC,98,AC Milan,3,1,2,0,HOME_TEAM,0
438837,PD,2023,37,2024-05-18 19:00:00+00:00,FINISHED,263,Deportivo Alavés,82,Getafe CF,1,0,1,0,HOME_TEAM,0
444621,SA,2023,37,2024-05-19 10:30:00+00:00,FINISHED,471,US Sassuolo Calcio,104,Cagliari Calcio,0,2,0,0,AWAY_TEAM,2
444623,SA,2023,37,2024-05-19 13:00:00+00:00,FINISHED,115,Udinese Calcio,445,Empoli FC,1,1,0,0,DRAW,1
444618,SA,2023,37,2024-05-19 13:00:00+00:00,FINISHED,5911,AC Monza,470,Frosinone Calcio,0,1,0,1,AWAY_TEAM,2
436316,PL,2023,38,2024-05-19 15:00:00+00:00,FINISHED,328,Burnley FC,351,Nottingham Forest FC,1,2,0,2,AWAY_TEAM,2
436317,PL,2023,38,2024-05-19 15:00:00+00:00,FINISHED,61,Chelsea FC,1044,AFC Bournemouth,2,1,1,0,HOME_TEAM,0
436318,PL,2023,38,2024-05-19 15:00:00+00:00,FINISHED,354,Crystal Palace FC,58,Aston Villa FC,5,0,2,0,HOME_TEAM,0
436319,PL,2023,38,2024-05-19 15:00:00+00:00,FINISHED,64,Liverpool FC,76,Wolverhampton Wanderers FC,2,0,2,0,HOME_TEAM,0
436320,PL,2023,38,2024-05-19 15:00:00+00:00,FINISHED,389,Luton Town FC,63,Fulham FC,2,4,1,2,AWAY_TEAM,2
436321,PL,2023,38,2024-05-19 15:00:00+00:00,FINISHED,65,Manchester City FC,563,West Ham United FC,3,1,2,1,HOME_TEAM,0
436313,PL,2023,38,2024-05-19 15:00:00+00:00,FINISHED,57,Arsenal FC,62,Everton FC,2,1,1,1,HOME_TEAM,0
436315,PL,2023,38,2024-05-19 15:00:00+00:00,FINISHED,397,Brighton & Hove Albion FC,66,Manchester United FC,0,2,0,0,AWAY_TEAM,2
436314,PL,2023,38,2024-05-19 15:00:00+00:00,FINISHED,402,Brentford FC,67,Newcastle United FC,2,4,0,3,AWAY_TEAM,2
436322,PL,2023,38,2024-05-19 15:00:00+00:00,FINISHED,356,Sheffield United FC,73,Tottenham Hotspur FC,0,3,0,1,AWAY_TEAM,2
444616,SA,2023,37,2024-05-19 16:00:00+00:00,FINISHED,108,FC Internazionale Milano,110,SS Lazio,1,1,0,1,DRAW,1
438840,PD,2023,37,2024-05-19 17:00:00+00:00,FINISHED,83,Granada CF,558,RC Celta de Vigo,1,2,0,0,AWAY_TEAM,2
438834,PD,2023,37,2024-05-19 17:00:00+00:00,FINISHED,77,Athletic Club,559,Sevilla FC,2,0,2,0,HOME_TEAM,0
438835,PD,2023,37,2024-05-19 17:00:00+00:00,FINISHED,78,Club Atlético de Madrid,79,CA Osasuna,1,4,0,1,AWAY_TEAM,2
438836,PD,2023,37,2024-05-19 17:00:00+00:00,FINISHED,90,Real Betis Balompié,92,Real Sociedad de Fútbol,0,2,0,2,AWAY_TEAM,2
438843,PD,2023,37,2024-05-19 17:00:00+00:00,FINISHED,89,RCD Mallorca,267,UD Almería,2,2,1,1,DRAW,1
438842,PD,2023,37,2024-05-19 17:00:00+00:00,FINISHED,94,Villarreal CF,86,Real Madrid CF,4,4,1,4,DRAW,1
438841,PD,2023,37,2024-05-19 17:00:00+00:00,FINISHED,95,Valencia CF,298,Girona FC,1,3,0,1,AWAY_TEAM,2
438839,PD,2023,37,2024-05-19 17:00:00+00:00,FINISHED,264,Cádiz CF,275,UD Las Palmas,0,0,0,0,DRAW,1
438838,PD,2023,37,2024-05-19 17:00:00+00:00,FINISHED,81,FC Barcelona,87,Rayo Vallecano de Madrid,3,0,1,0,HOME_TEAM,0
444619,SA,2023,37,2024-05-19 18:45:00+00:00,FINISHED,100,AS Roma,107,Genoa CFC,1,0,0,0,HOME_TEAM,0
444620,SA,2023,37,2024-05-20 16:30:00+00:00,FINISHED,455,US Salernitana 1919,450,Hellas Verona FC,1,2,0,2,AWAY_TEAM,2
444614,SA,2023,37,2024-05-20 18:45:00+00:00,FINISHED,103,Bologna FC 1909,109,Juventus FC,3,3,2,0,DRAW,1
444625,SA,2023,38,2024-05-23 18:45:00+00:00,FINISHED,104,Cagliari Calcio,99,ACF Fiorentina,2,3,0,1,AWAY_TEAM,2
444628,SA,2023,38,2024-05-24 18:45:00+00:00,FINISHED,107,Genoa CFC,103,Bologna FC 1909,2,0,1,0,HOME_TEAM,0
438847,PD,2023,38,2024-05-24 19:00:00+00:00,FINISHED,298,Girona FC,83,Granada CF,7,0,3,0,HOME_TEAM,0
438844,PD,2023,38,2024-05-25 12:00:00+00:00,FINISHED,79,CA Osasuna,94,Villarreal CF,1,1,1,0,DRAW,1
438851,PD,2023,38,2024-05-25 14:15:00+00:00,FINISHED,92,Real Sociedad de Fútbol,78,Club Atlético de Madrid,0,2,0,1,AWAY_TEAM,2
444630,SA,2023,38,2024-05-25 16:00:00+00:00,FINISHED,109,Juventus FC,5911,AC Monza,2,0,2,0,HOME_TEAM,0
438852,PD,2023,38,2024-05-25 16:30:00+00:00,FINISHED,267,UD Almería,264,Cádiz CF,6,1,0,1,HOME_TEAM,0
438849,PD,2023,38,2024-05-25 16:30:00+00:00,FINISHED,87,Rayo Vallecano de Madrid,77,Athletic Club,0,1,0,0,AWAY_TEAM,2
444632,SA,2023,38,2024-05-25 18:45:00+00:00,FINISHED,98,AC Milan,455,US Salernitana 1919,3,3,2,0,DRAW,1
438850,PD,2023,38,2024-05-25 19:00:00+00:00,FINISHED,86,Real Madrid CF,90,Real Betis Balompié,0,0,0,0,DRAW,1
438846,PD,2023,38,2024-05-26 12:00:00+00:00,FINISHED,82,Getafe CF,89,RCD Mallorca,1,2,0,0,AWAY_TEAM,2
438845,PD,2023,38,2024-05-26 14:15:00+00:00,FINISHED,558,RC Celta de Vigo,95,Valencia CF,2,2,0,1,DRAW,1
438853,PD,2023,38,2024-05-26 14:15:00+00:00,FINISHED,275,UD Las Palmas,263,Deportivo Alavés,1,1,0,0,DRAW,1
444624,SA,2023,38,2024-05-26 16:00:00+00:00,FINISHED,102,Atalanta BC,586,Torino FC,3,0,2,0,HOME_TEAM,0
444633,SA,2023,38,2024-05-26 16:00:00+00:00,FINISHED,113,SSC Napoli,5890,US Lecce,0,0,0,0,DRAW,1
444627,SA,2023,38,2024-05-26 18:45:00+00:00,FINISHED,470,Frosinone Calcio,115,Udinese Calcio,0,1,0,0,AWAY_TEAM,2
444626,SA,2023,38,2024-05-26 18:45:00+00:00,FINISHED,445,Empoli FC,100,AS Roma,2,1,1,1,HOME_TEAM,0
444631,SA,2023,38,2024-05-26 18:45:00+00:00,FINISHED,110,SS Lazio,471,US Sassuolo Calcio,1,1,0,0,DRAW,1
444629,SA,2023,38,2024-05-26 18:45:00+00:00,FINISHED,450,Hellas Verona FC,108,FC Internazionale Milano,2,2,2,2,DRAW,1
438848,PD,2023,38,2024-05-26 19:00:00+00:00,FINISHED,559,Sevilla FC,81,FC Barcelona,1,2,1,1,AWAY_TEAM,2
444534,SA,2023,29,2024-06-02 16:00:00+00:00,FINISHED,102,Atalanta BC,99,ACF Fiorentina,2,3,2,3,AWAY_TEAM,2
498613,PD,2024,1,2024-08-15 17:00:00+00:00,FINISHED,77,Athletic Club,82,Getafe CF,1,1,1,0,DRAW,1
498614,PD,2024,1,2024-08-15 19:30:00+00:00,FINISHED,90,Real Betis Balompié,298,Girona FC,1,1,1,0,DRAW,1
498616,PD,2024,1,2024-08-16 17:00:00+00:00,FINISHED,558,RC Celta de Vigo,263,Deportivo Alavés,2,1,0,1,HOME_TEAM,0
497410,PL,2024,1,2024-08-16 19:00:00+00:00,FINISHED,66,Manchester United FC,63,Fulham FC,1,0,0,0,HOME_TEAM,0
498621,PD,2024,1,2024-08-16 19:30:00+00:00,FINISHED,275,UD Las Palmas,559,Sevilla FC,2,2,1,1,DRAW,1
497411,PL,2024,1,2024-08-17 11:30:00+00:00,FINISHED,349,Ipswich Town FC,64,Liverpool FC,0,2,0,0,AWAY_TEAM,2
497412,PL,2024,1,2024-08-17 14:00:00+00:00,FINISHED,57,Arsenal FC,76,Wolverhampton Wanderers FC,2,0,1,0,HOME_TEAM,0
497415,PL,2024,1,2024-08-17 14:00:00+00:00,FINISHED,351,Nottingham Forest FC,1044,AFC Bournemouth,1,1,1,0,DRAW,1
497414,PL,2024,1,2024-08-17 14:00:00+00:00,FINISHED,67,Newcastle United FC,340,Southampton FC,1,0,1,0,HOME_TEAM,0
497413,PL,2024,1,2024-08-17 14:00:00+00:00,FINISHED,62,Everton FC,397,Brighton & Hove Albion FC,0,3,0,1,AWAY_TEAM,2
497416,PL,2024,1,2024-08-17 16:30:00+00:00,FINISHED,563,West Ham United FC,58,Aston Villa FC,1,2,1,1,AWAY_TEAM,2
503052,SA,2024,1,2024-08-17 16:30:00+00:00,FINISHED,112,Parma Calcio 1913,99,ACF Fiorentina,1,1,1,0,DRAW,1
503046,SA,2024,1,2024-08-17 16:30:00+00:00,FINISHED,107,Genoa CFC,108,FC Internazionale Milano,2,2,1,1,DRAW,1
498615,PD,2024,1,2024-08-17 17:00:00+00:00,FINISHED,79,CA Osasuna,745,CD Leganés,1,1,0,1,DRAW,1
503045,SA,2024,1,2024-08-17 18:45:00+00:00,FINISHED,445,Empoli FC,5911,AC Monza,0,0,0,0,DRAW,1
503051,SA,2024,1,2024-08-17 18:45:00+00:00,FINISHED,98,AC Milan,586,Torino FC,2,2,0,1,DRAW,1
498617,PD,2024,1,2024-08-17 19:30:00+00:00,FINISHED,95,Valencia CF,81,FC Barcelona,1,2,1,1,AWAY_TEAM,2
497417,PL,2024,1,2024-08-18 13:00:00+00:00,FINISHED,402,Brentford FC,354,Crystal Palace FC,2,1,1,0,HOME_TEAM,0
497418,PL,2024,1,2024-08-18 15:30:00+00:00,FINISHED,61,Chelsea FC,65,Manchester City FC,0,2,0,1,AWAY_TEAM,2
503043,SA,2024,1,2024-08-18 16:30:00+00:00,FINISHED,103,Bologna FC 1909,115,Udinese Calcio,1,1,0,0,DRAW,1
503047,SA,2024,1,2024-08-18 16:30:00+00:00,FINISHED,450,Hellas Verona FC,113,SSC Napoli,3,0,0,0,HOME_TEAM,0
498620,PD,2024,1,2024-08-18 17:00:00+00:00,FINISHED,92,Real Sociedad de Fútbol,87,Rayo Vallecano de Madrid,1,2,0,0,AWAY_TEAM,2
503044,SA,2024,1,2024-08-18 18:45:00+00:00,FINISHED,104,Cagliari Calcio,100,AS Roma,0,0,0,0,DRAW,1
503049,SA,2024,1,2024-08-18 18:45:00+00:00,FINISHED,110,SS Lazio,454,Venezia FC,3,1,2,1,HOME_TEAM,0
498619,PD,2024,1,2024-08-18 19:30:00+00:00,FINISHED,89,RCD Mallorca,86,Real Madrid CF,1,1,0,1,DRAW,1
503050,SA,2024,1,2024-08-19 16:30:00+00:00,FINISHED,5890,US Lecce,102,Atalanta BC,0,4,0,2,AWAY_TEAM,2
498622,PD,2024,1,2024-08-19 17:00:00+00:00,FINISHED,250,Real Valladolid CF,80,RCD Espanyol de Barcelona,1,0,1,0,HOME_TEAM,0
503048,SA,2024,1,2024-08-19 18:45:00+00:00,FINISHED,109,Juventus FC,7397,Como 1907,3,0,2,0,HOME_TEAM,0
497419,PL,2024,1,2024-08-19 19:00:00+00:00,FINISHED,338,Leicester City FC,73,Tottenham Hotspur FC,1,1,0,1,DRAW,1
498618,PD,2024,1,2024-08-19 19:30:00+00:00,FINISHED,94,Villarreal CF,78,Club Atlético de Madrid,2,2,2,2,DRAW,1
498626,PD,2024,2,2024-08-23 17:00:00+00:00,FINISHED,558,RC Celta de Vigo,95,Valencia CF,3,1,2,1,HOME_TEAM,0
498630,PD,2024,2,2024-08-23 19:30:00+00:00,FINISHED,559,Sevilla FC,94,Villarreal CF,1,2,1,1,AWAY_TEAM,2
497422,PL,2024,2,2024-08-24 11:30:00+00:00,FINISHED,397,Brighton & Hove Albion FC,66,Manchester United FC,2,1,1,0,HOME_TEAM,0
497424,PL,2024,2,2024-08-24 14:00:00+00:00,FINISHED,63,Fulham FC,338,Leicester City FC,2,1,1,1,HOME_TEAM,0
497426,PL,2024,2,2024-08-24 14:00:00+00:00,FINISHED,65,Manchester City FC,349,Ipswich Town FC,4,1,3,1,HOME_TEAM,0
497427,PL,2024,2,2024-08-24 14:00:00+00:00,FINISHED,340,Southampton FC,351,Nottingham Forest FC,0,1,0,0,AWAY_TEAM,2
497428,PL,2024,2,2024-08-24 14:00:00+00:00,FINISHED,73,Tottenham Hotspur FC,62,Everton FC,4,0,2,0,HOME_TEAM,0
497423,PL,2024,2,2024-08-24 14:00:00+00:00,FINISHED,354,Crystal Palace FC,563,West Ham United FC,0,2,0,0,AWAY_TEAM,2
498624,PD,2024,2,2024-08-24 15:00:00+00:00,FINISHED,79,CA Osasuna,89,RCD Mallorca,1,0,0,0,HOME_TEAM,0
497421,PL,2024,2,2024-08-24 16:30:00+00:00,FINISHED,58,Aston Villa FC,57,Arsenal FC,0,2,0,0,AWAY_TEAM,2
503059,SA,2024,2,2024-08-24 16:30:00+00:00,FINISHED,112,Parma Calcio 1913,98,AC Milan,2,1,1,0,HOME_TEAM,0
503062,SA,2024,2,2024-08-24 16:30:00+00:00,FINISHED,115,Udinese Calcio,110,SS Lazio,2,1,1,0,HOME_TEAM,0
498628,PD,2024,2,2024-08-24 17:00:00+00:00,FINISHED,81,FC Barcelona,77,Athletic Club,2,1,1,1,HOME_TEAM,0
503056,SA,2024,2,2024-08-24 18:45:00+00:00,FINISHED,108,FC Internazionale Milano,5890,US Lecce,2,0,1,0,HOME_TEAM,0
503057,SA,2024,2,2024-08-24 18:45:00+00:00,FINISHED,5911,AC Monza,107,Genoa CFC,0,1,0,1,AWAY_TEAM,2
498629,PD,2024,2,2024-08-24 19:30:00+00:00,FINISHED,82,Getafe CF,87,Rayo Vallecano de Madrid,0,0,0,0,DRAW,1
498632,PD,2024,2,2024-08-24 19:30:00+00:00,FINISHED,80,RCD Espanyol de Barcelona,92,Real Sociedad de Fútbol,0,1,0,0,AWAY_TEAM,2
497420,PL,2024,2,2024-08-25 13:00:00+00:00,FINISHED,1044,AFC Bournemouth,67,Newcastle United FC,1,1,1,0,DRAW,1
497429,PL,2024,2,2024-08-25 13:00:00+00:00,FINISHED,76,Wolverhampton Wanderers FC,61,Chelsea FC,2,6,2,2,AWAY_TEAM,2
498631,PD,2024,2,2024-08-25 15:00:00+00:00,FINISHED,86,Real Madrid CF,250,Real Valladolid CF,3,0,0,0,HOME_TEAM,0
497425,PL,2024,2,2024-08-25 15:30:00+00:00,FINISHED,64,Liverpool FC,402,Brentford FC,2,0,1,0,HOME_TEAM,0
503054,SA,2024,2,2024-08-25 16:30:00+00:00,FINISHED,99,ACF Fiorentina,454,Venezia FC,0,0,0,0,DRAW,1
503061,SA,2024,2,2024-08-25 16:30:00+00:00,FINISHED,586,Torino FC,102,Atalanta BC,2,1,1,1,HOME_TEAM,0
498625,PD,2024,2,2024-08-25 17:00:00+00:00,FINISHED,745,CD Leganés,275,UD Las Palmas,2,1,0,0,HOME_TEAM,0
498627,PD,2024,2,2024-08-25 17:15:00+00:00,FINISHED,263,Deportivo Alavés,90,Real Betis Balompié,0,0,0,0,DRAW,1
503060,SA,2024,2,2024-08-25 18:45:00+00:00,FINISHED,100,AS Roma,445,Empoli FC,1,2,0,1,AWAY_TEAM,2
503058,SA,2024,2,2024-08-25 18:45:00+00:00,FINISHED,113,SSC Napoli,103,Bologna FC 1909,3,0,1,0,HOME_TEAM,0
498623,PD,2024,2,2024-08-25 19:30:00+00:00,FINISHED,78,Club Atlético de Madrid,298,Girona FC,3,0,1,0,HOME_TEAM,0
503053,SA,2024,2,2024-08-26 16:30:00+00:00,FINISHED,104,Cagliari Calcio,7397,Como 1907,1,1,1,0,DRAW,1
503055,SA,2024,2,2024-08-26 18:45:00+00:00,FINISHED,450,Hellas Verona FC,109,Juventus FC,0,3,0,2,AWAY_TEAM,2
498636,PD,2024,3,2024-08-26 19:30:00+00:00,FINISHED,94,Villarreal CF,558,RC Celta de Vigo,4,3,1,2,HOME_TEAM,0
498638,PD,2024,3,2024-08-27 17:00:00+00:00,FINISHED,89,RCD Mallorca,559,Sevilla FC,0,0,0,0,DRAW,1
498637,PD,2024,3,2024-08-27 19:30:00+00:00,FINISHED,87,Rayo Vallecano de Madrid,81,FC Barcelona,1,2,1,0,AWAY_TEAM,2
498640,PD,2024,3,2024-08-28 17:00:00+00:00,FINISHED,250,Real Valladolid CF,745,CD Leganés,0,0,0,0,DRAW,1
498633,PD,2024,3,2024-08-28 17:00:00+00:00,FINISHED,77,Athletic Club,95,Valencia CF,1,0,1,0,HOME_TEAM,0
498642,PD,2024,3,2024-08-28 19:30:00+00:00,FINISHED,78,Club Atlético de Madrid,80,RCD Espanyol de Barcelona,0,0,0,0,DRAW,1
498639,PD,2024,3,2024-08-28 19:30:00+00:00,FINISHED,92,Real Sociedad de Fútbol,263,Deportivo Alavés,1,2,1,1,AWAY_TEAM,2
498635,PD,2024,3,2024-08-29 17:00:00+00:00,FINISHED,298,Girona FC,79,CA Osasuna,4,0,1,0,HOME_TEAM,0
498641,PD,2024,3,2024-08-29 19:30:00+00:00,FINISHED,275,UD Las Palmas,86,Real Madrid CF,1,1,1,0,DRAW,1
503072,SA,2024,3,2024-08-30 16:30:00+00:00,FINISHED,454,Venezia FC,586,Torino FC,0,1,0,0,AWAY_TEAM,2
503066,SA,2024,3,2024-08-30 18:45:00+00:00,FINISHED,108,FC Internazionale Milano,102,Atalanta BC,4,0,2,0,HOME_TEAM,0
497430,PL,2024,3,2024-08-31 11:30:00+00:00,FINISHED,57,Arsenal FC,397,Brighton & Hove Albion FC,1,1,1,0,DRAW,1
497435,PL,2024,3,2024-08-31 14:00:00+00:00,FINISHED,338,Leicester City FC,58,Aston Villa FC,1,2,0,1,AWAY_TEAM,2
497438,PL,2024,3,2024-08-31 14:00:00+00:00,FINISHED,351,Nottingham Forest FC,76,Wolverhampton Wanderers FC,1,1,1,1,DRAW,1
497434,PL,2024,3,2024-08-31 14:00:00+00:00,FINISHED,349,Ipswich Town FC,63,Fulham FC,1,1,1,1,DRAW,1
497433,PL,2024,3,2024-08-31 14:00:00+00:00,FINISHED,62,Everton FC,1044,AFC Bournemouth,2,3,0,0,AWAY_TEAM,2
497431,PL,2024,3,2024-08-31 14:00:00+00:00,FINISHED,402,Brentford FC,340,Southampton FC,3,1,1,0,HOME_TEAM,0
498647,PD,2024,4,2024-08-31 15:00:00+00:00,FINISHED,81,FC Barcelona,250,Real Valladolid CF,7,0,3,0,HOME_TEAM,0
497439,PL,2024,3,2024-08-31 16:30:00+00:00,FINISHED,563,West Ham United FC,65,Manchester City FC,1,3,1,2,AWAY_TEAM,2
503069,SA,2024,3,2024-08-31 16:30:00+00:00,FINISHED,5890,US Lecce,104,Cagliari Calcio,1,0,1,0,HOME_TEAM,0
503063,SA,2024,3,2024-08-31 16:30:00+00:00,FINISHED,103,Bologna FC 1909,445,Empoli FC,1,1,1,1,DRAW,1
498643,PD,2024,4,2024-08-31 17:00:00+00:00,FINISHED,77,Athletic Club,78,Club Atlético de Madrid,0,1,0,0,AWAY_TEAM,2
498652,PD,2024,4,2024-08-31 17:15:00+00:00,FINISHED,80,RCD Espanyol de Barcelona,87,Rayo Vallecano de Madrid,2,1,1,1,HOME_TEAM,0
503068,SA,2024,3,2024-08-31 18:45:00+00:00,FINISHED,110,SS Lazio,98,AC Milan,2,2,0,1,DRAW,1
503070,SA,2024,3,2024-08-31 18:45:00+00:00,FINISHED,113,SSC Napoli,112,Parma Calcio 1913,2,1,0,1,HOME_TEAM,0
498650,PD,2024,4,2024-08-31 19:30:00+00:00,FINISHED,95,Valencia CF,94,Villarreal CF,1,1,1,1,DRAW,1
498645,PD,2024,4,2024-08-31 19:30:00+00:00,FINISHED,745,CD Leganés,89,RCD Mallorca,0,1,0,1,AWAY_TEAM,2
497432,PL,2024,3,2024-09-01 12:30:00+00:00,FINISHED,61,Chelsea FC,354,Crystal Palace FC,1,1,1,0,DRAW,1
497437,PL,2024,3,2024-09-01 12:30:00+00:00,FINISHED,67,Newcastle United FC,73,Tottenham Hotspur FC,2,1,1,0,HOME_TEAM,0
497436,PL,2024,3,2024-09-01 15:00:00+00:00,FINISHED,66,Manchester United FC,64,Liverpool FC,0,3,0,2,AWAY_TEAM,2
498646,PD,2024,4,2024-09-01 15:00:00+00:00,FINISHED,263,Deportivo Alavés,275,UD Las Palmas,2,0,1,0,HOME_TEAM,0
498644,PD,2024,4,2024-09-01 15:00:00+00:00,FINISHED,79,CA Osasuna,558,RC Celta de Vigo,3,2,2,1,HOME_TEAM,0
503064,SA,2024,3,2024-09-01 16:30:00+00:00,FINISHED,99,ACF Fiorentina,5911,AC Monza,2,2,1,2,DRAW,1
503065,SA,2024,3,2024-09-01 16:30:00+00:00,FINISHED,107,Genoa CFC,450,Hellas Verona FC,0,2,0,0,AWAY_TEAM,2
498649,PD,2024,4,2024-09-01 17:00:00+00:00,FINISHED,559,Sevilla FC,298,Girona FC,0,2,0,1,AWAY_TEAM,2
498648,PD,2024,4,2024-09-01 17:15:00+00:00,FINISHED,82,Getafe CF,92,Real Sociedad de Fútbol,0,0,0,0,DRAW,1
503067,SA,2024,3,2024-09-01 18:45:00+00:00,FINISHED,109,Juventus FC,100,AS Roma,0,0,0,0,DRAW,1
503071,SA,2024,3,2024-09-01 18:45:00+00:00,FINISHED,115,Udinese Calcio,7397,Como 1907,1,0,1,0,HOME_TEAM,0
498651,PD,2024,4,2024-09-01 19:30:00+00:00,FINISHED,86,Real Madrid CF,90,Real Betis Balompié,2,0,0,0,HOME_TEAM,0
498654,PD,2024,5,2024-09-13 19:00:00+00:00,FINISHED,90,Real Betis Balompié,745,CD Leganés,2,0,0,0,HOME_TEAM,0
497447,PL,2024,4,2024-09-14 11:30:00+00:00,FINISHED,340,Southampton FC,66,Manchester United FC,0,3,0,2,AWAY_TEAM,2
498659,PD,2024,5,2024-09-14 12:00:00+00:00,FINISHED,89,RCD Mallorca,94,Villarreal CF,1,2,0,1,AWAY_TEAM,2
503075,SA,2024,4,2024-09-14 13:00:00+00:00,FINISHED,7397,Como 1907,103,Bologna FC 1909,2,2,1,0,DRAW,1
497445,PL,2024,4,2024-09-14 14:00:00+00:00,FINISHED,64,Liverpool FC,351,Nottingham Forest FC,0,1,0,0,AWAY_TEAM,2
497444,PL,2024,4,2024-09-14 14:00:00+00:00,FINISHED,63,Fulham FC,563,West Ham United FC,1,1,1,0,DRAW,1
497443,PL,2024,4,2024-09-14 14:00:00+00:00,FINISHED,354,Crystal Palace FC,338,Leicester City FC,2,2,0,1,DRAW,1
497442,PL,2024,4,2024-09-14 14:00:00+00:00,FINISHED,397,Brighton & Hove Albion FC,349,Ipswich Town FC,0,0,0,0,DRAW,1
497446,PL,2024,4,2024-09-14 14:00:00+00:00,FINISHED,65,Manchester City FC,402,Brentford FC,2,1,2,1,HOME_TEAM,0
498662,PD,2024,5,2024-09-14 14:15:00+00:00,FINISHED,80,RCD Espanyol de Barcelona,263,Deportivo Alavés,3,2,1,1,HOME_TEAM,0
503076,SA,2024,4,2024-09-14 16:00:00+00:00,FINISHED,445,Empoli FC,109,Juventus FC,0,0,0,0,DRAW,1
497441,PL,2024,4,2024-09-14 16:30:00+00:00,FINISHED,58,Aston Villa FC,62,Everton FC,3,2,1,2,HOME_TEAM,0
498657,PD,2024,5,2024-09-14 16:30:00+00:00,FINISHED,559,Sevilla FC,82,Getafe CF,1,0,1,0,HOME_TEAM,0
503079,SA,2024,4,2024-09-14 18:45:00+00:00,FINISHED,98,AC Milan,454,Venezia FC,4,0,4,0,HOME_TEAM,0
497440,PL,2024,4,2024-09-14 19:00:00+00:00,FINISHED,1044,AFC Bournemouth,61,Chelsea FC,0,1,0,0,AWAY_TEAM,2
498660,PD,2024,5,2024-09-14 19:00:00+00:00,FINISHED,92,Real Sociedad de Fútbol,86,Real Madrid CF,0,2,0,0,AWAY_TEAM,2
503077,SA,2024,4,2024-09-15 10:30:00+00:00,FINISHED,107,Genoa CFC,100,AS Roma,1,1,0,1,DRAW,1
498655,PD,2024,5,2024-09-15 12:00:00+00:00,FINISHED,558,RC Celta de Vigo,250,Real Valladolid CF,3,1,2,0,HOME_TEAM,0
503073,SA,2024,4,2024-09-15 13:00:00+00:00,FINISHED,102,Atalanta BC,99,ACF Fiorentina,3,2,3,2,HOME_TEAM,0
503082,SA,2024,4,2024-09-15 13:00:00+00:00,FINISHED,586,Torino FC,5890,US Lecce,0,0,0,0,DRAW,1
497448,PL,2024,4,2024-09-15 13:00:00+00:00,FINISHED,73,Tottenham Hotspur FC,57,Arsenal FC,0,1,0,0,AWAY_TEAM,2
498656,PD,2024,5,2024-09-15 14:15:00+00:00,FINISHED,298,Girona FC,81,FC Barcelona,1,4,0,2,AWAY_TEAM,2
497449,PL,2024,4,2024-09-15 15:30:00+00:00,FINISHED,76,Wolverhampton Wanderers FC,67,Newcastle United FC,1,2,1,0,AWAY_TEAM,2
503074,SA,2024,4,2024-09-15 16:00:00+00:00,FINISHED,104,Cagliari Calcio,113,SSC Napoli,0,4,0,1,AWAY_TEAM,2
498661,PD,2024,5,2024-09-15 16:30:00+00:00,FINISHED,275,UD Las Palmas,77,Athletic Club,2,3,0,2,AWAY_TEAM,2
503080,SA,2024,4,2024-09-15 18:45:00+00:00,FINISHED,5911,AC Monza,108,FC Internazionale Milano,1,1,0,0,DRAW,1
498653,PD,2024,5,2024-09-15 19:00:00+00:00,FINISHED,78,Club Atlético de Madrid,95,Valencia CF,3,0,1,0,HOME_TEAM,0
503081,SA,2024,4,2024-09-16 16:30:00+00:00,FINISHED,112,Parma Calcio 1913,115,Udinese Calcio,2,3,2,0,AWAY_TEAM,2
503078,SA,2024,4,2024-09-16 18:45:00+00:00,FINISHED,110,SS Lazio,450,Hellas Verona FC,2,1,2,1,HOME_TEAM,0
498658,PD,2024,5,2024-09-16 19:00:00+00:00,FINISHED,87,Rayo Vallecano de Madrid,79,CA Osasuna,3,1,0,1,HOME_TEAM,0
498679,PD,2024,7,2024-09-17 17:00:00+00:00,FINISHED,89,RCD Mallorca,92,Real Sociedad de Fútbol,1,0,1,0,HOME_TEAM,0
498634,PD,2024,3,2024-09-18 17:00:00+00:00,FINISHED,90,Real Betis Balompié,82,Getafe CF,2,1,0,0,HOME_TEAM,0
498673,PD,2024,7,2024-09-19 17:00:00+00:00,FINISHED,745,CD Leganés,77,Athletic Club,0,2,0,0,AWAY_TEAM,2
503084,SA,2024,5,2024-09-20 16:30:00+00:00,FINISHED,104,Cagliari Calcio,445,Empoli FC,0,2,0,1,AWAY_TEAM,2
503086,SA,2024,5,2024-09-20 18:45:00+00:00,FINISHED,450,Hellas Verona FC,586,Torino FC,2,3,1,2,AWAY_TEAM,2
498666,PD,2024,6,2024-09-20 19:00:00+00:00,FINISHED,263,Deportivo Alavés,559,Sevilla FC,2,1,1,0,HOME_TEAM,0
497459,PL,2024,5,2024-09-21 11:30:00+00:00,FINISHED,563,West Ham United FC,61,Chelsea FC,0,3,0,2,AWAY_TEAM,2
498671,PD,2024,6,2024-09-21 12:00:00+00:00,FINISHED,250,Real Valladolid CF,92,Real Sociedad de Fútbol,0,0,0,0,DRAW,1
503092,SA,2024,5,2024-09-21 13:00:00+00:00,FINISHED,454,Venezia FC,107,Genoa CFC,2,0,0,0,HOME_TEAM,0
497457,PL,2024,5,2024-09-21 14:00:00+00:00,FINISHED,340,Southampton FC,349,Ipswich Town FC,1,1,1,0,DRAW,1
497450,PL,2024,5,2024-09-21 14:00:00+00:00,FINISHED,58,Aston Villa FC,76,Wolverhampton Wanderers FC,3,1,0,1,HOME_TEAM,0
497458,PL,2024,5,2024-09-21 14:00:00+00:00,FINISHED,73,Tottenham Hotspur FC,402,Brentford FC,3,1,2,1,HOME_TEAM,0
497455,PL,2024,5,2024-09-21 14:00:00+00:00,FINISHED,64,Liverpool FC,1044,AFC Bournemouth,3,0,3,0,HOME_TEAM,0
497454,PL,2024,5,2024-09-21 14:00:00+00:00,FINISHED,338,Leicester City FC,62,Everton FC,1,1,0,1,DRAW,1
497453,PL,2024,5,2024-09-21 14:00:00+00:00,FINISHED,63,Fulham FC,67,Newcastle United FC,3,1,2,0,HOME_TEAM,0
498665,PD,2024,6,2024-09-21 14:15:00+00:00,FINISHED,79,CA Osasuna,275,UD Las Palmas,2,1,1,1,HOME_TEAM,0
503088,SA,2024,5,2024-09-21 16:00:00+00:00,FINISHED,109,Juventus FC,113,SSC Napoli,0,0,0,0,DRAW,1
498668,PD,2024,6,2024-09-21 16:30:00+00:00,FINISHED,95,Valencia CF,298,Girona FC,2,0,0,0,HOME_TEAM,0
497452,PL,2024,5,2024-09-21 16:30:00+00:00,FINISHED,354,Crystal Palace FC,66,Manchester United FC,0,0,0,0,DRAW,1
503089,SA,2024,5,2024-09-21 18:45:00+00:00,FINISHED,5890,US Lecce,112,Parma Calcio 1913,2,2,1,0,DRAW,1
498672,PD,2024,6,2024-09-21 19:00:00+00:00,FINISHED,86,Real Madrid CF,80,RCD Espanyol de Barcelona,4,1,0,0,HOME_TEAM,0
503085,SA,2024,5,2024-09-22 10:30:00+00:00,FINISHED,99,ACF Fiorentina,110,SS Lazio,2,1,0,1,HOME_TEAM,0
498667,PD,2024,6,2024-09-22 12:00:00+00:00,FINISHED,82,Getafe CF,745,CD Leganés,1,1,0,0,DRAW,1
497451,PL,2024,5,2024-09-22 13:00:00+00:00,FINISHED,397,Brighton & Hove Albion FC,351,Nottingham Forest FC,2,2,2,1,DRAW,1
503090,SA,2024,5,2024-09-22 13:00:00+00:00,FINISHED,5911,AC Monza,103,Bologna FC 1909,1,2,1,1,AWAY_TEAM,2
498663,PD,2024,6,2024-09-22 14:15:00+00:00,FINISHED,77,Athletic Club,558,RC Celta de Vigo,3,1,2,1,HOME_TEAM,0
497456,PL,2024,5,2024-09-22 15:30:00+00:00,FINISHED,65,Manchester City FC,57,Arsenal FC,2,2,1,2,DRAW,1
503091,SA,2024,5,2024-09-22 16:00:00+00:00,FINISHED,100,AS Roma,115,Udinese Calcio,3,0,1,0,HOME_TEAM,0
498669,PD,2024,6,2024-09-22 16:30:00+00:00,FINISHED,94,Villarreal CF,81,FC Barcelona,1,5,1,2,AWAY_TEAM,2
503087,SA,2024,5,2024-09-22 18:45:00+00:00,FINISHED,108,FC Internazionale Milano,98,AC Milan,1,2,1,1,AWAY_TEAM,2
498670,PD,2024,6,2024-09-22 19:00:00+00:00,FINISHED,87,Rayo Vallecano de Madrid,78,Club Atlético de Madrid,1,1,1,0,DRAW,1
498664,PD,2024,6,2024-09-23 19:00:00+00:00,FINISHED,90,Real Betis Balompié,89,RCD Mallorca,1,2,1,1,AWAY_TEAM,2
498677,PD,2024,7,2024-09-24 17:00:00+00:00,FINISHED,559,Sevilla FC,250,Real Valladolid CF,2,1,1,0,HOME_TEAM,0
498678,PD,2024,7,2024-09-24 17:00:00+00:00,FINISHED,95,Valencia CF,79,CA Osasuna,0,0,0,0,DRAW,1
503083,SA,2024,5,2024-09-24 18:45:00+00:00,FINISHED,102,Atalanta BC,7397,Como 1907,2,3,1,0,AWAY_TEAM,2
498680,PD,2024,7,2024-09-24 19:00:00+00:00,FINISHED,86,Real Madrid CF,263,Deportivo Alavés,3,2,2,0,HOME_TEAM,0
498676,PD,2024,7,2024-09-25 17:00:00+00:00,FINISHED,298,Girona FC,87,Rayo Vallecano de Madrid,0,0,0,0,DRAW,1
498675,PD,2024,7,2024-09-25 19:00:00+00:00,FINISHED,81,FC Barcelona,82,Getafe CF,1,0,1,0,HOME_TEAM,0
498681,PD,2024,7,2024-09-26 17:00:00+00:00,FINISHED,275,UD Las Palmas,90,Real Betis Balompié,1,1,1,1,DRAW,1
498682,PD,2024,7,2024-09-26 17:00:00+00:00,FINISHED,80,RCD Espanyol de Barcelona,94,Villarreal CF,1,2,1,1,AWAY_TEAM,2
498674,PD,2024,7,2024-09-26 19:00:00+00:00,FINISHED,558,RC Celta de Vigo,78,Club Atlético de Madrid,0,1,0,0,AWAY_TEAM,2
503097,SA,2024,6,2024-09-27 18:45:00+00:00,FINISHED,98,AC Milan,5890,US Lecce,3,0,3,0,HOME_TEAM,0
498691,PD,2024,8,2024-09-27 19:00:00+00:00,FINISHED,250,Real Valladolid CF,89,RCD Mallorca,1,2,0,0,AWAY_TEAM,2
497467,PL,2024,6,2024-09-28 11:30:00+00:00,FINISHED,67,Newcastle United FC,65,Manchester City FC,1,1,0,1,DRAW,1
498687,PD,2024,8,2024-09-28 12:00:00+00:00,FINISHED,82,Getafe CF,263,Deportivo Alavés,2,0,1,0,HOME_TEAM,0
503102,SA,2024,6,2024-09-28 13:00:00+00:00,FINISHED,115,Udinese Calcio,108,FC Internazionale Milano,2,3,1,2,AWAY_TEAM,2
497461,PL,2024,6,2024-09-28 14:00:00+00:00,FINISHED,57,Arsenal FC,338,Leicester City FC,4,2,2,0,HOME_TEAM,0
497462,PL,2024,6,2024-09-28 14:00:00+00:00,FINISHED,402,Brentford FC,563,West Ham United FC,1,1,1,0,DRAW,1
497463,PL,2024,6,2024-09-28 14:00:00+00:00,FINISHED,61,Chelsea FC,397,Brighton & Hove Albion FC,4,2,4,2,HOME_TEAM,0
497468,PL,2024,6,2024-09-28 14:00:00+00:00,FINISHED,351,Nottingham Forest FC,63,Fulham FC,0,1,0,0,AWAY_TEAM,2
497464,PL,2024,6,2024-09-28 14:00:00+00:00,FINISHED,62,Everton FC,354,Crystal Palace FC,2,1,0,1,HOME_TEAM,0
498689,PD,2024,8,2024-09-28 14:15:00+00:00,FINISHED,87,Rayo Vallecano de Madrid,745,CD Leganés,1,1,1,0,DRAW,1
503096,SA,2024,6,2024-09-28 16:00:00+00:00,FINISHED,107,Genoa CFC,109,Juventus FC,0,3,0,0,AWAY_TEAM,2
498690,PD,2024,8,2024-09-28 16:30:00+00:00,FINISHED,92,Real Sociedad de Fútbol,95,Valencia CF,3,0,1,0,HOME_TEAM,0
497469,PL,2024,6,2024-09-28 16:30:00+00:00,FINISHED,76,Wolverhampton Wanderers FC,64,Liverpool FC,1,2,0,1,AWAY_TEAM,2
503093,SA,2024,6,2024-09-28 18:45:00+00:00,FINISHED,103,Bologna FC 1909,102,Atalanta BC,1,1,0,0,DRAW,1
498685,PD,2024,8,2024-09-28 19:00:00+00:00,FINISHED,79,CA Osasuna,81,FC Barcelona,4,2,2,0,HOME_TEAM,0
503101,SA,2024,6,2024-09-29 10:30:00+00:00,FINISHED,586,Torino FC,110,SS Lazio,2,3,0,1,AWAY_TEAM,2
498686,PD,2024,8,2024-09-29 12:00:00+00:00,FINISHED,558,RC Celta de Vigo,298,Girona FC,1,1,0,1,DRAW,1
503100,SA,2024,6,2024-09-29 13:00:00+00:00,FINISHED,100,AS Roma,454,Venezia FC,2,1,0,1,HOME_TEAM,0
503094,SA,2024,6,2024-09-29 13:00:00+00:00,FINISHED,7397,Como 1907,450,Hellas Verona FC,3,2,1,0,HOME_TEAM,0
497465,PL,2024,6,2024-09-29 13:00:00+00:00,FINISHED,349,Ipswich Town FC,58,Aston Villa FC,2,2,1,2,DRAW,1
498683,PD,2024,8,2024-09-29 14:15:00+00:00,FINISHED,77,Athletic Club,559,Sevilla FC,1,1,1,0,DRAW,1
497466,PL,2024,6,2024-09-29 15:30:00+00:00,FINISHED,66,Manchester United FC,73,Tottenham Hotspur FC,0,3,0,1,AWAY_TEAM,2
503095,SA,2024,6,2024-09-29 16:00:00+00:00,FINISHED,445,Empoli FC,99,ACF Fiorentina,0,0,0,0,DRAW,1
498692,PD,2024,8,2024-09-29 16:30:00+00:00,FINISHED,90,Real Betis Balompié,80,RCD Espanyol de Barcelona,1,0,0,0,HOME_TEAM,0
503098,SA,2024,6,2024-09-29 18:45:00+00:00,FINISHED,113,SSC Napoli,5911,AC Monza,2,0,2,0,HOME_TEAM,0
498684,PD,2024,8,2024-09-29 19:00:00+00:00,FINISHED,78,Club Atlético de Madrid,86,Real Madrid CF,1,1,0,0,DRAW,1
503099,SA,2024,6,2024-09-30 18:45:00+00:00,FINISHED,112,Parma Calcio 1913,104,Cagliari Calcio,2,3,0,1,AWAY_TEAM,2
497460,PL,2024,6,2024-09-30 19:00:00+00:00,FINISHED,1044,AFC Bournemouth,340,Southampton FC,3,1,3,0,HOME_TEAM,0
498688,PD,2024,8,2024-09-30 19:00:00+00:00,FINISHED,94,Villarreal CF,275,UD Las Palmas,3,1,1,0,HOME_TEAM,0
503111,SA,2024,7,2024-10-04 16:30:00+00:00,FINISHED,113,SSC Napoli,7397,Como 1907,3,1,1,1,HOME_TEAM,0
503106,SA,2024,7,2024-10-04 18:45:00+00:00,FINISHED,450,Hellas Verona FC,454,Venezia FC,2,1,1,1,HOME_TEAM,0
498693,PD,2024,9,2024-10-04 19:00:00+00:00,FINISHED,745,CD Leganés,95,Valencia CF,0,0,0,0,DRAW,1
497475,PL,2024,7,2024-10-05 11:30:00+00:00,FINISHED,354,Crystal Palace FC,64,Liverpool FC,0,1,0,1,AWAY_TEAM,2
498702,PD,2024,9,2024-10-05 12:00:00+00:00,FINISHED,80,RCD Espanyol de Barcelona,89,RCD Mallorca,2,1,1,0,HOME_TEAM,0
503112,SA,2024,7,2024-10-05 13:00:00+00:00,FINISHED,115,Udinese Calcio,5890,US Lecce,1,0,0,0,HOME_TEAM,0
497470,PL,2024,7,2024-10-05 14:00:00+00:00,FINISHED,57,Arsenal FC,340,Southampton FC,3,1,0,0,HOME_TEAM,0
497472,PL,2024,7,2024-10-05 14:00:00+00:00,FINISHED,402,Brentford FC,76,Wolverhampton Wanderers FC,5,3,4,2,HOME_TEAM,0
497477,PL,2024,7,2024-10-05 14:00:00+00:00,FINISHED,338,Leicester City FC,1044,AFC Bournemouth,1,0,1,0,HOME_TEAM,0
497478,PL,2024,7,2024-10-05 14:00:00+00:00,FINISHED,65,Manchester City FC,63,Fulham FC,3,2,1,1,HOME_TEAM,0
497479,PL,2024,7,2024-10-05 14:00:00+00:00,FINISHED,563,West Ham United FC,349,Ipswich Town FC,4,1,2,1,HOME_TEAM,0
498695,PD,2024,9,2024-10-05 14:15:00+00:00,FINISHED,82,Getafe CF,79,CA Osasuna,1,1,1,0,DRAW,1
503103,SA,2024,7,2024-10-05 16:00:00+00:00,FINISHED,102,Atalanta BC,107,Genoa CFC,5,1,1,0,HOME_TEAM,0
497476,PL,2024,7,2024-10-05 16:30:00+00:00,FINISHED,62,Everton FC,67,Newcastle United FC,0,0,0,0,DRAW,1
498700,PD,2024,9,2024-10-05 16:30:00+00:00,FINISHED,250,Real Valladolid CF,87,Rayo Vallecano de Madrid,1,2,0,0,AWAY_TEAM,2
498701,PD,2024,9,2024-10-05 16:30:00+00:00,FINISHED,275,UD Las Palmas,558,RC Celta de Vigo,0,1,0,1,AWAY_TEAM,2
503107,SA,2024,7,2024-10-05 18:45:00+00:00,FINISHED,108,FC Internazionale Milano,586,Torino FC,3,2,2,1,HOME_TEAM,0
498698,PD,2024,9,2024-10-05 19:00:00+00:00,FINISHED,86,Real Madrid CF,94,Villarreal CF,2,0,1,0,HOME_TEAM,0
503108,SA,2024,7,2024-10-06 10:30:00+00:00,FINISHED,109,Juventus FC,104,Cagliari Calcio,1,1,1,0,DRAW,1
498696,PD,2024,9,2024-10-06 12:00:00+00:00,FINISHED,298,Girona FC,77,Athletic Club,2,1,1,1,HOME_TEAM,0
503104,SA,2024,7,2024-10-06 13:00:00+00:00,FINISHED,103,Bologna FC 1909,112,Parma Calcio 1913,0,0,0,0,DRAW,1
503109,SA,2024,7,2024-10-06 13:00:00+00:00,FINISHED,110,SS Lazio,445,Empoli FC,2,1,1,1,HOME_TEAM,0
497474,PL,2024,7,2024-10-06 13:00:00+00:00,FINISHED,61,Chelsea FC,351,Nottingham Forest FC,1,1,0,0,DRAW,1
497471,PL,2024,7,2024-10-06 13:00:00+00:00,FINISHED,58,Aston Villa FC,66,Manchester United FC,0,0,0,0,DRAW,1
498694,PD,2024,9,2024-10-06 14:15:00+00:00,FINISHED,263,Deportivo Alavés,81,FC Barcelona,0,3,0,3,AWAY_TEAM,2
497473,PL,2024,7,2024-10-06 15:30:00+00:00,FINISHED,397,Brighton & Hove Albion FC,73,Tottenham Hotspur FC,3,2,0,2,HOME_TEAM,0
503110,SA,2024,7,2024-10-06 16:00:00+00:00,FINISHED,5911,AC Monza,100,AS Roma,1,1,0,0,DRAW,1
498697,PD,2024,9,2024-10-06 16:30:00+00:00,FINISHED,559,Sevilla FC,90,Real Betis Balompié,1,0,0,0,HOME_TEAM,0
503105,SA,2024,7,2024-10-06 18:45:00+00:00,FINISHED,99,ACF Fiorentina,98,AC Milan,2,1,1,0,HOME_TEAM,0
498699,PD,2024,9,2024-10-06 19:00:00+00:00,FINISHED,92,Real Sociedad de Fútbol,78,Club Atlético de Madrid,1,1,0,1,DRAW,1
498706,PD,2024,10,2024-10-18 19:00:00+00:00,FINISHED,263,Deportivo Alavés,250,Real Valladolid CF,2,3,1,1,AWAY_TEAM,2
497488,PL,2024,8,2024-10-19 11:30:00+00:00,FINISHED,73,Tottenham Hotspur FC,563,West Ham United FC,4,1,1,1,HOME_TEAM,0
498712,PD,2024,10,2024-10-19 12:00:00+00:00,FINISHED,77,Athletic Club,80,RCD Espanyol de Barcelona,4,1,3,0,HOME_TEAM,0
503116,SA,2024,8,2024-10-19 13:00:00+00:00,FINISHED,107,Genoa CFC,103,Bologna FC 1909,2,2,0,1,DRAW,1
503114,SA,2024,8,2024-10-19 13:00:00+00:00,FINISHED,7397,Como 1907,112,Parma Calcio 1913,1,1,1,1,DRAW,1
497482,PL,2024,8,2024-10-19 14:00:00+00:00,FINISHED,349,Ipswich Town FC,62,Everton FC,0,2,0,2,AWAY_TEAM,2
497487,PL,2024,8,2024-10-19 14:00:00+00:00,FINISHED,340,Southampton FC,338,Leicester City FC,2,3,2,0,AWAY_TEAM,2
497485,PL,2024,8,2024-10-19 14:00:00+00:00,FINISHED,67,Newcastle United FC,397,Brighton & Hove Albion FC,0,1,0,1,AWAY_TEAM,2
497484,PL,2024,8,2024-10-19 14:00:00+00:00,FINISHED,66,Manchester United FC,402,Brentford FC,2,1,0,1,HOME_TEAM,0
497481,PL,2024,8,2024-10-19 14:00:00+00:00,FINISHED,63,Fulham FC,58,Aston Villa FC,1,3,1,1,AWAY_TEAM,2
498704,PD,2024,10,2024-10-19 14:15:00+00:00,FINISHED,79,CA Osasuna,90,Real Betis Balompié,1,2,0,1,AWAY_TEAM,2
503120,SA,2024,8,2024-10-19 16:00:00+00:00,FINISHED,98,AC Milan,115,Udinese Calcio,1,0,1,0,HOME_TEAM,0
498708,PD,2024,10,2024-10-19 16:30:00+00:00,FINISHED,298,Girona FC,92,Real Sociedad de Fútbol,0,1,0,1,AWAY_TEAM,2
497480,PL,2024,8,2024-10-19 16:30:00+00:00,FINISHED,1044,AFC Bournemouth,57,Arsenal FC,2,0,0,0,HOME_TEAM,0
503118,SA,2024,8,2024-10-19 18:45:00+00:00,FINISHED,109,Juventus FC,110,SS Lazio,1,0,0,0,HOME_TEAM,0
498705,PD,2024,10,2024-10-19 19:00:00+00:00,FINISHED,558,RC Celta de Vigo,86,Real Madrid CF,1,2,0,1,AWAY_TEAM,2
503115,SA,2024,8,2024-10-20 10:30:00+00:00,FINISHED,445,Empoli FC,113,SSC Napoli,0,1,0,0,AWAY_TEAM,2
498711,PD,2024,10,2024-10-20 12:00:00+00:00,FINISHED,89,RCD Mallorca,87,Rayo Vallecano de Madrid,1,0,0,0,HOME_TEAM,0
503122,SA,2024,8,2024-10-20 13:00:00+00:00,FINISHED,454,Venezia FC,102,Atalanta BC,0,2,0,1,AWAY_TEAM,2
497489,PL,2024,8,2024-10-20 13:00:00+00:00,FINISHED,76,Wolverhampton Wanderers FC,65,Manchester City FC,1,2,1,1,AWAY_TEAM,2
503119,SA,2024,8,2024-10-20 13:00:00+00:00,FINISHED,5890,US Lecce,99,ACF Fiorentina,0,6,0,3,AWAY_TEAM,2
498703,PD,2024,10,2024-10-20 14:15:00+00:00,FINISHED,78,Club Atlético de Madrid,745,CD Leganés,3,1,0,1,HOME_TEAM,0
497483,PL,2024,8,2024-10-20 15:30:00+00:00,FINISHED,64,Liverpool FC,61,Chelsea FC,2,1,1,0,HOME_TEAM,0
503113,SA,2024,8,2024-10-20 16:00:00+00:00,FINISHED,104,Cagliari Calcio,586,Torino FC,3,2,1,1,HOME_TEAM,0
498710,PD,2024,10,2024-10-20 16:30:00+00:00,FINISHED,94,Villarreal CF,82,Getafe CF,1,1,1,0,DRAW,1
503121,SA,2024,8,2024-10-20 18:45:00+00:00,FINISHED,100,AS Roma,108,FC Internazionale Milano,0,1,0,0,AWAY_TEAM,2
498707,PD,2024,10,2024-10-20 19:00:00+00:00,FINISHED,81,FC Barcelona,559,Sevilla FC,5,1,3,0,HOME_TEAM,0
503117,SA,2024,8,2024-10-21 18:45:00+00:00,FINISHED,450,Hellas Verona FC,5911,AC Monza,0,3,0,1,AWAY_TEAM,2
497486,PL,2024,8,2024-10-21 19:00:00+00:00,FINISHED,351,Nottingham Forest FC,354,Crystal Palace FC,1,0,0,0,HOME_TEAM,0
498709,PD,2024,10,2024-10-21 19:00:00+00:00,FINISHED,95,Valencia CF,275,UD Las Palmas,2,3,1,1,AWAY_TEAM,2
503132,SA,2024,9,2024-10-25 16:30:00+00:00,FINISHED,115,Udinese Calcio,104,Cagliari Calcio,2,0,1,0,HOME_TEAM,0
503131,SA,2024,9,2024-10-25 18:45:00+00:00,FINISHED,586,Torino FC,7397,Como 1907,1,0,0,0,HOME_TEAM,0
498722,PD,2024,11,2024-10-25 19:00:00+00:00,FINISHED,80,RCD Espanyol de Barcelona,559,Sevilla FC,0,2,0,2,AWAY_TEAM,2
497497,PL,2024,9,2024-10-25 19:00:00+00:00,FINISHED,338,Leicester City FC,351,Nottingham Forest FC,1,3,1,1,AWAY_TEAM,2
498720,PD,2024,11,2024-10-26 12:00:00+00:00,FINISHED,250,Real Valladolid CF,94,Villarreal CF,1,2,0,1,AWAY_TEAM,2
503129,SA,2024,9,2024-10-26 13:00:00+00:00,FINISHED,113,SSC Napoli,5890,US Lecce,1,0,0,0,HOME_TEAM,0
497498,PL,2024,9,2024-10-26 14:00:00+00:00,FINISHED,65,Manchester City FC,340,Southampton FC,1,0,1,0,HOME_TEAM,0
497493,PL,2024,9,2024-10-26 14:00:00+00:00,FINISHED,397,Brighton & Hove Albion FC,76,Wolverhampton Wanderers FC,2,2,1,0,DRAW,1
497492,PL,2024,9,2024-10-26 14:00:00+00:00,FINISHED,402,Brentford FC,349,Ipswich Town FC,4,3,2,2,HOME_TEAM,0
497491,PL,2024,9,2024-10-26 14:00:00+00:00,FINISHED,58,Aston Villa FC,1044,AFC Bournemouth,1,1,0,0,DRAW,1
498716,PD,2024,11,2024-10-26 14:15:00+00:00,FINISHED,87,Rayo Vallecano de Madrid,263,Deportivo Alavés,1,0,0,0,HOME_TEAM,0
498721,PD,2024,11,2024-10-26 16:30:00+00:00,FINISHED,275,UD Las Palmas,298,Girona FC,1,0,1,0,HOME_TEAM,0
497496,PL,2024,9,2024-10-26 16:30:00+00:00,FINISHED,62,Everton FC,63,Fulham FC,1,1,0,0,DRAW,1
503123,SA,2024,9,2024-10-26 18:45:00+00:00,FINISHED,102,Atalanta BC,450,Hellas Verona FC,6,1,5,1,HOME_TEAM,0
498718,PD,2024,11,2024-10-26 19:00:00+00:00,FINISHED,86,Real Madrid CF,81,FC Barcelona,0,4,0,0,AWAY_TEAM,2
503130,SA,2024,9,2024-10-27 11:30:00+00:00,FINISHED,112,Parma Calcio 1913,445,Empoli FC,1,1,0,1,DRAW,1
498714,PD,2024,11,2024-10-27 13:00:00+00:00,FINISHED,745,CD Leganés,558,RC Celta de Vigo,3,0,0,0,HOME_TEAM,0
503127,SA,2024,9,2024-10-27 14:00:00+00:00,FINISHED,110,SS Lazio,107,Genoa CFC,3,0,1,0,HOME_TEAM,0
503128,SA,2024,9,2024-10-27 14:00:00+00:00,FINISHED,5911,AC Monza,454,Venezia FC,2,2,2,2,DRAW,1
497499,PL,2024,9,2024-10-27 14:00:00+00:00,FINISHED,563,West Ham United FC,66,Manchester United FC,2,1,0,0,HOME_TEAM,0
497495,PL,2024,9,2024-10-27 14:00:00+00:00,FINISHED,354,Crystal Palace FC,73,Tottenham Hotspur FC,1,0,1,0,HOME_TEAM,0
497494,PL,2024,9,2024-10-27 14:00:00+00:00,FINISHED,61,Chelsea FC,67,Newcastle United FC,2,1,1,1,HOME_TEAM,0
498715,PD,2024,11,2024-10-27 15:15:00+00:00,FINISHED,82,Getafe CF,95,Valencia CF,1,1,0,1,DRAW,1
497490,PL,2024,9,2024-10-27 16:30:00+00:00,FINISHED,57,Arsenal FC,64,Liverpool FC,2,2,2,1,DRAW,1
503126,SA,2024,9,2024-10-27 17:00:00+00:00,FINISHED,108,FC Internazionale Milano,109,Juventus FC,4,4,3,2,DRAW,1
498713,PD,2024,11,2024-10-27 17:30:00+00:00,FINISHED,90,Real Betis Balompié,78,Club Atlético de Madrid,1,0,1,0,HOME_TEAM,0
503125,SA,2024,9,2024-10-27 19:45:00+00:00,FINISHED,99,ACF Fiorentina,100,AS Roma,5,1,3,1,HOME_TEAM,0
498719,PD,2024,11,2024-10-27 20:00:00+00:00,FINISHED,92,Real Sociedad de Fútbol,79,CA Osasuna,0,2,0,2,AWAY_TEAM,2
498717,PD,2024,11,2024-10-28 20:00:00+00:00,FINISHED,89,RCD Mallorca,77,Athletic Club,0,0,0,0,DRAW,1
503134,SA,2024,10,2024-10-29 17:30:00+00:00,FINISHED,104,Cagliari Calcio,103,Bologna FC 1909,0,2,0,1,AWAY_TEAM,2
503139,SA,2024,10,2024-10-29 17:30:00+00:00,FINISHED,5890,US Lecce,450,Hellas Verona FC,1,0,0,0,HOME_TEAM,0
503140,SA,2024,10,2024-10-29 19:45:00+00:00,FINISHED,98,AC Milan,113,SSC Napoli,0,2,0,2,AWAY_TEAM,2
503136,SA,2024,10,2024-10-30 17:30:00+00:00,FINISHED,445,Empoli FC,108,FC Internazionale Milano,0,3,0,0,AWAY_TEAM,2
503142,SA,2024,10,2024-10-30 17:30:00+00:00,FINISHED,454,Venezia FC,115,Udinese Calcio,3,2,1,2,HOME_TEAM,0
503133,SA,2024,10,2024-10-30 19:45:00+00:00,FINISHED,102,Atalanta BC,5911,AC Monza,2,0,0,0,HOME_TEAM,0
503138,SA,2024,10,2024-10-30 19:45:00+00:00,FINISHED,109,Juventus FC,112,Parma Calcio 1913,2,2,1,2,DRAW,1
503137,SA,2024,10,2024-10-31 17:30:00+00:00,FINISHED,107,Genoa CFC,99,ACF Fiorentina,0,1,0,0,AWAY_TEAM,2
503135,SA,2024,10,2024-10-31 19:45:00+00:00,FINISHED,7397,Como 1907,110,SS Lazio,1,5,0,2,AWAY_TEAM,2
503141,SA,2024,10,2024-10-31 19:45:00+00:00,FINISHED,100,AS Roma,586,Torino FC,1,0,1,0,HOME_TEAM,0
498727,PD,2024,12,2024-11-01 20:00:00+00:00,FINISHED,263,Deportivo Alavés,89,RCD Mallorca,1,0,0,0,HOME_TEAM,0
497505,PL,2024,10,2024-11-02 12:30:00+00:00,FINISHED,67,Newcastle United FC,57,Arsenal FC,1,0,1,0,HOME_TEAM,0
498725,PD,2024,12,2024-11-02 13:00:00+00:00,FINISHED,79,CA Osasuna,250,Real Valladolid CF,1,0,1,0,HOME_TEAM,0
503143,SA,2024,11,2024-11-02 14:00:00+00:00,FINISHED,103,Bologna FC 1909,5890,US Lecce,1,0,0,0,HOME_TEAM,0
497502,PL,2024,10,2024-11-02 15:00:00+00:00,FINISHED,349,Ipswich Town FC,338,Leicester City FC,1,1,0,0,DRAW,1
497500,PL,2024,10,2024-11-02 15:00:00+00:00,FINISHED,1044,AFC Bournemouth,65,Manchester City FC,2,1,1,0,HOME_TEAM,0
497507,PL,2024,10,2024-11-02 15:00:00+00:00,FINISHED,340,Southampton FC,62,Everton FC,1,0,0,0,HOME_TEAM,0
497506,PL,2024,10,2024-11-02 15:00:00+00:00,FINISHED,351,Nottingham Forest FC,563,West Ham United FC,3,0,1,0,HOME_TEAM,0
497503,PL,2024,10,2024-11-02 15:00:00+00:00,FINISHED,64,Liverpool FC,397,Brighton & Hove Albion FC,2,1,0,1,HOME_TEAM,0
498728,PD,2024,12,2024-11-02 15:15:00+00:00,FINISHED,298,Girona FC,745,CD Leganés,4,3,2,2,HOME_TEAM,0
503152,SA,2024,11,2024-11-02 17:00:00+00:00,FINISHED,115,Udinese Calcio,109,Juventus FC,0,2,0,2,AWAY_TEAM,2
497509,PL,2024,10,2024-11-02 17:30:00+00:00,FINISHED,76,Wolverhampton Wanderers FC,354,Crystal Palace FC,2,2,0,0,DRAW,1
503148,SA,2024,11,2024-11-02 19:45:00+00:00,FINISHED,5911,AC Monza,98,AC Milan,0,1,0,1,AWAY_TEAM,2
503149,SA,2024,11,2024-11-03 11:30:00+00:00,FINISHED,113,SSC Napoli,102,Atalanta BC,0,3,0,2,AWAY_TEAM,2
498724,PD,2024,12,2024-11-03 13:00:00+00:00,FINISHED,78,Club Atlético de Madrid,275,UD Las Palmas,2,0,1,0,HOME_TEAM,0
503151,SA,2024,11,2024-11-03 14:00:00+00:00,FINISHED,586,Torino FC,99,ACF Fiorentina,0,1,0,1,AWAY_TEAM,2
497508,PL,2024,10,2024-11-03 14:00:00+00:00,FINISHED,73,Tottenham Hotspur FC,58,Aston Villa FC,4,1,0,1,HOME_TEAM,0
498732,PD,2024,12,2024-11-03 15:15:00+00:00,FINISHED,81,FC Barcelona,80,RCD Espanyol de Barcelona,3,1,3,0,HOME_TEAM,0
497504,PL,2024,10,2024-11-03 16:30:00+00:00,FINISHED,66,Manchester United FC,61,Chelsea FC,1,1,0,0,DRAW,1
503145,SA,2024,11,2024-11-03 17:00:00+00:00,FINISHED,450,Hellas Verona FC,100,AS Roma,3,2,2,1,HOME_TEAM,0
498729,PD,2024,12,2024-11-03 17:30:00+00:00,FINISHED,559,Sevilla FC,92,Real Sociedad de Fútbol,0,2,0,1,AWAY_TEAM,2
503146,SA,2024,11,2024-11-03 19:45:00+00:00,FINISHED,108,FC Internazionale Milano,454,Venezia FC,1,0,0,0,HOME_TEAM,0
498723,PD,2024,12,2024-11-03 20:00:00+00:00,FINISHED,77,Athletic Club,90,Real Betis Balompié,1,1,0,0,DRAW,1
503144,SA,2024,11,2024-11-04 17:30:00+00:00,FINISHED,445,Empoli FC,7397,Como 1907,1,0,0,0,HOME_TEAM,0
503150,SA,2024,11,2024-11-04 17:30:00+00:00,FINISHED,112,Parma Calcio 1913,107,Genoa CFC,0,1,0,0,AWAY_TEAM,2
503147,SA,2024,11,2024-11-04 19:45:00+00:00,FINISHED,110,SS Lazio,104,Cagliari Calcio,2,1,1,1,HOME_TEAM,0
497501,PL,2024,10,2024-11-04 20:00:00+00:00,FINISHED,63,Fulham FC,402,Brentford FC,2,1,0,1,HOME_TEAM,0
498726,PD,2024,12,2024-11-04 20:00:00+00:00,FINISHED,558,RC Celta de Vigo,82,Getafe CF,1,0,1,0,HOME_TEAM,0
503156,SA,2024,12,2024-11-07 19:45:00+00:00,FINISHED,107,Genoa CFC,7397,Como 1907,1,1,0,1,DRAW,1
503159,SA,2024,12,2024-11-08 19:45:00+00:00,FINISHED,5890,US Lecce,445,Empoli FC,1,1,0,1,DRAW,1
498737,PD,2024,13,2024-11-08 20:00:00+00:00,FINISHED,87,Rayo Vallecano de Madrid,275,UD Las Palmas,1,3,0,1,AWAY_TEAM,2
498739,PD,2024,13,2024-11-09 13:00:00+00:00,FINISHED,86,Real Madrid CF,79,CA Osasuna,4,0,2,0,HOME_TEAM,0
503162,SA,2024,12,2024-11-09 14:00:00+00:00,FINISHED,454,Venezia FC,112,Parma Calcio 1913,1,2,1,1,AWAY_TEAM,2
497513,PL,2024,11,2024-11-09 15:00:00+00:00,FINISHED,354,Crystal Palace FC,63,Fulham FC,0,2,0,1,AWAY_TEAM,2
497518,PL,2024,11,2024-11-09 15:00:00+00:00,FINISHED,563,West Ham United FC,62,Everton FC,0,0,0,0,DRAW,1
497519,PL,2024,11,2024-11-09 15:00:00+00:00,FINISHED,76,Wolverhampton Wanderers FC,340,Southampton FC,2,0,1,0,HOME_TEAM,0
497510,PL,2024,11,2024-11-09 15:00:00+00:00,FINISHED,402,Brentford FC,1044,AFC Bournemouth,3,2,1,1,HOME_TEAM,0
498736,PD,2024,13,2024-11-09 15:15:00+00:00,FINISHED,94,Villarreal CF,263,Deportivo Alavés,3,0,1,0,HOME_TEAM,0
503154,SA,2024,12,2024-11-09 17:00:00+00:00,FINISHED,104,Cagliari Calcio,98,AC Milan,3,3,1,2,DRAW,1
497511,PL,2024,11,2024-11-09 17:30:00+00:00,FINISHED,397,Brighton & Hove Albion FC,65,Manchester City FC,2,1,0,1,HOME_TEAM,0
503158,SA,2024,12,2024-11-09 19:45:00+00:00,FINISHED,109,Juventus FC,586,Torino FC,2,0,1,0,HOME_TEAM,0
498734,PD,2024,13,2024-11-09 20:00:00+00:00,FINISHED,745,CD Leganés,559,Sevilla FC,1,0,0,0,HOME_TEAM,0
497514,PL,2024,11,2024-11-09 20:00:00+00:00,FINISHED,64,Liverpool FC,58,Aston Villa FC,2,0,1,0,HOME_TEAM,0
503153,SA,2024,12,2024-11-10 11:30:00+00:00,FINISHED,102,Atalanta BC,115,Udinese Calcio,2,1,0,1,HOME_TEAM,0
498733,PD,2024,13,2024-11-10 13:00:00+00:00,FINISHED,90,Real Betis Balompié,558,RC Celta de Vigo,2,2,1,1,DRAW,1
497517,PL,2024,11,2024-11-10 14:00:00+00:00,FINISHED,73,Tottenham Hotspur FC,349,Ipswich Town FC,1,2,0,2,AWAY_TEAM,2
503155,SA,2024,12,2024-11-10 14:00:00+00:00,FINISHED,99,ACF Fiorentina,450,Hellas Verona FC,3,1,1,1,HOME_TEAM,0
497515,PL,2024,11,2024-11-10 14:00:00+00:00,FINISHED,66,Manchester United FC,338,Leicester City FC,3,0,2,0,HOME_TEAM,0
503161,SA,2024,12,2024-11-10 14:00:00+00:00,FINISHED,100,AS Roma,103,Bologna FC 1909,2,3,0,1,AWAY_TEAM,2
497516,PL,2024,11,2024-11-10 14:00:00+00:00,FINISHED,351,Nottingham Forest FC,67,Newcastle United FC,1,3,1,0,AWAY_TEAM,2
498738,PD,2024,13,2024-11-10 15:15:00+00:00,FINISHED,89,RCD Mallorca,78,Club Atlético de Madrid,0,1,0,0,AWAY_TEAM,2
497512,PL,2024,11,2024-11-10 16:30:00+00:00,FINISHED,61,Chelsea FC,57,Arsenal FC,1,1,0,0,DRAW,1
503160,SA,2024,12,2024-11-10 17:00:00+00:00,FINISHED,5911,AC Monza,110,SS Lazio,0,1,0,1,AWAY_TEAM,2
498741,PD,2024,13,2024-11-10 17:30:00+00:00,FINISHED,250,Real Valladolid CF,77,Athletic Club,1,1,0,0,DRAW,1
498735,PD,2024,13,2024-11-10 17:30:00+00:00,FINISHED,82,Getafe CF,298,Girona FC,0,1,0,1,AWAY_TEAM,2
503157,SA,2024,12,2024-11-10 19:45:00+00:00,FINISHED,108,FC Internazionale Milano,113,SSC Napoli,1,1,1,1,DRAW,1
498740,PD,2024,13,2024-11-10 20:00:00+00:00,FINISHED,92,Real Sociedad de Fútbol,81,FC Barcelona,1,0,1,0,HOME_TEAM,0
498748,PD,2024,14,2024-11-22 20:00:00+00:00,FINISHED,82,Getafe CF,250,Real Valladolid CF,2,0,0,0,HOME_TEAM,0
497526,PL,2024,12,2024-11-23 12:30:00+00:00,FINISHED,338,Leicester City FC,61,Chelsea FC,1,2,0,1,AWAY_TEAM,2
498750,PD,2024,14,2024-11-23 13:00:00+00:00,FINISHED,95,Valencia CF,90,Real Betis Balompié,4,2,1,1,HOME_TEAM,0
503166,SA,2024,13,2024-11-23 14:00:00+00:00,FINISHED,450,Hellas Verona FC,108,FC Internazionale Milano,0,5,0,5,AWAY_TEAM,2
497520,PL,2024,12,2024-11-23 15:00:00+00:00,FINISHED,1044,AFC Bournemouth,397,Brighton & Hove Albion FC,1,2,0,1,AWAY_TEAM,2
497522,PL,2024,12,2024-11-23 15:00:00+00:00,FINISHED,58,Aston Villa FC,354,Crystal Palace FC,2,2,1,2,DRAW,1
497523,PL,2024,12,2024-11-23 15:00:00+00:00,FINISHED,62,Everton FC,402,Brentford FC,0,0,0,0,DRAW,1
497524,PL,2024,12,2024-11-23 15:00:00+00:00,FINISHED,63,Fulham FC,76,Wolverhampton Wanderers FC,1,4,1,1,AWAY_TEAM,2
497521,PL,2024,12,2024-11-23 15:00:00+00:00,FINISHED,57,Arsenal FC,351,Nottingham Forest FC,3,0,1,0,HOME_TEAM,0
498744,PD,2024,14,2024-11-23 15:15:00+00:00,FINISHED,78,Club Atlético de Madrid,263,Deportivo Alavés,2,1,0,1,HOME_TEAM,0
503168,SA,2024,13,2024-11-23 17:00:00+00:00,FINISHED,98,AC Milan,109,Juventus FC,0,0,0,0,DRAW,1
497527,PL,2024,12,2024-11-23 17:30:00+00:00,FINISHED,65,Manchester City FC,73,Tottenham Hotspur FC,0,4,0,2,AWAY_TEAM,2
498752,PD,2024,14,2024-11-23 17:30:00+00:00,FINISHED,298,Girona FC,80,RCD Espanyol de Barcelona,4,1,4,0,HOME_TEAM,0
498751,PD,2024,14,2024-11-23 17:30:00+00:00,FINISHED,275,UD Las Palmas,89,RCD Mallorca,2,3,0,0,AWAY_TEAM,2
503170,SA,2024,13,2024-11-23 19:45:00+00:00,FINISHED,112,Parma Calcio 1913,102,Atalanta BC,1,3,0,2,AWAY_TEAM,2
498747,PD,2024,14,2024-11-23 20:00:00+00:00,FINISHED,558,RC Celta de Vigo,81,FC Barcelona,2,2,0,1,DRAW,1
503165,SA,2024,13,2024-11-24 11:30:00+00:00,FINISHED,107,Genoa CFC,104,Cagliari Calcio,2,2,1,1,DRAW,1
498745,PD,2024,14,2024-11-24 13:00:00+00:00,FINISHED,79,CA Osasuna,94,Villarreal CF,2,2,2,0,DRAW,1
503171,SA,2024,13,2024-11-24 14:00:00+00:00,FINISHED,586,Torino FC,5911,AC Monza,1,1,0,0,DRAW,1
497529,PL,2024,12,2024-11-24 14:00:00+00:00,FINISHED,340,Southampton FC,64,Liverpool FC,2,3,1,1,AWAY_TEAM,2
503163,SA,2024,13,2024-11-24 14:00:00+00:00,FINISHED,7397,Como 1907,99,ACF Fiorentina,0,2,0,1,AWAY_TEAM,2
498749,PD,2024,14,2024-11-24 15:15:00+00:00,FINISHED,559,Sevilla FC,87,Rayo Vallecano de Madrid,1,0,1,0,HOME_TEAM,0
497525,PL,2024,12,2024-11-24 16:30:00+00:00,FINISHED,349,Ipswich Town FC,66,Manchester United FC,1,1,1,1,DRAW,1
503169,SA,2024,13,2024-11-24 17:00:00+00:00,FINISHED,113,SSC Napoli,100,AS Roma,1,0,0,0,HOME_TEAM,0
498746,PD,2024,14,2024-11-24 17:30:00+00:00,FINISHED,745,CD Leganés,86,Real Madrid CF,0,3,0,1,AWAY_TEAM,2
503167,SA,2024,13,2024-11-24 19:45:00+00:00,FINISHED,110,SS Lazio,103,Bologna FC 1909,3,0,0,0,HOME_TEAM,0
498743,PD,2024,14,2024-11-24 20:00:00+00:00,FINISHED,77,Athletic Club,92,Real Sociedad de Fútbol,1,0,1,0,HOME_TEAM,0
503164,SA,2024,13,2024-11-25 17:30:00+00:00,FINISHED,445,Empoli FC,115,Udinese Calcio,1,1,1,0,DRAW,1
503172,SA,2024,13,2024-11-25 19:45:00+00:00,FINISHED,454,Venezia FC,5890,US Lecce,0,1,0,0,AWAY_TEAM,2
497528,PL,2024,12,2024-11-25 20:00:00+00:00,FINISHED,67,Newcastle United FC,563,West Ham United FC,0,2,0,1,AWAY_TEAM,2
503174,SA,2024,14,2024-11-29 19:45:00+00:00,FINISHED,104,Cagliari Calcio,450,Hellas Verona FC,1,0,0,0,HOME_TEAM,0
498758,PD,2024,15,2024-11-29 20:00:00+00:00,FINISHED,89,RCD Mallorca,95,Valencia CF,2,1,1,1,HOME_TEAM,0
497531,PL,2024,13,2024-11-29 20:00:00+00:00,FINISHED,397,Brighton & Hove Albion FC,340,Southampton FC,1,1,1,0,DRAW,1
498754,PD,2024,15,2024-11-30 13:00:00+00:00,FINISHED,81,FC Barcelona,275,UD Las Palmas,1,2,0,0,AWAY_TEAM,2
503175,SA,2024,14,2024-11-30 14:00:00+00:00,FINISHED,7397,Como 1907,5911,AC Monza,1,1,1,0,DRAW,1
497530,PL,2024,13,2024-11-30 15:00:00+00:00,FINISHED,402,Brentford FC,338,Leicester City FC,4,1,3,1,HOME_TEAM,0
497533,PL,2024,13,2024-11-30 15:00:00+00:00,FINISHED,354,Crystal Palace FC,67,Newcastle United FC,1,1,0,0,DRAW,1
497536,PL,2024,13,2024-11-30 15:00:00+00:00,FINISHED,351,Nottingham Forest FC,349,Ipswich Town FC,1,0,0,0,HOME_TEAM,0
497539,PL,2024,13,2024-11-30 15:00:00+00:00,FINISHED,76,Wolverhampton Wanderers FC,1044,AFC Bournemouth,2,4,1,3,AWAY_TEAM,2
498753,PD,2024,15,2024-11-30 15:15:00+00:00,FINISHED,263,Deportivo Alavés,745,CD Leganés,1,1,0,0,DRAW,1
503178,SA,2024,14,2024-11-30 17:00:00+00:00,FINISHED,98,AC Milan,445,Empoli FC,3,0,2,0,HOME_TEAM,0
498762,PD,2024,15,2024-11-30 17:30:00+00:00,FINISHED,80,RCD Espanyol de Barcelona,558,RC Celta de Vigo,3,1,1,0,HOME_TEAM,0
497538,PL,2024,13,2024-11-30 17:30:00+00:00,FINISHED,563,West Ham United FC,57,Arsenal FC,2,5,2,5,AWAY_TEAM,2
503173,SA,2024,14,2024-11-30 19:45:00+00:00,FINISHED,103,Bologna FC 1909,454,Venezia FC,3,0,1,0,HOME_TEAM,0
498761,PD,2024,15,2024-11-30 20:00:00+00:00,FINISHED,250,Real Valladolid CF,78,Club Atlético de Madrid,0,5,0,3,AWAY_TEAM,2
503182,SA,2024,14,2024-12-01 11:30:00+00:00,FINISHED,115,Udinese Calcio,107,Genoa CFC,0,2,0,1,AWAY_TEAM,2
498756,PD,2024,15,2024-12-01 13:00:00+00:00,FINISHED,94,Villarreal CF,298,Girona FC,2,2,1,0,DRAW,1
497532,PL,2024,13,2024-12-01 13:30:00+00:00,FINISHED,61,Chelsea FC,58,Aston Villa FC,3,0,2,0,HOME_TEAM,0
497537,PL,2024,13,2024-12-01 13:30:00+00:00,FINISHED,73,Tottenham Hotspur FC,63,Fulham FC,1,1,0,0,DRAW,1
497535,PL,2024,13,2024-12-01 13:30:00+00:00,FINISHED,66,Manchester United FC,62,Everton FC,4,0,2,0,HOME_TEAM,0
503179,SA,2024,14,2024-12-01 14:00:00+00:00,FINISHED,112,Parma Calcio 1913,110,SS Lazio,3,1,1,0,HOME_TEAM,0
503181,SA,2024,14,2024-12-01 14:00:00+00:00,FINISHED,586,Torino FC,113,SSC Napoli,0,1,0,1,AWAY_TEAM,2
498759,PD,2024,15,2024-12-01 15:15:00+00:00,FINISHED,86,Real Madrid CF,82,Getafe CF,2,0,2,0,HOME_TEAM,0
497534,PL,2024,13,2024-12-01 16:00:00+00:00,FINISHED,64,Liverpool FC,65,Manchester City FC,2,0,1,0,HOME_TEAM,0
498757,PD,2024,15,2024-12-01 17:30:00+00:00,FINISHED,87,Rayo Vallecano de Madrid,77,Athletic Club,1,2,1,0,AWAY_TEAM,2
503177,SA,2024,14,2024-12-01 19:45:00+00:00,FINISHED,5890,US Lecce,109,Juventus FC,1,1,0,0,DRAW,1
498760,PD,2024,15,2024-12-01 20:00:00+00:00,FINISHED,92,Real Sociedad de Fútbol,90,Real Betis Balompié,2,0,2,0,HOME_TEAM,0
503180,SA,2024,14,2024-12-02 19:45:00+00:00,FINISHED,100,AS Roma,102,Atalanta BC,0,2,0,0,AWAY_TEAM,2
498755,PD,2024,15,2024-12-02 20:00:00+00:00,FINISHED,559,Sevilla FC,79,CA Osasuna,1,1,0,0,DRAW,1
498798,PD,2024,19,2024-12-03 18:00:00+00:00,FINISHED,89,RCD Mallorca,81,FC Barcelona,1,5,1,1,AWAY_TEAM,2
497545,PL,2024,14,2024-12-03 19:30:00+00:00,FINISHED,349,Ipswich Town FC,354,Crystal Palace FC,0,1,0,0,AWAY_TEAM,2
497546,PL,2024,14,2024-12-03 20:15:00+00:00,FINISHED,338,Leicester City FC,563,West Ham United FC,3,1,1,0,HOME_TEAM,0
497548,PL,2024,14,2024-12-04 19:30:00+00:00,FINISHED,67,Newcastle United FC,64,Liverpool FC,3,3,1,0,DRAW,1
497549,PL,2024,14,2024-12-04 19:30:00+00:00,FINISHED,340,Southampton FC,61,Chelsea FC,1,5,1,3,AWAY_TEAM,2
497547,PL,2024,14,2024-12-04 19:30:00+00:00,FINISHED,65,Manchester City FC,351,Nottingham Forest FC,3,0,2,0,HOME_TEAM,0
497543,PL,2024,14,2024-12-04 19:30:00+00:00,FINISHED,62,Everton FC,76,Wolverhampton Wanderers FC,4,0,2,0,HOME_TEAM,0
498793,PD,2024,19,2024-12-04 20:00:00+00:00,FINISHED,77,Athletic Club,86,Real Madrid CF,2,1,0,0,HOME_TEAM,0
497541,PL,2024,14,2024-12-04 20:15:00+00:00,FINISHED,57,Arsenal FC,66,Manchester United FC,2,0,0,0,HOME_TEAM,0
497542,PL,2024,14,2024-12-04 20:15:00+00:00,FINISHED,58,Aston Villa FC,402,Brentford FC,3,1,3,0,HOME_TEAM,0
497544,PL,2024,14,2024-12-05 19:30:00+00:00,FINISHED,63,Fulham FC,397,Brighton & Hove Albion FC,3,1,1,0,HOME_TEAM,0
497540,PL,2024,14,2024-12-05 20:15:00+00:00,FINISHED,1044,AFC Bournemouth,73,Tottenham Hotspur FC,1,0,1,0,HOME_TEAM,0
503187,SA,2024,15,2024-12-06 17:30:00+00:00,FINISHED,108,FC Internazionale Milano,112,Parma Calcio 1913,3,1,1,0,HOME_TEAM,0
503183,SA,2024,15,2024-12-06 19:45:00+00:00,FINISHED,102,Atalanta BC,98,AC Milan,2,1,1,1,HOME_TEAM,0
498768,PD,2024,16,2024-12-06 20:00:00+00:00,FINISHED,558,RC Celta de Vigo,89,RCD Mallorca,2,0,1,0,HOME_TEAM,0
498771,PD,2024,16,2024-12-07 13:00:00+00:00,FINISHED,275,UD Las Palmas,250,Real Valladolid CF,2,1,1,1,HOME_TEAM,0
503185,SA,2024,15,2024-12-07 14:00:00+00:00,FINISHED,107,Genoa CFC,586,Torino FC,0,0,0,0,DRAW,1
497550,PL,2024,15,2024-12-07 15:00:00+00:00,FINISHED,58,Aston Villa FC,340,Southampton FC,1,0,1,0,HOME_TEAM,0
497552,PL,2024,15,2024-12-07 15:00:00+00:00,FINISHED,354,Crystal Palace FC,65,Manchester City FC,2,2,1,1,DRAW,1
497551,PL,2024,15,2024-12-07 15:00:00+00:00,FINISHED,402,Brentford FC,67,Newcastle United FC,4,2,2,2,HOME_TEAM,0
498765,PD,2024,16,2024-12-07 15:15:00+00:00,FINISHED,90,Real Betis Balompié,81,FC Barcelona,2,2,0,1,DRAW,1
503188,SA,2024,15,2024-12-07 17:00:00+00:00,FINISHED,109,Juventus FC,103,Bologna FC 1909,2,2,0,1,DRAW,1
498770,PD,2024,16,2024-12-07 17:30:00+00:00,FINISHED,95,Valencia CF,87,Rayo Vallecano de Madrid,0,1,0,1,AWAY_TEAM,2
497557,PL,2024,15,2024-12-07 17:30:00+00:00,FINISHED,66,Manchester United FC,351,Nottingham Forest FC,2,3,1,1,AWAY_TEAM,2
503191,SA,2024,15,2024-12-07 19:45:00+00:00,FINISHED,100,AS Roma,5890,US Lecce,4,1,1,1,HOME_TEAM,0
498769,PD,2024,16,2024-12-07 20:00:00+00:00,FINISHED,298,Girona FC,86,Real Madrid CF,0,3,0,1,AWAY_TEAM,2
503184,SA,2024,15,2024-12-08 11:30:00+00:00,FINISHED,99,ACF Fiorentina,104,Cagliari Calcio,1,0,1,0,HOME_TEAM,0
498767,PD,2024,16,2024-12-08 13:00:00+00:00,FINISHED,745,CD Leganés,92,Real Sociedad de Fútbol,0,3,0,1,AWAY_TEAM,2
497556,PL,2024,15,2024-12-08 14:00:00+00:00,FINISHED,338,Leicester City FC,397,Brighton & Hove Albion FC,2,2,0,1,DRAW,1
497554,PL,2024,15,2024-12-08 14:00:00+00:00,FINISHED,63,Fulham FC,57,Arsenal FC,1,1,1,0,DRAW,1
497555,PL,2024,15,2024-12-08 14:00:00+00:00,FINISHED,349,Ipswich Town FC,1044,AFC Bournemouth,1,2,1,0,AWAY_TEAM,2
503186,SA,2024,15,2024-12-08 14:00:00+00:00,FINISHED,450,Hellas Verona FC,445,Empoli FC,1,4,1,4,AWAY_TEAM,2
498763,PD,2024,16,2024-12-08 15:15:00+00:00,FINISHED,77,Athletic Club,94,Villarreal CF,2,0,1,0,HOME_TEAM,0
497558,PL,2024,15,2024-12-08 16:30:00+00:00,FINISHED,73,Tottenham Hotspur FC,61,Chelsea FC,3,4,2,1,AWAY_TEAM,2
503192,SA,2024,15,2024-12-08 17:00:00+00:00,FINISHED,454,Venezia FC,7397,Como 1907,2,2,1,0,DRAW,1
498766,PD,2024,16,2024-12-08 17:30:00+00:00,FINISHED,79,CA Osasuna,263,Deportivo Alavés,2,2,0,1,DRAW,1
503190,SA,2024,15,2024-12-08 19:45:00+00:00,FINISHED,113,SSC Napoli,110,SS Lazio,0,1,0,0,AWAY_TEAM,2
498764,PD,2024,16,2024-12-08 20:00:00+00:00,FINISHED,78,Club Atlético de Madrid,559,Sevilla FC,4,3,1,2,HOME_TEAM,0
503189,SA,2024,15,2024-12-09 19:45:00+00:00,FINISHED,5911,AC Monza,115,Udinese Calcio,1,2,0,1,AWAY_TEAM,2
498772,PD,2024,16,2024-12-09 20:00:00+00:00,FINISHED,82,Getafe CF,80,RCD Espanyol de Barcelona,1,0,1,0,HOME_TEAM,0
497559,PL,2024,15,2024-12-09 20:00:00+00:00,FINISHED,563,West Ham United FC,76,Wolverhampton Wanderers FC,2,1,0,0,HOME_TEAM,0
503196,SA,2024,16,2024-12-13 19:45:00+00:00,FINISHED,445,Empoli FC,586,Torino FC,0,1,0,0,AWAY_TEAM,2
498781,PD,2024,17,2024-12-13 20:00:00+00:00,FINISHED,250,Real Valladolid CF,95,Valencia CF,1,0,1,0,HOME_TEAM,0
498782,PD,2024,17,2024-12-14 13:00:00+00:00,FINISHED,80,RCD Espanyol de Barcelona,79,CA Osasuna,0,0,0,0,DRAW,1
503194,SA,2024,16,2024-12-14 14:00:00+00:00,FINISHED,104,Cagliari Calcio,102,Atalanta BC,0,1,0,0,AWAY_TEAM,2
497561,PL,2024,16,2024-12-14 15:00:00+00:00,FINISHED,57,Arsenal FC,62,Everton FC,0,0,0,0,DRAW,1
497564,PL,2024,16,2024-12-14 15:00:00+00:00,FINISHED,64,Liverpool FC,63,Fulham FC,2,2,0,1,DRAW,1
497566,PL,2024,16,2024-12-14 15:00:00+00:00,FINISHED,67,Newcastle United FC,338,Leicester City FC,4,0,1,0,HOME_TEAM,0
497569,PL,2024,16,2024-12-14 15:00:00+00:00,FINISHED,76,Wolverhampton Wanderers FC,349,Ipswich Town FC,1,2,0,1,AWAY_TEAM,2
498779,PD,2024,17,2024-12-14 15:15:00+00:00,FINISHED,89,RCD Mallorca,298,Girona FC,2,1,1,1,HOME_TEAM,0
503202,SA,2024,16,2024-12-14 17:00:00+00:00,FINISHED,115,Udinese Calcio,113,SSC Napoli,1,3,1,0,AWAY_TEAM,2
497567,PL,2024,16,2024-12-14 17:30:00+00:00,FINISHED,351,Nottingham Forest FC,58,Aston Villa FC,2,1,0,0,HOME_TEAM,0
498776,PD,2024,17,2024-12-14 17:30:00+00:00,FINISHED,559,Sevilla FC,558,RC Celta de Vigo,1,0,0,0,HOME_TEAM,0
503197,SA,2024,16,2024-12-14 19:45:00+00:00,FINISHED,109,Juventus FC,454,Venezia FC,2,2,1,0,DRAW,1
498778,PD,2024,17,2024-12-14 20:00:00+00:00,FINISHED,87,Rayo Vallecano de Madrid,86,Real Madrid CF,3,3,2,2,DRAW,1
503199,SA,2024,16,2024-12-15 11:30:00+00:00,FINISHED,5890,US Lecce,5911,AC Monza,2,1,2,1,HOME_TEAM,0
498773,PD,2024,17,2024-12-15 13:00:00+00:00,FINISHED,78,Club Atlético de Madrid,82,Getafe CF,1,0,0,0,HOME_TEAM,0
503193,SA,2024,16,2024-12-15 14:00:00+00:00,FINISHED,103,Bologna FC 1909,99,ACF Fiorentina,1,0,0,0,HOME_TEAM,0
503201,SA,2024,16,2024-12-15 14:00:00+00:00,FINISHED,112,Parma Calcio 1913,450,Hellas Verona FC,2,3,1,1,AWAY_TEAM,2
497562,PL,2024,16,2024-12-15 14:00:00+00:00,FINISHED,397,Brighton & Hove Albion FC,354,Crystal Palace FC,1,3,0,2,AWAY_TEAM,2
498774,PD,2024,17,2024-12-15 15:15:00+00:00,FINISHED,263,Deportivo Alavés,77,Athletic Club,1,1,0,1,DRAW,1
497565,PL,2024,16,2024-12-15 16:30:00+00:00,FINISHED,65,Manchester City FC,66,Manchester United FC,1,2,1,0,AWAY_TEAM,2
503195,SA,2024,16,2024-12-15 17:00:00+00:00,FINISHED,7397,Como 1907,100,AS Roma,2,0,0,0,HOME_TEAM,0
498777,PD,2024,17,2024-12-15 17:30:00+00:00,FINISHED,94,Villarreal CF,90,Real Betis Balompié,1,2,0,1,AWAY_TEAM,2
498780,PD,2024,17,2024-12-15 17:30:00+00:00,FINISHED,92,Real Sociedad de Fútbol,275,UD Las Palmas,0,0,0,0,DRAW,1
497563,PL,2024,16,2024-12-15 19:00:00+00:00,FINISHED,61,Chelsea FC,402,Brentford FC,2,1,1,0,HOME_TEAM,0
497568,PL,2024,16,2024-12-15 19:00:00+00:00,FINISHED,340,Southampton FC,73,Tottenham Hotspur FC,0,5,0,5,AWAY_TEAM,2
503200,SA,2024,16,2024-12-15 19:45:00+00:00,FINISHED,98,AC Milan,107,Genoa CFC,0,0,0,0,DRAW,1
498775,PD,2024,17,2024-12-15 20:00:00+00:00,FINISHED,81,FC Barcelona,745,CD Leganés,0,1,0,1,AWAY_TEAM,2
503198,SA,2024,16,2024-12-16 19:45:00+00:00,FINISHED,110,SS Lazio,108,FC Internazionale Milano,0,6,0,2,AWAY_TEAM,2
497560,PL,2024,16,2024-12-16 20:00:00+00:00,FINISHED,1044,AFC Bournemouth,563,West Ham United FC,1,1,0,0,DRAW,1
498731,PD,2024,12,2024-12-18 20:30:00+00:00,FINISHED,94,Villarreal CF,87,Rayo Vallecano de Madrid,1,1,1,1,DRAW,1
498742,PD,2024,13,2024-12-18 20:30:00+00:00,FINISHED,80,RCD Espanyol de Barcelona,95,Valencia CF,1,1,1,0,DRAW,1
503206,SA,2024,17,2024-12-20 19:45:00+00:00,FINISHED,450,Hellas Verona FC,98,AC Milan,0,1,0,0,AWAY_TEAM,2
498789,PD,2024,18,2024-12-20 20:00:00+00:00,FINISHED,298,Girona FC,250,Real Valladolid CF,3,0,2,0,HOME_TEAM,0
497570,PL,2024,17,2024-12-21 12:30:00+00:00,FINISHED,58,Aston Villa FC,65,Manchester City FC,2,1,1,0,HOME_TEAM,0
498788,PD,2024,18,2024-12-21 13:00:00+00:00,FINISHED,82,Getafe CF,89,RCD Mallorca,0,1,0,0,AWAY_TEAM,2
503211,SA,2024,17,2024-12-21 14:00:00+00:00,FINISHED,586,Torino FC,103,Bologna FC 1909,0,2,0,0,AWAY_TEAM,2
497575,PL,2024,17,2024-12-21 15:00:00+00:00,FINISHED,349,Ipswich Town FC,67,Newcastle United FC,0,4,0,3,AWAY_TEAM,2
497579,PL,2024,17,2024-12-21 15:00:00+00:00,FINISHED,563,West Ham United FC,397,Brighton & Hove Albion FC,1,1,0,0,DRAW,1
497571,PL,2024,17,2024-12-21 15:00:00+00:00,FINISHED,402,Brentford FC,351,Nottingham Forest FC,0,2,0,1,AWAY_TEAM,2
498786,PD,2024,18,2024-12-21 15:15:00+00:00,FINISHED,558,RC Celta de Vigo,92,Real Sociedad de Fútbol,2,0,2,0,HOME_TEAM,0
503205,SA,2024,17,2024-12-21 17:00:00+00:00,FINISHED,107,Genoa CFC,113,SSC Napoli,1,2,0,2,AWAY_TEAM,2
498784,PD,2024,18,2024-12-21 17:30:00+00:00,FINISHED,79,CA Osasuna,77,Athletic Club,1,2,1,1,AWAY_TEAM,2
497572,PL,2024,17,2024-12-21 17:30:00+00:00,FINISHED,354,Crystal Palace FC,57,Arsenal FC,1,5,1,3,AWAY_TEAM,2
503208,SA,2024,17,2024-12-21 19:45:00+00:00,FINISHED,5890,US Lecce,110,SS Lazio,1,2,0,1,AWAY_TEAM,2
498787,PD,2024,18,2024-12-21 20:00:00+00:00,FINISHED,81,FC Barcelona,78,Club Atlético de Madrid,1,2,1,0,AWAY_TEAM,2
503210,SA,2024,17,2024-12-22 11:30:00+00:00,FINISHED,100,AS Roma,112,Parma Calcio 1913,5,0,2,0,HOME_TEAM,0
498790,PD,2024,18,2024-12-22 13:00:00+00:00,FINISHED,95,Valencia CF,263,Deportivo Alavés,2,2,0,1,DRAW,1
503212,SA,2024,17,2024-12-22 14:00:00+00:00,FINISHED,454,Venezia FC,104,Cagliari Calcio,2,1,1,0,HOME_TEAM,0
497577,PL,2024,17,2024-12-22 14:00:00+00:00,FINISHED,66,Manchester United FC,1044,AFC Bournemouth,0,3,0,1,AWAY_TEAM,2
497573,PL,2024,17,2024-12-22 14:00:00+00:00,FINISHED,62,Everton FC,61,Chelsea FC,0,0,0,0,DRAW,1
497574,PL,2024,17,2024-12-22 14:00:00+00:00,FINISHED,63,Fulham FC,340,Southampton FC,0,0,0,0,DRAW,1
497576,PL,2024,17,2024-12-22 14:00:00+00:00,FINISHED,338,Leicester City FC,76,Wolverhampton Wanderers FC,0,3,0,3,AWAY_TEAM,2
498791,PD,2024,18,2024-12-22 15:15:00+00:00,FINISHED,86,Real Madrid CF,559,Sevilla FC,4,2,3,1,HOME_TEAM,0
497578,PL,2024,17,2024-12-22 16:30:00+00:00,FINISHED,73,Tottenham Hotspur FC,64,Liverpool FC,3,6,1,3,AWAY_TEAM,2
503203,SA,2024,17,2024-12-22 17:00:00+00:00,FINISHED,102,Atalanta BC,445,Empoli FC,3,2,2,1,HOME_TEAM,0
498792,PD,2024,18,2024-12-22 17:30:00+00:00,FINISHED,275,UD Las Palmas,80,RCD Espanyol de Barcelona,1,0,0,0,HOME_TEAM,0
498785,PD,2024,18,2024-12-22 17:30:00+00:00,FINISHED,745,CD Leganés,94,Villarreal CF,2,5,2,2,AWAY_TEAM,2
503209,SA,2024,17,2024-12-22 19:45:00+00:00,FINISHED,5911,AC Monza,109,Juventus FC,1,2,1,2,AWAY_TEAM,2
498783,PD,2024,18,2024-12-22 20:00:00+00:00,FINISHED,90,Real Betis Balompié,87,Rayo Vallecano de Madrid,1,1,1,0,DRAW,1
503204,SA,2024,17,2024-12-23 17:30:00+00:00,FINISHED,99,ACF Fiorentina,115,Udinese Calcio,1,2,1,0,AWAY_TEAM,2
503207,SA,2024,17,2024-12-23 19:45:00+00:00,FINISHED,108,FC Internazionale Milano,7397,Como 1907,2,0,0,0,HOME_TEAM,0
497585,PL,2024,18,2024-12-26 12:30:00+00:00,FINISHED,65,Manchester City FC,62,Everton FC,1,1,1,1,DRAW,1
497580,PL,2024,18,2024-12-26 15:00:00+00:00,FINISHED,1044,AFC Bournemouth,354,Crystal Palace FC,0,0,0,0,DRAW,1
497583,PL,2024,18,2024-12-26 15:00:00+00:00,FINISHED,61,Chelsea FC,63,Fulham FC,1,2,1,0,AWAY_TEAM,2
497587,PL,2024,18,2024-12-26 15:00:00+00:00,FINISHED,351,Nottingham Forest FC,73,Tottenham Hotspur FC,1,0,1,0,HOME_TEAM,0
497588,PL,2024,18,2024-12-26 15:00:00+00:00,FINISHED,340,Southampton FC,563,West Ham United FC,0,1,0,0,AWAY_TEAM,2
497586,PL,2024,18,2024-12-26 15:00:00+00:00,FINISHED,67,Newcastle United FC,58,Aston Villa FC,3,0,1,0,HOME_TEAM,0
497589,PL,2024,18,2024-12-26 17:30:00+00:00,FINISHED,76,Wolverhampton Wanderers FC,66,Manchester United FC,2,0,0,0,HOME_TEAM,0
497584,PL,2024,18,2024-12-26 20:00:00+00:00,FINISHED,64,Liverpool FC,338,Leicester City FC,3,1,1,1,HOME_TEAM,0
497582,PL,2024,18,2024-12-27 19:30:00+00:00,FINISHED,397,Brighton & Hove Albion FC,402,Brentford FC,0,0,0,0,DRAW,1
497581,PL,2024,18,2024-12-27 20:15:00+00:00,FINISHED,57,Arsenal FC,349,Ipswich Town FC,1,0,1,0,HOME_TEAM,0
503216,SA,2024,18,2024-12-28 14:00:00+00:00,FINISHED,445,Empoli FC,107,Genoa CFC,1,2,0,0,AWAY_TEAM,2
503221,SA,2024,18,2024-12-28 14:00:00+00:00,FINISHED,112,Parma Calcio 1913,5911,AC Monza,2,1,0,0,HOME_TEAM,0
503214,SA,2024,18,2024-12-28 17:00:00+00:00,FINISHED,104,Cagliari Calcio,108,FC Internazionale Milano,0,3,0,0,AWAY_TEAM,2
503218,SA,2024,18,2024-12-28 19:45:00+00:00,FINISHED,110,SS Lazio,102,Atalanta BC,1,1,1,0,DRAW,1
503222,SA,2024,18,2024-12-29 11:30:00+00:00,FINISHED,115,Udinese Calcio,586,Torino FC,2,2,1,0,DRAW,1
503220,SA,2024,18,2024-12-29 14:00:00+00:00,FINISHED,113,SSC Napoli,454,Venezia FC,1,0,0,0,HOME_TEAM,0
497596,PL,2024,19,2024-12-29 14:30:00+00:00,FINISHED,338,Leicester City FC,65,Manchester City FC,0,2,0,1,AWAY_TEAM,2
497598,PL,2024,19,2024-12-29 15:00:00+00:00,FINISHED,73,Tottenham Hotspur FC,76,Wolverhampton Wanderers FC,2,2,2,1,DRAW,1
497594,PL,2024,19,2024-12-29 15:00:00+00:00,FINISHED,63,Fulham FC,1044,AFC Bournemouth,2,2,1,0,DRAW,1
497593,PL,2024,19,2024-12-29 15:00:00+00:00,FINISHED,62,Everton FC,351,Nottingham Forest FC,0,2,0,1,AWAY_TEAM,2
497592,PL,2024,19,2024-12-29 15:00:00+00:00,FINISHED,354,Crystal Palace FC,340,Southampton FC,2,1,1,1,HOME_TEAM,0
503217,SA,2024,18,2024-12-29 17:00:00+00:00,FINISHED,109,Juventus FC,99,ACF Fiorentina,2,2,1,1,DRAW,1
497599,PL,2024,19,2024-12-29 17:15:00+00:00,FINISHED,563,West Ham United FC,64,Liverpool FC,0,5,0,3,AWAY_TEAM,2
503219,SA,2024,18,2024-12-29 19:45:00+00:00,FINISHED,98,AC Milan,100,AS Roma,1,1,1,1,DRAW,1
503215,SA,2024,18,2024-12-30 17:30:00+00:00,FINISHED,7397,Como 1907,5890,US Lecce,2,0,0,0,HOME_TEAM,0
503213,SA,2024,18,2024-12-30 19:45:00+00:00,FINISHED,103,Bologna FC 1909,450,Hellas Verona FC,2,3,1,2,AWAY_TEAM,2
497590,PL,2024,19,2024-12-30 19:45:00+00:00,FINISHED,58,Aston Villa FC,397,Brighton & Hove Albion FC,2,2,1,1,DRAW,1
497595,PL,2024,19,2024-12-30 19:45:00+00:00,FINISHED,349,Ipswich Town FC,61,Chelsea FC,2,0,1,0,HOME_TEAM,0
497597,PL,2024,19,2024-12-30 20:00:00+00:00,FINISHED,66,Manchester United FC,67,Newcastle United FC,0,2,0,2,AWAY_TEAM,2
497591,PL,2024,19,2025-01-01 17:30:00+00:00,FINISHED,402,Brentford FC,57,Arsenal FC,1,3,1,1,AWAY_TEAM,2
498730,PD,2024,12,2025-01-03 20:00:00+00:00,FINISHED,95,Valencia CF,86,Real Madrid CF,1,2,1,0,AWAY_TEAM,2
497607,PL,2024,20,2025-01-04 12:30:00+00:00,FINISHED,73,Tottenham Hotspur FC,67,Newcastle United FC,1,2,1,2,AWAY_TEAM,2
503232,SA,2024,19,2025-01-04 14:00:00+00:00,FINISHED,454,Venezia FC,445,Empoli FC,1,1,1,1,DRAW,1
497601,PL,2024,20,2025-01-04 15:00:00+00:00,FINISHED,340,Southampton FC,402,Brentford FC,0,5,0,1,AWAY_TEAM,2
497602,PL,2024,20,2025-01-04 15:00:00+00:00,FINISHED,354,Crystal Palace FC,61,Chelsea FC,1,1,0,1,DRAW,1
497603,PL,2024,20,2025-01-04 15:00:00+00:00,FINISHED,1044,AFC Bournemouth,62,Everton FC,1,0,0,0,HOME_TEAM,0
497605,PL,2024,20,2025-01-04 15:00:00+00:00,FINISHED,58,Aston Villa FC,338,Leicester City FC,2,1,0,0,HOME_TEAM,0
497609,PL,2024,20,2025-01-04 15:00:00+00:00,FINISHED,65,Manchester City FC,563,West Ham United FC,4,1,2,0,HOME_TEAM,0
503225,SA,2024,19,2025-01-04 17:00:00+00:00,FINISHED,99,ACF Fiorentina,113,SSC Napoli,0,3,0,1,AWAY_TEAM,2
497600,PL,2024,20,2025-01-04 17:30:00+00:00,FINISHED,397,Brighton & Hove Albion FC,57,Arsenal FC,1,1,0,1,DRAW,1
503226,SA,2024,19,2025-01-04 19:45:00+00:00,FINISHED,450,Hellas Verona FC,115,Udinese Calcio,0,0,0,0,DRAW,1
503229,SA,2024,19,2025-01-05 11:30:00+00:00,FINISHED,5911,AC Monza,104,Cagliari Calcio,1,2,1,1,AWAY_TEAM,2
503228,SA,2024,19,2025-01-05 14:00:00+00:00,FINISHED,5890,US Lecce,107,Genoa CFC,0,0,0,0,DRAW,1
497604,PL,2024,20,2025-01-05 14:00:00+00:00,FINISHED,63,Fulham FC,349,Ipswich Town FC,2,2,0,1,DRAW,1
497606,PL,2024,20,2025-01-05 16:30:00+00:00,FINISHED,64,Liverpool FC,66,Manchester United FC,2,2,0,0,DRAW,1
503231,SA,2024,19,2025-01-05 17:00:00+00:00,FINISHED,586,Torino FC,112,Parma Calcio 1913,0,0,0,0,DRAW,1
503230,SA,2024,19,2025-01-05 19:45:00+00:00,FINISHED,100,AS Roma,110,SS Lazio,2,0,2,0,HOME_TEAM,0
497608,PL,2024,20,2025-01-06 20:00:00+00:00,FINISHED,76,Wolverhampton Wanderers FC,351,Nottingham Forest FC,0,3,0,2,AWAY_TEAM,2
503236,SA,2024,20,2025-01-10 19:45:00+00:00,FINISHED,110,SS Lazio,7397,Como 1907,1,1,1,0,DRAW,1
498797,PD,2024,19,2025-01-10 20:00:00+00:00,FINISHED,87,Rayo Vallecano de Madrid,558,RC Celta de Vigo,2,1,1,1,HOME_TEAM,0
498795,PD,2024,19,2025-01-11 13:00:00+00:00,FINISHED,263,Deportivo Alavés,298,Girona FC,0,1,0,0,AWAY_TEAM,2
503241,SA,2024,20,2025-01-11 14:00:00+00:00,FINISHED,115,Udinese Calcio,102,Atalanta BC,0,0,0,0,DRAW,1
503234,SA,2024,20,2025-01-11 14:00:00+00:00,FINISHED,445,Empoli FC,5890,US Lecce,1,3,0,2,AWAY_TEAM,2
498800,PD,2024,19,2025-01-11 15:15:00+00:00,FINISHED,250,Real Valladolid CF,90,Real Betis Balompié,1,0,0,0,HOME_TEAM,0
503240,SA,2024,20,2025-01-11 17:00:00+00:00,FINISHED,586,Torino FC,109,Juventus FC,1,1,1,1,DRAW,1
498802,PD,2024,19,2025-01-11 17:30:00+00:00,FINISHED,80,RCD Espanyol de Barcelona,745,CD Leganés,1,1,1,1,DRAW,1
503237,SA,2024,20,2025-01-11 19:45:00+00:00,FINISHED,98,AC Milan,104,Cagliari Calcio,1,1,0,0,DRAW,1
498796,PD,2024,19,2025-01-11 20:00:00+00:00,FINISHED,559,Sevilla FC,95,Valencia CF,1,1,0,0,DRAW,1
503235,SA,2024,20,2025-01-12 11:30:00+00:00,FINISHED,107,Genoa CFC,112,Parma Calcio 1913,1,0,0,0,HOME_TEAM,0
498801,PD,2024,19,2025-01-12 13:00:00+00:00,FINISHED,275,UD Las Palmas,82,Getafe CF,1,2,0,0,AWAY_TEAM,2
503242,SA,2024,20,2025-01-12 14:00:00+00:00,FINISHED,454,Venezia FC,108,FC Internazionale Milano,0,1,0,1,AWAY_TEAM,2
498794,PD,2024,19,2025-01-12 15:15:00+00:00,FINISHED,78,Club Atlético de Madrid,79,CA Osasuna,1,0,0,0,HOME_TEAM,0
503233,SA,2024,20,2025-01-12 17:00:00+00:00,FINISHED,103,Bologna FC 1909,100,AS Roma,2,2,0,0,DRAW,1
503239,SA,2024,20,2025-01-12 19:45:00+00:00,FINISHED,113,SSC Napoli,450,Hellas Verona FC,2,0,1,0,HOME_TEAM,0
503238,SA,2024,20,2025-01-13 19:45:00+00:00,FINISHED,5911,AC Monza,99,ACF Fiorentina,2,1,1,0,HOME_TEAM,0
498799,PD,2024,19,2025-01-13 20:00:00+00:00,FINISHED,92,Real Sociedad de Fútbol,94,Villarreal CF,1,0,0,0,HOME_TEAM,0
503224,SA,2024,19,2025-01-14 17:30:00+00:00,FINISHED,7397,Como 1907,98,AC Milan,1,2,0,0,AWAY_TEAM,2
497613,PL,2024,21,2025-01-14 19:30:00+00:00,FINISHED,563,West Ham United FC,63,Fulham FC,3,2,2,0,HOME_TEAM,0
497615,PL,2024,21,2025-01-14 19:30:00+00:00,FINISHED,402,Brentford FC,65,Manchester City FC,2,2,0,0,DRAW,1
497617,PL,2024,21,2025-01-14 19:30:00+00:00,FINISHED,61,Chelsea FC,1044,AFC Bournemouth,2,2,1,0,DRAW,1
503223,SA,2024,19,2025-01-14 19:45:00+00:00,FINISHED,102,Atalanta BC,109,Juventus FC,1,1,0,0,DRAW,1
497614,PL,2024,21,2025-01-14 20:00:00+00:00,FINISHED,351,Nottingham Forest FC,64,Liverpool FC,1,1,1,0,DRAW,1
497610,PL,2024,21,2025-01-15 19:30:00+00:00,FINISHED,62,Everton FC,58,Aston Villa FC,0,1,0,0,AWAY_TEAM,2
497612,PL,2024,21,2025-01-15 19:30:00+00:00,FINISHED,338,Leicester City FC,354,Crystal Palace FC,0,2,0,0,AWAY_TEAM,2
497619,PL,2024,21,2025-01-15 19:30:00+00:00,FINISHED,67,Newcastle United FC,76,Wolverhampton Wanderers FC,3,0,1,0,HOME_TEAM,0
503227,SA,2024,19,2025-01-15 19:45:00+00:00,FINISHED,108,FC Internazionale Milano,103,Bologna FC 1909,2,2,2,1,DRAW,1
497616,PL,2024,21,2025-01-15 20:00:00+00:00,FINISHED,57,Arsenal FC,73,Tottenham Hotspur FC,2,1,2,1,HOME_TEAM,0
497611,PL,2024,21,2025-01-16 19:30:00+00:00,FINISHED,349,Ipswich Town FC,397,Brighton & Hove Albion FC,0,2,0,0,AWAY_TEAM,2
497618,PL,2024,21,2025-01-16 20:00:00+00:00,FINISHED,66,Manchester United FC,340,Southampton FC,3,1,0,1,HOME_TEAM,0
503252,SA,2024,21,2025-01-17 19:45:00+00:00,FINISHED,100,AS Roma,107,Genoa CFC,3,1,1,1,HOME_TEAM,0
498812,PD,2024,20,2025-01-17 20:00:00+00:00,FINISHED,80,RCD Espanyol de Barcelona,250,Real Valladolid CF,2,1,1,0,HOME_TEAM,0
497620,PL,2024,22,2025-01-18 12:30:00+00:00,FINISHED,67,Newcastle United FC,1044,AFC Bournemouth,1,4,1,2,AWAY_TEAM,2
498808,PD,2024,20,2025-01-18 13:00:00+00:00,FINISHED,298,Girona FC,559,Sevilla FC,1,2,1,0,AWAY_TEAM,2
503244,SA,2024,21,2025-01-18 14:00:00+00:00,FINISHED,103,Bologna FC 1909,5911,AC Monza,3,1,2,1,HOME_TEAM,0
497624,PL,2024,22,2025-01-18 15:00:00+00:00,FINISHED,338,Leicester City FC,63,Fulham FC,0,2,0,0,AWAY_TEAM,2
497623,PL,2024,22,2025-01-18 15:00:00+00:00,FINISHED,563,West Ham United FC,354,Crystal Palace FC,0,2,0,0,AWAY_TEAM,2
497625,PL,2024,22,2025-01-18 15:00:00+00:00,FINISHED,402,Brentford FC,64,Liverpool FC,0,2,0,0,AWAY_TEAM,2
498805,PD,2024,20,2025-01-18 15:15:00+00:00,FINISHED,745,CD Leganés,78,Club Atlético de Madrid,1,0,0,0,HOME_TEAM,0
503250,SA,2024,21,2025-01-18 17:00:00+00:00,FINISHED,109,Juventus FC,98,AC Milan,2,0,0,0,HOME_TEAM,0
497621,PL,2024,22,2025-01-18 17:30:00+00:00,FINISHED,57,Arsenal FC,58,Aston Villa FC,2,2,1,0,DRAW,1
498803,PD,2024,20,2025-01-18 17:30:00+00:00,FINISHED,90,Real Betis Balompié,263,Deportivo Alavés,1,3,1,1,AWAY_TEAM,2
503243,SA,2024,21,2025-01-18 19:45:00+00:00,FINISHED,102,Atalanta BC,113,SSC Napoli,2,3,1,2,AWAY_TEAM,2
498807,PD,2024,20,2025-01-18 20:00:00+00:00,FINISHED,82,Getafe CF,81,FC Barcelona,1,1,1,1,DRAW,1
503247,SA,2024,21,2025-01-19 11:30:00+00:00,FINISHED,99,ACF Fiorentina,586,Torino FC,1,1,1,0,DRAW,1
498806,PD,2024,20,2025-01-19 13:00:00+00:00,FINISHED,558,RC Celta de Vigo,77,Athletic Club,1,2,0,0,AWAY_TEAM,2
497627,PL,2024,22,2025-01-19 14:00:00+00:00,FINISHED,351,Nottingham Forest FC,340,Southampton FC,3,2,3,0,HOME_TEAM,0
497628,PL,2024,22,2025-01-19 14:00:00+00:00,FINISHED,62,Everton FC,73,Tottenham Hotspur FC,3,2,3,0,HOME_TEAM,0
503245,SA,2024,21,2025-01-19 14:00:00+00:00,FINISHED,104,Cagliari Calcio,5890,US Lecce,4,1,0,1,HOME_TEAM,0
503251,SA,2024,21,2025-01-19 14:00:00+00:00,FINISHED,112,Parma Calcio 1913,454,Venezia FC,1,1,0,1,DRAW,1
497622,PL,2024,22,2025-01-19 14:00:00+00:00,FINISHED,66,Manchester United FC,397,Brighton & Hove Albion FC,1,3,1,1,AWAY_TEAM,2
498811,PD,2024,20,2025-01-19 15:15:00+00:00,FINISHED,86,Real Madrid CF,275,UD Las Palmas,4,1,3,1,HOME_TEAM,0
497626,PL,2024,22,2025-01-19 16:30:00+00:00,FINISHED,349,Ipswich Town FC,65,Manchester City FC,0,6,0,3,AWAY_TEAM,2
503248,SA,2024,21,2025-01-19 17:00:00+00:00,FINISHED,450,Hellas Verona FC,110,SS Lazio,0,3,0,2,AWAY_TEAM,2
498804,PD,2024,20,2025-01-19 17:30:00+00:00,FINISHED,79,CA Osasuna,87,Rayo Vallecano de Madrid,1,1,0,1,DRAW,1
503249,SA,2024,21,2025-01-19 19:45:00+00:00,FINISHED,108,FC Internazionale Milano,445,Empoli FC,3,1,0,0,HOME_TEAM,0
498809,PD,2024,20,2025-01-19 20:00:00+00:00,FINISHED,95,Valencia CF,92,Real Sociedad de Fútbol,1,0,1,0,HOME_TEAM,0
503246,SA,2024,21,2025-01-20 19:45:00+00:00,FINISHED,7397,Como 1907,115,Udinese Calcio,4,1,2,0,HOME_TEAM,0
498810,PD,2024,20,2025-01-20 20:00:00+00:00,FINISHED,94,Villarreal CF,89,RCD Mallorca,4,0,4,0,HOME_TEAM,0
497629,PL,2024,22,2025-01-20 20:00:00+00:00,FINISHED,61,Chelsea FC,76,Wolverhampton Wanderers FC,3,1,1,1,HOME_TEAM,0
503260,SA,2024,22,2025-01-24 19:45:00+00:00,FINISHED,586,Torino FC,104,Cagliari Calcio,2,0,1,0,HOME_TEAM,0
498821,PD,2024,21,2025-01-24 20:00:00+00:00,FINISHED,275,UD Las Palmas,79,CA Osasuna,1,1,0,0,DRAW,1
498818,PD,2024,21,2025-01-25 13:00:00+00:00,FINISHED,89,RCD Mallorca,90,Real Betis Balompié,0,1,0,0,AWAY_TEAM,2
503253,SA,2024,22,2025-01-25 14:00:00+00:00,FINISHED,7397,Como 1907,102,Atalanta BC,1,2,1,0,AWAY_TEAM,2
497633,PL,2024,23,2025-01-25 15:00:00+00:00,FINISHED,397,Brighton & Hove Albion FC,62,Everton FC,0,1,0,1,AWAY_TEAM,2
497634,PL,2024,23,2025-01-25 15:00:00+00:00,FINISHED,340,Southampton FC,67,Newcastle United FC,1,3,1,2,AWAY_TEAM,2
497635,PL,2024,23,2025-01-25 15:00:00+00:00,FINISHED,1044,AFC Bournemouth,351,Nottingham Forest FC,5,0,1,0,HOME_TEAM,0
497632,PL,2024,23,2025-01-25 15:00:00+00:00,FINISHED,76,Wolverhampton Wanderers FC,57,Arsenal FC,0,1,0,0,AWAY_TEAM,2
497631,PL,2024,23,2025-01-25 15:00:00+00:00,FINISHED,64,Liverpool FC,349,Ipswich Town FC,4,1,3,0,HOME_TEAM,0
498814,PD,2024,21,2025-01-25 15:15:00+00:00,FINISHED,78,Club Atlético de Madrid,94,Villarreal CF,1,1,0,1,DRAW,1
503259,SA,2024,22,2025-01-25 17:00:00+00:00,FINISHED,113,SSC Napoli,109,Juventus FC,2,1,0,1,HOME_TEAM,0
497638,PL,2024,23,2025-01-25 17:30:00+00:00,FINISHED,65,Manchester City FC,61,Chelsea FC,3,1,1,1,HOME_TEAM,0
498822,PD,2024,21,2025-01-25 17:30:00+00:00,FINISHED,559,Sevilla FC,80,RCD Espanyol de Barcelona,1,1,0,1,DRAW,1
503254,SA,2024,22,2025-01-25 19:45:00+00:00,FINISHED,445,Empoli FC,103,Bologna FC 1909,1,1,1,1,DRAW,1
498820,PD,2024,21,2025-01-25 20:00:00+00:00,FINISHED,250,Real Valladolid CF,86,Real Madrid CF,0,3,0,1,AWAY_TEAM,2
503258,SA,2024,22,2025-01-26 11:30:00+00:00,FINISHED,98,AC Milan,112,Parma Calcio 1913,3,2,1,1,HOME_TEAM,0
498817,PD,2024,21,2025-01-26 13:00:00+00:00,FINISHED,87,Rayo Vallecano de Madrid,298,Girona FC,2,1,0,0,HOME_TEAM,0
503261,SA,2024,22,2025-01-26 14:00:00+00:00,FINISHED,115,Udinese Calcio,100,AS Roma,1,2,1,0,AWAY_TEAM,2
497639,PL,2024,23,2025-01-26 14:00:00+00:00,FINISHED,73,Tottenham Hotspur FC,338,Leicester City FC,1,2,1,0,AWAY_TEAM,2
497637,PL,2024,23,2025-01-26 14:00:00+00:00,FINISHED,354,Crystal Palace FC,402,Brentford FC,1,2,0,0,AWAY_TEAM,2
498819,PD,2024,21,2025-01-26 15:15:00+00:00,FINISHED,92,Real Sociedad de Fútbol,82,Getafe CF,0,3,0,0,AWAY_TEAM,2
497636,PL,2024,23,2025-01-26 16:30:00+00:00,FINISHED,58,Aston Villa FC,563,West Ham United FC,1,1,1,0,DRAW,1
503257,SA,2024,22,2025-01-26 17:00:00+00:00,FINISHED,5890,US Lecce,108,FC Internazionale Milano,0,4,0,2,AWAY_TEAM,2
498813,PD,2024,21,2025-01-26 17:30:00+00:00,FINISHED,77,Athletic Club,745,CD Leganés,0,0,0,0,DRAW,1
497630,PL,2024,23,2025-01-26 19:00:00+00:00,FINISHED,63,Fulham FC,66,Manchester United FC,0,1,0,0,AWAY_TEAM,2
503256,SA,2024,22,2025-01-26 19:45:00+00:00,FINISHED,110,SS Lazio,99,ACF Fiorentina,1,2,0,2,AWAY_TEAM,2
498816,PD,2024,21,2025-01-26 20:00:00+00:00,FINISHED,81,FC Barcelona,95,Valencia CF,7,1,5,0,HOME_TEAM,0
503262,SA,2024,22,2025-01-27 17:30:00+00:00,FINISHED,454,Venezia FC,450,Hellas Verona FC,1,1,1,0,DRAW,1
503255,SA,2024,22,2025-01-27 19:45:00+00:00,FINISHED,107,Genoa CFC,5911,AC Monza,2,0,0,0,HOME_TEAM,0
498815,PD,2024,21,2025-01-27 20:00:00+00:00,FINISHED,263,Deportivo Alavés,558,RC Celta de Vigo,1,1,1,0,DRAW,1
503270,SA,2024,23,2025-01-31 19:45:00+00:00,FINISHED,112,Parma Calcio 1913,5890,US Lecce,1,3,1,1,AWAY_TEAM,2
498826,PD,2024,22,2025-01-31 20:00:00+00:00,FINISHED,745,CD Leganés,87,Rayo Vallecano de Madrid,0,1,0,0,AWAY_TEAM,2
497641,PL,2024,24,2025-02-01 12:30:00+00:00,FINISHED,351,Nottingham Forest FC,397,Brighton & Hove Albion FC,7,0,3,0,HOME_TEAM,0
498828,PD,2024,22,2025-02-01 13:00:00+00:00,FINISHED,82,Getafe CF,559,Sevilla FC,0,0,0,0,DRAW,1
503269,SA,2024,23,2025-02-01 14:00:00+00:00,FINISHED,5911,AC Monza,450,Hellas Verona FC,0,1,0,1,AWAY_TEAM,2
503272,SA,2024,23,2025-02-01 14:00:00+00:00,FINISHED,115,Udinese Calcio,454,Venezia FC,3,2,0,0,HOME_TEAM,0
497644,PL,2024,24,2025-02-01 15:00:00+00:00,FINISHED,62,Everton FC,338,Leicester City FC,4,0,3,0,HOME_TEAM,0
497647,PL,2024,24,2025-02-01 15:00:00+00:00,FINISHED,349,Ipswich Town FC,340,Southampton FC,1,2,1,1,AWAY_TEAM,2
497645,PL,2024,24,2025-02-01 15:00:00+00:00,FINISHED,1044,AFC Bournemouth,64,Liverpool FC,0,2,0,1,AWAY_TEAM,2
497643,PL,2024,24,2025-02-01 15:00:00+00:00,FINISHED,67,Newcastle United FC,63,Fulham FC,1,2,1,0,AWAY_TEAM,2
498831,PD,2024,22,2025-02-01 15:15:00+00:00,FINISHED,94,Villarreal CF,250,Real Valladolid CF,5,1,1,0,HOME_TEAM,0
503263,SA,2024,23,2025-02-01 17:00:00+00:00,FINISHED,102,Atalanta BC,586,Torino FC,1,1,1,1,DRAW,1
498823,PD,2024,22,2025-02-01 17:30:00+00:00,FINISHED,78,Club Atlético de Madrid,89,RCD Mallorca,2,0,1,0,HOME_TEAM,0
497640,PL,2024,24,2025-02-01 17:30:00+00:00,FINISHED,76,Wolverhampton Wanderers FC,58,Aston Villa FC,2,0,1,0,HOME_TEAM,0
503264,SA,2024,23,2025-02-01 19:45:00+00:00,FINISHED,103,Bologna FC 1909,7397,Como 1907,2,0,1,0,HOME_TEAM,0
498832,PD,2024,22,2025-02-01 20:00:00+00:00,FINISHED,80,RCD Espanyol de Barcelona,86,Real Madrid CF,1,0,0,0,HOME_TEAM,0
503267,SA,2024,23,2025-02-02 11:30:00+00:00,FINISHED,109,Juventus FC,445,Empoli FC,4,1,0,1,HOME_TEAM,0
498827,PD,2024,22,2025-02-02 13:00:00+00:00,FINISHED,81,FC Barcelona,263,Deportivo Alavés,1,0,0,0,HOME_TEAM,0
497642,PL,2024,24,2025-02-02 14:00:00+00:00,FINISHED,66,Manchester United FC,354,Crystal Palace FC,0,2,0,0,AWAY_TEAM,2
503266,SA,2024,23,2025-02-02 14:00:00+00:00,FINISHED,99,ACF Fiorentina,107,Genoa CFC,2,1,2,0,HOME_TEAM,0
497648,PL,2024,24,2025-02-02 14:00:00+00:00,FINISHED,402,Brentford FC,73,Tottenham Hotspur FC,0,2,0,1,AWAY_TEAM,2
498830,PD,2024,22,2025-02-02 15:15:00+00:00,FINISHED,95,Valencia CF,558,RC Celta de Vigo,2,1,1,0,HOME_TEAM,0
497646,PL,2024,24,2025-02-02 16:30:00+00:00,FINISHED,57,Arsenal FC,65,Manchester City FC,5,1,1,0,HOME_TEAM,0
503268,SA,2024,23,2025-02-02 17:00:00+00:00,FINISHED,98,AC Milan,108,FC Internazionale Milano,1,1,1,0,DRAW,1
498825,PD,2024,22,2025-02-02 17:30:00+00:00,FINISHED,79,CA Osasuna,92,Real Sociedad de Fútbol,2,1,1,0,HOME_TEAM,0
503271,SA,2024,23,2025-02-02 19:45:00+00:00,FINISHED,100,AS Roma,113,SSC Napoli,1,1,0,1,DRAW,1
498824,PD,2024,22,2025-02-02 20:00:00+00:00,FINISHED,90,Real Betis Balompié,77,Athletic Club,2,2,2,1,DRAW,1
503265,SA,2024,23,2025-02-03 19:45:00+00:00,FINISHED,104,Cagliari Calcio,110,SS Lazio,1,2,0,1,AWAY_TEAM,2
498829,PD,2024,22,2025-02-03 20:00:00+00:00,FINISHED,298,Girona FC,275,UD Las Palmas,2,1,1,0,HOME_TEAM,0
497649,PL,2024,24,2025-02-03 20:00:00+00:00,FINISHED,61,Chelsea FC,563,West Ham United FC,2,1,0,1,HOME_TEAM,0
503176,SA,2024,14,2025-02-06 19:45:00+00:00,FINISHED,99,ACF Fiorentina,108,FC Internazionale Milano,3,0,3,0,HOME_TEAM,0
503274,SA,2024,24,2025-02-07 19:45:00+00:00,FINISHED,7397,Como 1907,109,Juventus FC,1,2,1,1,AWAY_TEAM,2
498838,PD,2024,23,2025-02-07 20:00:00+00:00,FINISHED,87,Rayo Vallecano de Madrid,250,Real Valladolid CF,1,0,0,0,HOME_TEAM,0
498834,PD,2024,23,2025-02-08 13:00:00+00:00,FINISHED,558,RC Celta de Vigo,90,Real Betis Balompié,3,2,0,2,HOME_TEAM,0
503276,SA,2024,24,2025-02-08 14:00:00+00:00,FINISHED,450,Hellas Verona FC,102,Atalanta BC,0,5,0,4,AWAY_TEAM,2
498833,PD,2024,23,2025-02-08 15:15:00+00:00,FINISHED,77,Athletic Club,298,Girona FC,3,0,2,0,HOME_TEAM,0
503275,SA,2024,24,2025-02-08 17:00:00+00:00,FINISHED,445,Empoli FC,98,AC Milan,0,2,0,0,AWAY_TEAM,2
498841,PD,2024,23,2025-02-08 17:30:00+00:00,FINISHED,275,UD Las Palmas,94,Villarreal CF,1,2,0,0,AWAY_TEAM,2
503281,SA,2024,24,2025-02-08 19:45:00+00:00,FINISHED,586,Torino FC,107,Genoa CFC,1,1,1,0,DRAW,1
498840,PD,2024,23,2025-02-08 20:00:00+00:00,FINISHED,86,Real Madrid CF,78,Club Atlético de Madrid,1,1,0,1,DRAW,1
503282,SA,2024,24,2025-02-09 11:30:00+00:00,FINISHED,454,Venezia FC,100,AS Roma,0,1,0,0,AWAY_TEAM,2
498835,PD,2024,23,2025-02-09 13:00:00+00:00,FINISHED,263,Deportivo Alavés,82,Getafe CF,0,1,0,1,AWAY_TEAM,2
503278,SA,2024,24,2025-02-09 14:00:00+00:00,FINISHED,110,SS Lazio,5911,AC Monza,5,1,1,0,HOME_TEAM,0
503273,SA,2024,24,2025-02-09 14:00:00+00:00,FINISHED,104,Cagliari Calcio,112,Parma Calcio 1913,2,1,0,0,HOME_TEAM,0
498837,PD,2024,23,2025-02-09 15:15:00+00:00,FINISHED,95,Valencia CF,745,CD Leganés,2,0,2,0,HOME_TEAM,0
503279,SA,2024,24,2025-02-09 17:00:00+00:00,FINISHED,5890,US Lecce,103,Bologna FC 1909,0,0,0,0,DRAW,1
498842,PD,2024,23,2025-02-09 17:30:00+00:00,FINISHED,92,Real Sociedad de Fútbol,80,RCD Espanyol de Barcelona,2,1,1,0,HOME_TEAM,0
503280,SA,2024,24,2025-02-09 19:45:00+00:00,FINISHED,113,SSC Napoli,115,Udinese Calcio,1,1,1,1,DRAW,1
498836,PD,2024,23,2025-02-09 20:00:00+00:00,FINISHED,559,Sevilla FC,81,FC Barcelona,1,4,1,1,AWAY_TEAM,2
503277,SA,2024,24,2025-02-10 19:45:00+00:00,FINISHED,108,FC Internazionale Milano,99,ACF Fiorentina,2,1,1,1,HOME_TEAM,0
498839,PD,2024,23,2025-02-10 20:00:00+00:00,FINISHED,89,RCD Mallorca,79,CA Osasuna,1,1,0,0,DRAW,1
497553,PL,2024,15,2025-02-12 19:30:00+00:00,FINISHED,62,Everton FC,64,Liverpool FC,2,2,1,1,DRAW,1
503284,SA,2024,25,2025-02-14 19:45:00+00:00,FINISHED,103,Bologna FC 1909,586,Torino FC,3,2,1,1,HOME_TEAM,0
497653,PL,2024,25,2025-02-14 20:00:00+00:00,FINISHED,397,Brighton & Hove Albion FC,61,Chelsea FC,3,0,2,0,HOME_TEAM,0
498848,PD,2024,24,2025-02-14 20:00:00+00:00,FINISHED,298,Girona FC,82,Getafe CF,1,2,0,1,AWAY_TEAM,2
497651,PL,2024,25,2025-02-15 12:30:00+00:00,FINISHED,338,Leicester City FC,57,Arsenal FC,0,2,0,0,AWAY_TEAM,2
498846,PD,2024,24,2025-02-15 13:00:00+00:00,FINISHED,745,CD Leganés,263,Deportivo Alavés,3,3,2,1,DRAW,1
503283,SA,2024,25,2025-02-15 14:00:00+00:00,FINISHED,102,Atalanta BC,104,Cagliari Calcio,0,0,0,0,DRAW,1
497658,PL,2024,25,2025-02-15 15:00:00+00:00,FINISHED,63,Fulham FC,351,Nottingham Forest FC,2,1,1,1,HOME_TEAM,0
497657,PL,2024,25,2025-02-15 15:00:00+00:00,FINISHED,65,Manchester City FC,67,Newcastle United FC,4,0,3,0,HOME_TEAM,0
497655,PL,2024,25,2025-02-15 15:00:00+00:00,FINISHED,58,Aston Villa FC,349,Ipswich Town FC,1,1,0,0,DRAW,1
497652,PL,2024,25,2025-02-15 15:00:00+00:00,FINISHED,563,West Ham United FC,402,Brentford FC,0,1,0,1,AWAY_TEAM,2
497650,PL,2024,25,2025-02-15 15:00:00+00:00,FINISHED,340,Southampton FC,1044,AFC Bournemouth,1,3,0,2,AWAY_TEAM,2
498845,PD,2024,24,2025-02-15 15:15:00+00:00,FINISHED,79,CA Osasuna,86,Real Madrid CF,1,1,0,1,DRAW,1
503288,SA,2024,25,2025-02-15 17:00:00+00:00,FINISHED,110,SS Lazio,113,SSC Napoli,2,2,1,1,DRAW,1
497654,PL,2024,25,2025-02-15 17:30:00+00:00,FINISHED,354,Crystal Palace FC,62,Everton FC,1,2,0,1,AWAY_TEAM,2
498843,PD,2024,24,2025-02-15 17:30:00+00:00,FINISHED,78,Club Atlético de Madrid,558,RC Celta de Vigo,1,1,0,0,DRAW,1
503289,SA,2024,25,2025-02-15 19:45:00+00:00,FINISHED,98,AC Milan,450,Hellas Verona FC,1,0,0,0,HOME_TEAM,0
498849,PD,2024,24,2025-02-15 20:00:00+00:00,FINISHED,94,Villarreal CF,95,Valencia CF,1,1,1,0,DRAW,1
503285,SA,2024,25,2025-02-16 11:30:00+00:00,FINISHED,99,ACF Fiorentina,7397,Como 1907,0,2,0,1,AWAY_TEAM,2
498852,PD,2024,24,2025-02-16 13:00:00+00:00,FINISHED,80,RCD Espanyol de Barcelona,77,Athletic Club,1,1,0,0,DRAW,1
503292,SA,2024,25,2025-02-16 14:00:00+00:00,FINISHED,115,Udinese Calcio,445,Empoli FC,3,0,1,0,HOME_TEAM,0
503290,SA,2024,25,2025-02-16 14:00:00+00:00,FINISHED,5911,AC Monza,5890,US Lecce,0,0,0,0,DRAW,1
497659,PL,2024,25,2025-02-16 14:00:00+00:00,FINISHED,64,Liverpool FC,76,Wolverhampton Wanderers FC,2,1,2,0,HOME_TEAM,0
498851,PD,2024,24,2025-02-16 15:15:00+00:00,FINISHED,250,Real Valladolid CF,559,Sevilla FC,0,4,0,2,AWAY_TEAM,2
497656,PL,2024,25,2025-02-16 16:30:00+00:00,FINISHED,73,Tottenham Hotspur FC,66,Manchester United FC,1,0,1,0,HOME_TEAM,0
503291,SA,2024,25,2025-02-16 17:00:00+00:00,FINISHED,112,Parma Calcio 1913,100,AS Roma,0,1,0,1,AWAY_TEAM,2
498850,PD,2024,24,2025-02-16 17:30:00+00:00,FINISHED,89,RCD Mallorca,275,UD Las Palmas,3,1,3,0,HOME_TEAM,0
503287,SA,2024,25,2025-02-16 19:45:00+00:00,FINISHED,109,Juventus FC,108,FC Internazionale Milano,1,0,0,0,HOME_TEAM,0
498844,PD,2024,24,2025-02-16 20:00:00+00:00,FINISHED,90,Real Betis Balompié,92,Real Sociedad de Fútbol,3,0,0,0,HOME_TEAM,0
503286,SA,2024,25,2025-02-17 19:45:00+00:00,FINISHED,107,Genoa CFC,454,Venezia FC,2,0,0,0,HOME_TEAM,0
498847,PD,2024,24,2025-02-17 20:00:00+00:00,FINISHED,81,FC Barcelona,87,Rayo Vallecano de Madrid,1,0,1,0,HOME_TEAM,0
497692,PL,2024,29,2025-02-19 19:30:00+00:00,FINISHED,58,Aston Villa FC,64,Liverpool FC,2,2,2,1,DRAW,1
503298,SA,2024,26,2025-02-21 19:45:00+00:00,FINISHED,5890,US Lecce,115,Udinese Calcio,0,1,0,1,AWAY_TEAM,2
498854,PD,2024,25,2025-02-21 20:00:00+00:00,FINISHED,558,RC Celta de Vigo,79,CA Osasuna,1,0,0,0,HOME_TEAM,0
497660,PL,2024,26,2025-02-21 20:00:00+00:00,FINISHED,338,Leicester City FC,402,Brentford FC,0,4,0,3,AWAY_TEAM,2
497665,PL,2024,26,2025-02-22 12:30:00+00:00,FINISHED,62,Everton FC,66,Manchester United FC,2,2,2,0,DRAW,1
498862,PD,2024,25,2025-02-22 13:00:00+00:00,FINISHED,263,Deportivo Alavés,80,RCD Espanyol de Barcelona,0,1,0,0,AWAY_TEAM,2
503302,SA,2024,26,2025-02-22 14:00:00+00:00,FINISHED,454,Venezia FC,110,SS Lazio,0,0,0,0,DRAW,1
503299,SA,2024,26,2025-02-22 14:00:00+00:00,FINISHED,112,Parma Calcio 1913,103,Bologna FC 1909,2,0,1,0,HOME_TEAM,0
497669,PL,2024,26,2025-02-22 15:00:00+00:00,FINISHED,1044,AFC Bournemouth,76,Wolverhampton Wanderers FC,0,1,0,1,AWAY_TEAM,2
497666,PL,2024,26,2025-02-22 15:00:00+00:00,FINISHED,349,Ipswich Town FC,73,Tottenham Hotspur FC,1,4,1,2,AWAY_TEAM,2
497667,PL,2024,26,2025-02-22 15:00:00+00:00,FINISHED,63,Fulham FC,354,Crystal Palace FC,0,2,0,1,AWAY_TEAM,2
497661,PL,2024,26,2025-02-22 15:00:00+00:00,FINISHED,340,Southampton FC,397,Brighton & Hove Albion FC,0,4,0,1,AWAY_TEAM,2
497668,PL,2024,26,2025-02-22 15:00:00+00:00,FINISHED,57,Arsenal FC,563,West Ham United FC,0,1,0,1,AWAY_TEAM,2
498858,PD,2024,25,2025-02-22 15:15:00+00:00,FINISHED,87,Rayo Vallecano de Madrid,94,Villarreal CF,0,1,0,0,AWAY_TEAM,2
503301,SA,2024,26,2025-02-22 17:00:00+00:00,FINISHED,586,Torino FC,98,AC Milan,2,1,1,0,HOME_TEAM,0
497662,PL,2024,26,2025-02-22 17:30:00+00:00,FINISHED,58,Aston Villa FC,61,Chelsea FC,2,1,0,1,HOME_TEAM,0
498857,PD,2024,25,2025-02-22 17:30:00+00:00,FINISHED,95,Valencia CF,78,Club Atlético de Madrid,0,3,0,2,AWAY_TEAM,2
503297,SA,2024,26,2025-02-22 19:45:00+00:00,FINISHED,108,FC Internazionale Milano,107,Genoa CFC,1,0,0,0,HOME_TEAM,0
498861,PD,2024,25,2025-02-22 20:00:00+00:00,FINISHED,275,UD Las Palmas,81,FC Barcelona,0,2,0,0,AWAY_TEAM,2
503294,SA,2024,26,2025-02-23 11:30:00+00:00,FINISHED,7397,Como 1907,113,SSC Napoli,2,1,1,1,HOME_TEAM,0
498853,PD,2024,25,2025-02-23 13:00:00+00:00,FINISHED,77,Athletic Club,250,Real Valladolid CF,7,1,4,0,HOME_TEAM,0
497663,PL,2024,26,2025-02-23 14:00:00+00:00,FINISHED,67,Newcastle United FC,351,Nottingham Forest FC,4,3,4,1,HOME_TEAM,0
503296,SA,2024,26,2025-02-23 14:00:00+00:00,FINISHED,450,Hellas Verona FC,99,ACF Fiorentina,1,0,0,0,HOME_TEAM,0
498859,PD,2024,25,2025-02-23 15:15:00+00:00,FINISHED,86,Real Madrid CF,298,Girona FC,2,0,1,0,HOME_TEAM,0
497664,PL,2024,26,2025-02-23 16:30:00+00:00,FINISHED,65,Manchester City FC,64,Liverpool FC,0,2,0,2,AWAY_TEAM,2
503295,SA,2024,26,2025-02-23 17:00:00+00:00,FINISHED,445,Empoli FC,102,Atalanta BC,0,5,0,3,AWAY_TEAM,2
498855,PD,2024,25,2025-02-23 17:30:00+00:00,FINISHED,82,Getafe CF,90,Real Betis Balompié,1,2,0,1,AWAY_TEAM,2
503293,SA,2024,26,2025-02-23 19:45:00+00:00,FINISHED,104,Cagliari Calcio,109,Juventus FC,0,1,0,1,AWAY_TEAM,2
498860,PD,2024,25,2025-02-23 20:00:00+00:00,FINISHED,92,Real Sociedad de Fútbol,745,CD Leganés,3,0,1,0,HOME_TEAM,0
503300,SA,2024,26,2025-02-24 19:45:00+00:00,FINISHED,100,AS Roma,5911,AC Monza,4,0,2,0,HOME_TEAM,0
498856,PD,2024,25,2025-02-24 20:00:00+00:00,FINISHED,559,Sevilla FC,89,RCD Mallorca,1,1,1,0,DRAW,1
497674,PL,2024,27,2025-02-25 19:30:00+00:00,FINISHED,76,Wolverhampton Wanderers FC,63,Fulham FC,1,2,1,1,AWAY_TEAM,2
497672,PL,2024,27,2025-02-25 19:30:00+00:00,FINISHED,354,Crystal Palace FC,58,Aston Villa FC,4,1,1,0,HOME_TEAM,0
497670,PL,2024,27,2025-02-25 19:30:00+00:00,FINISHED,397,Brighton & Hove Albion FC,1044,AFC Bournemouth,2,1,1,0,HOME_TEAM,0
497678,PL,2024,27,2025-02-25 20:15:00+00:00,FINISHED,61,Chelsea FC,340,Southampton FC,4,0,3,0,HOME_TEAM,0
497671,PL,2024,27,2025-02-26 19:30:00+00:00,FINISHED,351,Nottingham Forest FC,57,Arsenal FC,0,0,0,0,DRAW,1
497673,PL,2024,27,2025-02-26 19:30:00+00:00,FINISHED,402,Brentford FC,62,Everton FC,1,1,1,0,DRAW,1
497675,PL,2024,27,2025-02-26 19:30:00+00:00,FINISHED,73,Tottenham Hotspur FC,65,Manchester City FC,0,1,0,1,AWAY_TEAM,2
497677,PL,2024,27,2025-02-26 19:30:00+00:00,FINISHED,66,Manchester United FC,349,Ipswich Town FC,3,2,2,2,HOME_TEAM,0
497679,PL,2024,27,2025-02-26 20:15:00+00:00,FINISHED,64,Liverpool FC,67,Newcastle United FC,2,0,1,0,HOME_TEAM,0
503124,SA,2024,9,2025-02-27 19:45:00+00:00,FINISHED,103,Bologna FC 1909,98,AC Milan,2,1,0,1,HOME_TEAM,0
497676,PL,2024,27,2025-02-27 20:00:00+00:00,FINISHED,563,West Ham United FC,338,Leicester City FC,2,0,2,0,HOME_TEAM,0
503305,SA,2024,27,2025-02-28 19:45:00+00:00,FINISHED,99,ACF Fiorentina,5890,US Lecce,1,0,1,0,HOME_TEAM,0
498871,PD,2024,26,2025-02-28 20:00:00+00:00,FINISHED,250,Real Valladolid CF,275,UD Las Palmas,1,1,0,1,DRAW,1
498868,PD,2024,26,2025-03-01 13:00:00+00:00,FINISHED,298,Girona FC,558,RC Celta de Vigo,2,2,1,1,DRAW,1
503303,SA,2024,27,2025-03-01 14:00:00+00:00,FINISHED,102,Atalanta BC,454,Venezia FC,0,0,0,0,DRAW,1
498869,PD,2024,26,2025-03-01 15:15:00+00:00,FINISHED,87,Rayo Vallecano de Madrid,559,Sevilla FC,1,1,0,0,DRAW,1
503310,SA,2024,27,2025-03-01 17:00:00+00:00,FINISHED,113,SSC Napoli,108,FC Internazionale Milano,1,1,0,1,DRAW,1
498864,PD,2024,26,2025-03-01 17:30:00+00:00,FINISHED,90,Real Betis Balompié,86,Real Madrid CF,2,1,1,1,HOME_TEAM,0
503312,SA,2024,27,2025-03-01 19:45:00+00:00,FINISHED,115,Udinese Calcio,112,Parma Calcio 1913,1,0,1,0,HOME_TEAM,0
498863,PD,2024,26,2025-03-01 20:00:00+00:00,FINISHED,78,Club Atlético de Madrid,77,Athletic Club,1,0,0,0,HOME_TEAM,0
503309,SA,2024,27,2025-03-02 11:30:00+00:00,FINISHED,5911,AC Monza,586,Torino FC,0,2,0,1,AWAY_TEAM,2
498866,PD,2024,26,2025-03-02 13:00:00+00:00,FINISHED,745,CD Leganés,82,Getafe CF,1,0,0,0,HOME_TEAM,0
503306,SA,2024,27,2025-03-02 14:00:00+00:00,FINISHED,107,Genoa CFC,445,Empoli FC,1,1,0,1,DRAW,1
503304,SA,2024,27,2025-03-02 14:00:00+00:00,FINISHED,103,Bologna FC 1909,104,Cagliari Calcio,2,1,0,1,HOME_TEAM,0
498867,PD,2024,26,2025-03-02 15:15:00+00:00,FINISHED,81,FC Barcelona,92,Real Sociedad de Fútbol,4,0,2,0,HOME_TEAM,0
503311,SA,2024,27,2025-03-02 17:00:00+00:00,FINISHED,100,AS Roma,7397,Como 1907,2,1,0,1,HOME_TEAM,0
498870,PD,2024,26,2025-03-02 17:30:00+00:00,FINISHED,89,RCD Mallorca,263,Deportivo Alavés,1,1,1,0,DRAW,1
503308,SA,2024,27,2025-03-02 19:45:00+00:00,FINISHED,98,AC Milan,110,SS Lazio,1,2,0,1,AWAY_TEAM,2
498865,PD,2024,26,2025-03-02 20:00:00+00:00,FINISHED,79,CA Osasuna,95,Valencia CF,3,3,3,2,DRAW,1
503307,SA,2024,27,2025-03-03 19:45:00+00:00,FINISHED,109,Juventus FC,450,Hellas Verona FC,2,0,0,0,HOME_TEAM,0
503313,SA,2024,28,2025-03-07 19:45:00+00:00,FINISHED,104,Cagliari Calcio,107,Genoa CFC,1,1,1,0,DRAW,1
497687,PL,2024,28,2025-03-08 12:30:00+00:00,FINISHED,351,Nottingham Forest FC,65,Manchester City FC,1,0,0,0,HOME_TEAM,0
498875,PD,2024,27,2025-03-08 13:00:00+00:00,FINISHED,558,RC Celta de Vigo,745,CD Leganés,2,1,2,1,HOME_TEAM,0
503314,SA,2024,28,2025-03-08 14:00:00+00:00,FINISHED,7397,Como 1907,454,Venezia FC,1,1,0,0,DRAW,1
503322,SA,2024,28,2025-03-08 14:00:00+00:00,FINISHED,112,Parma Calcio 1913,586,Torino FC,2,2,0,1,DRAW,1
497684,PL,2024,28,2025-03-08 15:00:00+00:00,FINISHED,397,Brighton & Hove Albion FC,63,Fulham FC,2,1,1,1,HOME_TEAM,0
497685,PL,2024,28,2025-03-08 15:00:00+00:00,FINISHED,354,Crystal Palace FC,349,Ipswich Town FC,1,0,0,0,HOME_TEAM,0
497688,PL,2024,28,2025-03-08 15:00:00+00:00,FINISHED,64,Liverpool FC,340,Southampton FC,3,1,0,1,HOME_TEAM,0
498876,PD,2024,27,2025-03-08 15:15:00+00:00,FINISHED,263,Deportivo Alavés,94,Villarreal CF,1,0,1,0,HOME_TEAM,0
503320,SA,2024,28,2025-03-08 17:00:00+00:00,FINISHED,5890,US Lecce,98,AC Milan,2,3,1,0,AWAY_TEAM,2
497682,PL,2024,28,2025-03-08 17:30:00+00:00,FINISHED,402,Brentford FC,58,Aston Villa FC,0,1,0,0,AWAY_TEAM,2
498879,PD,2024,27,2025-03-08 17:30:00+00:00,FINISHED,95,Valencia CF,250,Real Valladolid CF,2,1,1,1,HOME_TEAM,0
503317,SA,2024,28,2025-03-08 19:45:00+00:00,FINISHED,108,FC Internazionale Milano,5911,AC Monza,3,2,1,2,HOME_TEAM,0
497683,PL,2024,28,2025-03-08 20:00:00+00:00,FINISHED,76,Wolverhampton Wanderers FC,62,Everton FC,1,1,1,1,DRAW,1
503316,SA,2024,28,2025-03-09 11:30:00+00:00,FINISHED,450,Hellas Verona FC,103,Bologna FC 1909,1,2,0,1,AWAY_TEAM,2
498878,PD,2024,27,2025-03-09 13:00:00+00:00,FINISHED,82,Getafe CF,78,Club Atlético de Madrid,2,1,0,0,HOME_TEAM,0
503321,SA,2024,28,2025-03-09 14:00:00+00:00,FINISHED,113,SSC Napoli,99,ACF Fiorentina,2,1,1,0,HOME_TEAM,0
497680,PL,2024,28,2025-03-09 14:00:00+00:00,FINISHED,73,Tottenham Hotspur FC,1044,AFC Bournemouth,2,2,0,1,DRAW,1
497689,PL,2024,28,2025-03-09 14:00:00+00:00,FINISHED,61,Chelsea FC,338,Leicester City FC,1,0,0,0,HOME_TEAM,0
498880,PD,2024,27,2025-03-09 15:15:00+00:00,FINISHED,86,Real Madrid CF,87,Rayo Vallecano de Madrid,2,1,2,1,HOME_TEAM,0
497681,PL,2024,28,2025-03-09 16:30:00+00:00,FINISHED,66,Manchester United FC,57,Arsenal FC,1,1,1,0,DRAW,1
503315,SA,2024,28,2025-03-09 17:00:00+00:00,FINISHED,445,Empoli FC,100,AS Roma,0,1,0,1,AWAY_TEAM,2
498873,PD,2024,27,2025-03-09 17:30:00+00:00,FINISHED,77,Athletic Club,89,RCD Mallorca,1,1,0,0,DRAW,1
498874,PD,2024,27,2025-03-09 17:30:00+00:00,FINISHED,90,Real Betis Balompié,275,UD Las Palmas,1,0,0,0,HOME_TEAM,0
503318,SA,2024,28,2025-03-09 19:45:00+00:00,FINISHED,109,Juventus FC,102,Atalanta BC,0,4,0,1,AWAY_TEAM,2
498881,PD,2024,27,2025-03-09 20:00:00+00:00,FINISHED,92,Real Sociedad de Fútbol,559,Sevilla FC,0,1,0,0,AWAY_TEAM,2
503319,SA,2024,28,2025-03-10 19:45:00+00:00,FINISHED,110,SS Lazio,115,Udinese Calcio,1,1,1,1,DRAW,1
497686,PL,2024,28,2025-03-10 20:00:00+00:00,FINISHED,563,West Ham United FC,67,Newcastle United FC,0,1,0,0,AWAY_TEAM,2
498882,PD,2024,27,2025-03-10 20:00:00+00:00,FINISHED,80,RCD Espanyol de Barcelona,298,Girona FC,1,1,0,0,DRAW,1
503326,SA,2024,29,2025-03-14 19:45:00+00:00,FINISHED,107,Genoa CFC,5890,US Lecce,2,1,2,0,HOME_TEAM,0
498891,PD,2024,28,2025-03-14 20:00:00+00:00,FINISHED,275,UD Las Palmas,263,Deportivo Alavés,2,2,0,1,DRAW,1
498890,PD,2024,28,2025-03-15 13:00:00+00:00,FINISHED,250,Real Valladolid CF,558,RC Celta de Vigo,0,1,0,0,AWAY_TEAM,2
503328,SA,2024,29,2025-03-15 14:00:00+00:00,FINISHED,5911,AC Monza,112,Parma Calcio 1913,1,1,0,0,DRAW,1
503331,SA,2024,29,2025-03-15 14:00:00+00:00,FINISHED,115,Udinese Calcio,450,Hellas Verona FC,0,1,0,0,AWAY_TEAM,2
497699,PL,2024,29,2025-03-15 15:00:00+00:00,FINISHED,340,Southampton FC,76,Wolverhampton Wanderers FC,1,2,0,1,AWAY_TEAM,2
497693,PL,2024,29,2025-03-15 15:00:00+00:00,FINISHED,62,Everton FC,563,West Ham United FC,1,1,0,0,DRAW,1
497695,PL,2024,29,2025-03-15 15:00:00+00:00,FINISHED,349,Ipswich Town FC,351,Nottingham Forest FC,2,4,0,3,AWAY_TEAM,2
497697,PL,2024,29,2025-03-15 15:00:00+00:00,FINISHED,65,Manchester City FC,397,Brighton & Hove Albion FC,2,2,2,1,DRAW,1
498892,PD,2024,28,2025-03-15 15:15:00+00:00,FINISHED,89,RCD Mallorca,80,RCD Espanyol de Barcelona,2,1,0,0,HOME_TEAM,0
503327,SA,2024,29,2025-03-15 17:00:00+00:00,FINISHED,98,AC Milan,7397,Como 1907,2,1,0,1,HOME_TEAM,0
498888,PD,2024,28,2025-03-15 17:30:00+00:00,FINISHED,94,Villarreal CF,86,Real Madrid CF,1,2,1,2,AWAY_TEAM,2
497690,PL,2024,29,2025-03-15 17:30:00+00:00,FINISHED,1044,AFC Bournemouth,402,Brentford FC,1,2,1,1,AWAY_TEAM,2
503330,SA,2024,29,2025-03-15 19:45:00+00:00,FINISHED,586,Torino FC,445,Empoli FC,1,0,0,0,HOME_TEAM,0
498886,PD,2024,28,2025-03-15 20:00:00+00:00,FINISHED,298,Girona FC,95,Valencia CF,1,1,0,0,DRAW,1
503332,SA,2024,29,2025-03-16 11:30:00+00:00,FINISHED,454,Venezia FC,113,SSC Napoli,0,0,0,0,DRAW,1
498885,PD,2024,28,2025-03-16 13:00:00+00:00,FINISHED,745,CD Leganés,90,Real Betis Balompié,2,3,2,0,AWAY_TEAM,2
497691,PL,2024,29,2025-03-16 13:30:00+00:00,FINISHED,57,Arsenal FC,61,Chelsea FC,1,0,1,0,HOME_TEAM,0
497694,PL,2024,29,2025-03-16 13:30:00+00:00,FINISHED,63,Fulham FC,73,Tottenham Hotspur FC,2,0,0,0,HOME_TEAM,0
503324,SA,2024,29,2025-03-16 14:00:00+00:00,FINISHED,103,Bologna FC 1909,110,SS Lazio,5,0,1,0,HOME_TEAM,0
503329,SA,2024,29,2025-03-16 15:00:00+00:00,FINISHED,100,AS Roma,104,Cagliari Calcio,1,0,0,0,HOME_TEAM,0
498887,PD,2024,28,2025-03-16 15:15:00+00:00,FINISHED,559,Sevilla FC,77,Athletic Club,0,1,0,0,AWAY_TEAM,2
503325,SA,2024,29,2025-03-16 17:00:00+00:00,FINISHED,99,ACF Fiorentina,109,Juventus FC,3,0,2,0,HOME_TEAM,0
498884,PD,2024,28,2025-03-16 17:30:00+00:00,FINISHED,79,CA Osasuna,82,Getafe CF,1,2,1,0,AWAY_TEAM,2
498889,PD,2024,28,2025-03-16 17:30:00+00:00,FINISHED,87,Rayo Vallecano de Madrid,92,Real Sociedad de Fútbol,2,2,0,1,DRAW,1
497696,PL,2024,29,2025-03-16 19:00:00+00:00,FINISHED,338,Leicester City FC,66,Manchester United FC,0,3,0,1,AWAY_TEAM,2
503323,SA,2024,29,2025-03-16 19:45:00+00:00,FINISHED,102,Atalanta BC,108,FC Internazionale Milano,0,2,0,0,AWAY_TEAM,2
498883,PD,2024,28,2025-03-16 20:00:00+00:00,FINISHED,78,Club Atlético de Madrid,81,FC Barcelona,2,4,1,0,AWAY_TEAM,2
498877,PD,2024,27,2025-03-27 20:00:00+00:00,FINISHED,81,FC Barcelona,79,CA Osasuna,3,0,2,0,HOME_TEAM,0
498901,PD,2024,29,2025-03-29 13:00:00+00:00,FINISHED,92,Real Sociedad de Fútbol,250,Real Valladolid CF,2,1,1,0,HOME_TEAM,0
503334,SA,2024,30,2025-03-29 14:00:00+00:00,FINISHED,7397,Como 1907,445,Empoli FC,1,1,0,0,DRAW,1
503342,SA,2024,30,2025-03-29 14:00:00+00:00,FINISHED,454,Venezia FC,103,Bologna FC 1909,0,1,0,0,AWAY_TEAM,2
498902,PD,2024,29,2025-03-29 15:15:00+00:00,FINISHED,80,RCD Espanyol de Barcelona,78,Club Atlético de Madrid,1,1,0,1,DRAW,1
503338,SA,2024,30,2025-03-29 17:00:00+00:00,FINISHED,109,Juventus FC,107,Genoa CFC,1,0,1,0,HOME_TEAM,0
498896,PD,2024,29,2025-03-29 17:30:00+00:00,FINISHED,263,Deportivo Alavés,87,Rayo Vallecano de Madrid,0,2,0,1,AWAY_TEAM,2
503340,SA,2024,30,2025-03-29 19:45:00+00:00,FINISHED,5890,US Lecce,100,AS Roma,0,1,0,0,AWAY_TEAM,2
498900,PD,2024,29,2025-03-29 20:00:00+00:00,FINISHED,86,Real Madrid CF,745,CD Leganés,3,2,1,2,HOME_TEAM,0
503333,SA,2024,30,2025-03-30 10:30:00+00:00,FINISHED,104,Cagliari Calcio,5911,AC Monza,3,0,0,0,HOME_TEAM,0
498898,PD,2024,29,2025-03-30 12:00:00+00:00,FINISHED,82,Getafe CF,94,Villarreal CF,1,2,1,2,AWAY_TEAM,2
503335,SA,2024,30,2025-03-30 13:00:00+00:00,FINISHED,99,ACF Fiorentina,102,Atalanta BC,1,0,1,0,HOME_TEAM,0
498897,PD,2024,29,2025-03-30 14:15:00+00:00,FINISHED,81,FC Barcelona,298,Girona FC,4,1,1,0,HOME_TEAM,0
503337,SA,2024,30,2025-03-30 16:00:00+00:00,FINISHED,108,FC Internazionale Milano,115,Udinese Calcio,2,1,2,0,HOME_TEAM,0
498899,PD,2024,29,2025-03-30 16:30:00+00:00,FINISHED,95,Valencia CF,89,RCD Mallorca,1,0,0,0,HOME_TEAM,0
498893,PD,2024,29,2025-03-30 16:30:00+00:00,FINISHED,77,Athletic Club,79,CA Osasuna,0,0,0,0,DRAW,1
503341,SA,2024,30,2025-03-30 18:45:00+00:00,FINISHED,113,SSC Napoli,98,AC Milan,2,1,2,0,HOME_TEAM,0
498894,PD,2024,29,2025-03-30 19:00:00+00:00,FINISHED,90,Real Betis Balompié,559,Sevilla FC,2,1,2,1,HOME_TEAM,0
503336,SA,2024,30,2025-03-31 16:30:00+00:00,FINISHED,450,Hellas Verona FC,112,Parma Calcio 1913,0,0,0,0,DRAW,1
503339,SA,2024,30,2025-03-31 18:45:00+00:00,FINISHED,110,SS Lazio,586,Torino FC,1,1,0,0,DRAW,1
498895,PD,2024,29,2025-03-31 19:00:00+00:00,FINISHED,558,RC Celta de Vigo,275,UD Las Palmas,1,1,1,0,DRAW,1
497704,PL,2024,30,2025-04-01 18:45:00+00:00,FINISHED,76,Wolverhampton Wanderers FC,563,West Ham United FC,1,0,1,0,HOME_TEAM,0
497701,PL,2024,30,2025-04-01 18:45:00+00:00,FINISHED,57,Arsenal FC,63,Fulham FC,2,1,1,0,HOME_TEAM,0
497703,PL,2024,30,2025-04-01 19:00:00+00:00,FINISHED,351,Nottingham Forest FC,66,Manchester United FC,1,0,1,0,HOME_TEAM,0
497700,PL,2024,30,2025-04-02 18:45:00+00:00,FINISHED,1044,AFC Bournemouth,349,Ipswich Town FC,1,2,0,1,AWAY_TEAM,2
497706,PL,2024,30,2025-04-02 18:45:00+00:00,FINISHED,65,Manchester City FC,338,Leicester City FC,2,0,2,0,HOME_TEAM,0
497707,PL,2024,30,2025-04-02 18:45:00+00:00,FINISHED,67,Newcastle United FC,402,Brentford FC,2,1,1,0,HOME_TEAM,0
497708,PL,2024,30,2025-04-02 18:45:00+00:00,FINISHED,340,Southampton FC,354,Crystal Palace FC,1,1,1,0,DRAW,1
497702,PL,2024,30,2025-04-02 18:45:00+00:00,FINISHED,397,Brighton & Hove Albion FC,58,Aston Villa FC,0,3,0,0,AWAY_TEAM,2
497709,PL,2024,30,2025-04-02 19:00:00+00:00,FINISHED,64,Liverpool FC,62,Everton FC,1,0,0,0,HOME_TEAM,0
497705,PL,2024,30,2025-04-03 19:00:00+00:00,FINISHED,61,Chelsea FC,73,Tottenham Hotspur FC,1,0,0,0,HOME_TEAM,0
503346,SA,2024,31,2025-04-04 18:45:00+00:00,FINISHED,107,Genoa CFC,115,Udinese Calcio,1,0,0,0,HOME_TEAM,0
498912,PD,2024,30,2025-04-04 19:00:00+00:00,FINISHED,87,Rayo Vallecano de Madrid,80,RCD Espanyol de Barcelona,0,4,0,2,AWAY_TEAM,2
497713,PL,2024,31,2025-04-05 11:30:00+00:00,FINISHED,62,Everton FC,57,Arsenal FC,1,1,0,1,DRAW,1
498905,PD,2024,30,2025-04-05 12:00:00+00:00,FINISHED,298,Girona FC,263,Deportivo Alavés,0,1,0,0,AWAY_TEAM,2
503349,SA,2024,31,2025-04-05 13:00:00+00:00,FINISHED,5911,AC Monza,7397,Como 1907,1,3,1,2,AWAY_TEAM,2
497712,PL,2024,31,2025-04-05 14:00:00+00:00,FINISHED,354,Crystal Palace FC,397,Brighton & Hove Albion FC,2,1,1,1,HOME_TEAM,0
497719,PL,2024,31,2025-04-05 14:00:00+00:00,FINISHED,563,West Ham United FC,1044,AFC Bournemouth,2,2,0,1,DRAW,1
497715,PL,2024,31,2025-04-05 14:00:00+00:00,FINISHED,349,Ipswich Town FC,76,Wolverhampton Wanderers FC,1,2,1,0,AWAY_TEAM,2
498909,PD,2024,30,2025-04-05 14:15:00+00:00,FINISHED,86,Real Madrid CF,95,Valencia CF,1,2,0,1,AWAY_TEAM,2
503350,SA,2024,31,2025-04-05 16:00:00+00:00,FINISHED,112,Parma Calcio 1913,108,FC Internazionale Milano,2,2,0,2,DRAW,1
498908,PD,2024,30,2025-04-05 16:30:00+00:00,FINISHED,89,RCD Mallorca,558,RC Celta de Vigo,1,2,1,0,AWAY_TEAM,2
497710,PL,2024,31,2025-04-05 16:30:00+00:00,FINISHED,58,Aston Villa FC,351,Nottingham Forest FC,2,1,2,0,HOME_TEAM,0
503348,SA,2024,31,2025-04-05 18:45:00+00:00,FINISHED,98,AC Milan,99,ACF Fiorentina,2,2,1,2,DRAW,1
498904,PD,2024,30,2025-04-05 19:00:00+00:00,FINISHED,81,FC Barcelona,90,Real Betis Balompié,1,1,1,1,DRAW,1
503347,SA,2024,31,2025-04-06 10:30:00+00:00,FINISHED,5890,US Lecce,454,Venezia FC,1,1,0,0,DRAW,1
498911,PD,2024,30,2025-04-06 12:00:00+00:00,FINISHED,275,UD Las Palmas,92,Real Sociedad de Fútbol,1,3,0,1,AWAY_TEAM,2
503345,SA,2024,31,2025-04-06 13:00:00+00:00,FINISHED,445,Empoli FC,104,Cagliari Calcio,0,0,0,0,DRAW,1
503352,SA,2024,31,2025-04-06 13:00:00+00:00,FINISHED,586,Torino FC,450,Hellas Verona FC,1,1,0,0,DRAW,1
497711,PL,2024,31,2025-04-06 13:00:00+00:00,FINISHED,402,Brentford FC,61,Chelsea FC,0,0,0,0,DRAW,1
497714,PL,2024,31,2025-04-06 13:00:00+00:00,FINISHED,63,Fulham FC,64,Liverpool FC,3,2,3,1,HOME_TEAM,0
497718,PL,2024,31,2025-04-06 13:00:00+00:00,FINISHED,73,Tottenham Hotspur FC,340,Southampton FC,3,1,2,0,HOME_TEAM,0
498906,PD,2024,30,2025-04-06 14:15:00+00:00,FINISHED,559,Sevilla FC,78,Club Atlético de Madrid,1,2,1,1,AWAY_TEAM,2
497717,PL,2024,31,2025-04-06 15:30:00+00:00,FINISHED,66,Manchester United FC,65,Manchester City FC,0,0,0,0,DRAW,1
503343,SA,2024,31,2025-04-06 16:00:00+00:00,FINISHED,102,Atalanta BC,110,SS Lazio,0,1,0,0,AWAY_TEAM,2
498910,PD,2024,30,2025-04-06 16:30:00+00:00,FINISHED,250,Real Valladolid CF,82,Getafe CF,0,4,0,3,AWAY_TEAM,2
503351,SA,2024,31,2025-04-06 18:45:00+00:00,FINISHED,100,AS Roma,109,Juventus FC,1,1,0,1,DRAW,1
498907,PD,2024,30,2025-04-06 19:00:00+00:00,FINISHED,94,Villarreal CF,77,Athletic Club,0,0,0,0,DRAW,1
503344,SA,2024,31,2025-04-07 18:45:00+00:00,FINISHED,103,Bologna FC 1909,113,SSC Napoli,1,1,0,1,DRAW,1
497716,PL,2024,31,2025-04-07 19:00:00+00:00,FINISHED,338,Leicester City FC,67,Newcastle United FC,0,3,0,3,AWAY_TEAM,2
498903,PD,2024,30,2025-04-07 19:00:00+00:00,FINISHED,745,CD Leganés,79,CA Osasuna,1,1,0,0,DRAW,1
503361,SA,2024,32,2025-04-11 18:45:00+00:00,FINISHED,115,Udinese Calcio,98,AC Milan,0,4,0,2,AWAY_TEAM,2
498920,PD,2024,31,2025-04-11 19:00:00+00:00,FINISHED,95,Valencia CF,559,Sevilla FC,1,0,1,0,HOME_TEAM,0
497725,PL,2024,32,2025-04-12 11:30:00+00:00,FINISHED,65,Manchester City FC,354,Crystal Palace FC,5,2,2,2,HOME_TEAM,0
498921,PD,2024,31,2025-04-12 12:00:00+00:00,FINISHED,92,Real Sociedad de Fútbol,89,RCD Mallorca,0,2,0,1,AWAY_TEAM,2
503362,SA,2024,32,2025-04-12 13:00:00+00:00,FINISHED,454,Venezia FC,5911,AC Monza,1,0,0,0,HOME_TEAM,0
497728,PL,2024,32,2025-04-12 14:00:00+00:00,FINISHED,340,Southampton FC,58,Aston Villa FC,0,3,0,0,AWAY_TEAM,2
497727,PL,2024,32,2025-04-12 14:00:00+00:00,FINISHED,351,Nottingham Forest FC,62,Everton FC,0,1,0,0,AWAY_TEAM,2
497722,PL,2024,32,2025-04-12 14:00:00+00:00,FINISHED,397,Brighton & Hove Albion FC,338,Leicester City FC,2,2,1,1,DRAW,1
498919,PD,2024,31,2025-04-12 14:15:00+00:00,FINISHED,82,Getafe CF,275,UD Las Palmas,1,3,1,0,AWAY_TEAM,2
503357,SA,2024,32,2025-04-12 16:00:00+00:00,FINISHED,108,FC Internazionale Milano,104,Cagliari Calcio,3,1,2,0,HOME_TEAM,0
497721,PL,2024,32,2025-04-12 16:30:00+00:00,FINISHED,57,Arsenal FC,402,Brentford FC,1,1,0,0,DRAW,1
498922,PD,2024,31,2025-04-12 16:30:00+00:00,FINISHED,558,RC Celta de Vigo,80,RCD Espanyol de Barcelona,0,2,0,1,AWAY_TEAM,2
503358,SA,2024,32,2025-04-12 18:45:00+00:00,FINISHED,109,Juventus FC,5890,US Lecce,2,1,2,0,HOME_TEAM,0
498917,PD,2024,31,2025-04-12 19:00:00+00:00,FINISHED,745,CD Leganés,81,FC Barcelona,0,1,0,0,AWAY_TEAM,2
503353,SA,2024,32,2025-04-13 10:30:00+00:00,FINISHED,102,Atalanta BC,103,Bologna FC 1909,2,0,2,0,HOME_TEAM,0
498916,PD,2024,31,2025-04-13 12:00:00+00:00,FINISHED,79,CA Osasuna,298,Girona FC,2,1,1,0,HOME_TEAM,0
497723,PL,2024,32,2025-04-13 13:00:00+00:00,FINISHED,61,Chelsea FC,349,Ipswich Town FC,2,2,0,2,DRAW,1
497729,PL,2024,32,2025-04-13 13:00:00+00:00,FINISHED,76,Wolverhampton Wanderers FC,73,Tottenham Hotspur FC,4,2,2,0,HOME_TEAM,0
503356,SA,2024,32,2025-04-13 13:00:00+00:00,FINISHED,450,Hellas Verona FC,107,Genoa CFC,0,0,0,0,DRAW,1
503355,SA,2024,32,2025-04-13 13:00:00+00:00,FINISHED,99,ACF Fiorentina,112,Parma Calcio 1913,0,0,0,0,DRAW,1
497724,PL,2024,32,2025-04-13 13:00:00+00:00,FINISHED,64,Liverpool FC,563,West Ham United FC,2,1,1,0,HOME_TEAM,0
498918,PD,2024,31,2025-04-13 14:15:00+00:00,FINISHED,263,Deportivo Alavés,86,Real Madrid CF,0,1,0,1,AWAY_TEAM,2
497726,PL,2024,32,2025-04-13 15:30:00+00:00,FINISHED,67,Newcastle United FC,66,Manchester United FC,4,1,1,1,HOME_TEAM,0
503354,SA,2024,32,2025-04-13 16:00:00+00:00,FINISHED,7397,Como 1907,586,Torino FC,1,0,1,0,HOME_TEAM,0
498915,PD,2024,31,2025-04-13 16:30:00+00:00,FINISHED,90,Real Betis Balompié,94,Villarreal CF,1,2,1,1,AWAY_TEAM,2
503359,SA,2024,32,2025-04-13 18:45:00+00:00,FINISHED,110,SS Lazio,100,AS Roma,1,1,0,0,DRAW,1
498913,PD,2024,31,2025-04-13 19:00:00+00:00,FINISHED,77,Athletic Club,87,Rayo Vallecano de Madrid,3,1,0,1,HOME_TEAM,0
503360,SA,2024,32,2025-04-14 18:45:00+00:00,FINISHED,113,SSC Napoli,445,Empoli FC,3,0,1,0,HOME_TEAM,0
498914,PD,2024,31,2025-04-14 19:00:00+00:00,FINISHED,78,Club Atlético de Madrid,250,Real Valladolid CF,4,2,2,1,HOME_TEAM,0
497720,PL,2024,32,2025-04-14 19:00:00+00:00,FINISHED,1044,AFC Bournemouth,63,Fulham FC,1,0,1,0,HOME_TEAM,0
497698,PL,2024,29,2025-04-16 18:30:00+00:00,FINISHED,67,Newcastle United FC,354,Crystal Palace FC,5,0,4,0,HOME_TEAM,0
498932,PD,2024,32,2025-04-18 19:00:00+00:00,FINISHED,80,RCD Espanyol de Barcelona,82,Getafe CF,1,0,1,0,HOME_TEAM,0
498927,PD,2024,32,2025-04-19 12:00:00+00:00,FINISHED,87,Rayo Vallecano de Madrid,95,Valencia CF,1,1,1,0,DRAW,1
503367,SA,2024,33,2025-04-19 13:00:00+00:00,FINISHED,5890,US Lecce,7397,Como 1907,0,3,0,1,AWAY_TEAM,2
497732,PL,2024,33,2025-04-19 14:00:00+00:00,FINISHED,354,Crystal Palace FC,1044,AFC Bournemouth,0,0,0,0,DRAW,1
497733,PL,2024,33,2025-04-19 14:00:00+00:00,FINISHED,62,Everton FC,65,Manchester City FC,0,2,0,0,AWAY_TEAM,2
497739,PL,2024,33,2025-04-19 14:00:00+00:00,FINISHED,563,West Ham United FC,340,Southampton FC,1,1,0,0,DRAW,1
497731,PL,2024,33,2025-04-19 14:00:00+00:00,FINISHED,402,Brentford FC,397,Brighton & Hove Albion FC,4,2,1,1,HOME_TEAM,0
498923,PD,2024,32,2025-04-19 14:15:00+00:00,FINISHED,81,FC Barcelona,558,RC Celta de Vigo,4,3,1,1,HOME_TEAM,0
503369,SA,2024,33,2025-04-19 16:00:00+00:00,FINISHED,5911,AC Monza,113,SSC Napoli,0,1,0,0,AWAY_TEAM,2
497730,PL,2024,33,2025-04-19 16:30:00+00:00,FINISHED,58,Aston Villa FC,67,Newcastle United FC,4,1,1,1,HOME_TEAM,0
498928,PD,2024,32,2025-04-19 16:30:00+00:00,FINISHED,89,RCD Mallorca,745,CD Leganés,0,0,0,0,DRAW,1
503371,SA,2024,33,2025-04-19 18:45:00+00:00,FINISHED,100,AS Roma,450,Hellas Verona FC,1,0,1,0,HOME_TEAM,0
498931,PD,2024,32,2025-04-19 19:00:00+00:00,FINISHED,275,UD Las Palmas,78,Club Atlético de Madrid,1,0,0,0,HOME_TEAM,0
498930,PD,2024,32,2025-04-20 12:00:00+00:00,FINISHED,250,Real Valladolid CF,79,CA Osasuna,2,3,0,2,AWAY_TEAM,2
497734,PL,2024,33,2025-04-20 13:00:00+00:00,FINISHED,63,Fulham FC,61,Chelsea FC,1,2,1,0,AWAY_TEAM,2
497735,PL,2024,33,2025-04-20 13:00:00+00:00,FINISHED,349,Ipswich Town FC,57,Arsenal FC,0,4,0,2,AWAY_TEAM,2
497737,PL,2024,33,2025-04-20 13:00:00+00:00,FINISHED,66,Manchester United FC,76,Wolverhampton Wanderers FC,0,1,0,0,AWAY_TEAM,2
503365,SA,2024,33,2025-04-20 13:00:00+00:00,FINISHED,445,Empoli FC,454,Venezia FC,2,2,0,0,DRAW,1
498926,PD,2024,32,2025-04-20 14:15:00+00:00,FINISHED,94,Villarreal CF,92,Real Sociedad de Fútbol,2,2,1,1,DRAW,1
497736,PL,2024,33,2025-04-20 15:30:00+00:00,FINISHED,338,Leicester City FC,64,Liverpool FC,0,1,0,0,AWAY_TEAM,2
503363,SA,2024,33,2025-04-20 16:00:00+00:00,FINISHED,103,Bologna FC 1909,108,FC Internazionale Milano,1,0,0,0,HOME_TEAM,0
498925,PD,2024,32,2025-04-20 16:30:00+00:00,FINISHED,559,Sevilla FC,263,Deportivo Alavés,1,1,1,1,DRAW,1
503368,SA,2024,33,2025-04-20 18:45:00+00:00,FINISHED,98,AC Milan,102,Atalanta BC,0,1,0,0,AWAY_TEAM,2
498929,PD,2024,32,2025-04-20 19:00:00+00:00,FINISHED,86,Real Madrid CF,77,Athletic Club,1,0,0,0,HOME_TEAM,0
497738,PL,2024,33,2025-04-21 19:00:00+00:00,FINISHED,73,Tottenham Hotspur FC,351,Nottingham Forest FC,1,2,0,2,AWAY_TEAM,2
498924,PD,2024,32,2025-04-21 19:00:00+00:00,FINISHED,298,Girona FC,90,Real Betis Balompié,1,3,0,3,AWAY_TEAM,2
498942,PD,2024,33,2025-04-22 17:00:00+00:00,FINISHED,95,Valencia CF,80,RCD Espanyol de Barcelona,1,1,0,1,DRAW,1
497745,PL,2024,34,2025-04-22 19:00:00+00:00,FINISHED,65,Manchester City FC,58,Aston Villa FC,2,1,1,1,HOME_TEAM,0
498940,PD,2024,33,2025-04-22 19:30:00+00:00,FINISHED,81,FC Barcelona,89,RCD Mallorca,1,0,0,0,HOME_TEAM,0
503364,SA,2024,33,2025-04-23 16:30:00+00:00,FINISHED,104,Cagliari Calcio,99,ACF Fiorentina,1,2,1,1,AWAY_TEAM,2
503366,SA,2024,33,2025-04-23 16:30:00+00:00,FINISHED,107,Genoa CFC,110,SS Lazio,0,2,0,1,AWAY_TEAM,2
503370,SA,2024,33,2025-04-23 16:30:00+00:00,FINISHED,112,Parma Calcio 1913,109,Juventus FC,1,0,1,0,HOME_TEAM,0
503372,SA,2024,33,2025-04-23 16:30:00+00:00,FINISHED,586,Torino FC,115,Udinese Calcio,2,0,1,0,HOME_TEAM,0
498938,PD,2024,33,2025-04-23 17:00:00+00:00,FINISHED,558,RC Celta de Vigo,94,Villarreal CF,3,0,1,0,HOME_TEAM,0
498933,PD,2024,33,2025-04-23 17:00:00+00:00,FINISHED,77,Athletic Club,275,UD Las Palmas,1,0,1,0,HOME_TEAM,0
497741,PL,2024,34,2025-04-23 19:00:00+00:00,FINISHED,57,Arsenal FC,354,Crystal Palace FC,2,2,2,1,DRAW,1
498939,PD,2024,33,2025-04-23 19:30:00+00:00,FINISHED,263,Deportivo Alavés,92,Real Sociedad de Fútbol,1,0,0,0,HOME_TEAM,0
498941,PD,2024,33,2025-04-23 19:30:00+00:00,FINISHED,82,Getafe CF,86,Real Madrid CF,0,1,0,1,AWAY_TEAM,2
498936,PD,2024,33,2025-04-24 17:00:00+00:00,FINISHED,79,CA Osasuna,559,Sevilla FC,1,0,1,0,HOME_TEAM,0
498937,PD,2024,33,2025-04-24 17:00:00+00:00,FINISHED,745,CD Leganés,298,Girona FC,1,1,0,0,DRAW,1
498934,PD,2024,33,2025-04-24 19:30:00+00:00,FINISHED,78,Club Atlético de Madrid,87,Rayo Vallecano de Madrid,3,0,2,0,HOME_TEAM,0
498935,PD,2024,33,2025-04-24 19:30:00+00:00,FINISHED,90,Real Betis Balompié,250,Real Valladolid CF,5,1,1,1,HOME_TEAM,0
497743,PL,2024,34,2025-04-26 11:30:00+00:00,FINISHED,61,Chelsea FC,62,Everton FC,1,0,1,0,HOME_TEAM,0
497742,PL,2024,34,2025-04-26 14:00:00+00:00,FINISHED,397,Brighton & Hove Albion FC,563,West Ham United FC,3,2,1,0,HOME_TEAM,0
497746,PL,2024,34,2025-04-26 14:00:00+00:00,FINISHED,67,Newcastle United FC,349,Ipswich Town FC,3,0,1,0,HOME_TEAM,0
497748,PL,2024,34,2025-04-26 14:00:00+00:00,FINISHED,340,Southampton FC,63,Fulham FC,1,2,1,0,AWAY_TEAM,2
497749,PL,2024,34,2025-04-26 14:00:00+00:00,FINISHED,76,Wolverhampton Wanderers FC,338,Leicester City FC,3,0,1,0,HOME_TEAM,0
503374,SA,2024,34,2025-04-27 10:30:00+00:00,FINISHED,7397,Como 1907,107,Genoa CFC,1,0,0,0,HOME_TEAM,0
503382,SA,2024,34,2025-04-27 10:30:00+00:00,FINISHED,454,Venezia FC,98,AC Milan,0,2,0,1,AWAY_TEAM,2
497740,PL,2024,34,2025-04-27 13:00:00+00:00,FINISHED,1044,AFC Bournemouth,66,Manchester United FC,1,1,1,0,DRAW,1
503375,SA,2024,34,2025-04-27 13:00:00+00:00,FINISHED,99,ACF Fiorentina,445,Empoli FC,2,1,2,0,HOME_TEAM,0
503377,SA,2024,34,2025-04-27 13:00:00+00:00,FINISHED,108,FC Internazionale Milano,100,AS Roma,0,1,0,1,AWAY_TEAM,2
498872,PD,2024,26,2025-04-27 14:15:00+00:00,FINISHED,94,Villarreal CF,80,RCD Espanyol de Barcelona,1,0,0,0,HOME_TEAM,0
497744,PL,2024,34,2025-04-27 15:30:00+00:00,FINISHED,64,Liverpool FC,73,Tottenham Hotspur FC,5,1,3,1,HOME_TEAM,0
503378,SA,2024,34,2025-04-27 16:00:00+00:00,FINISHED,109,Juventus FC,5911,AC Monza,2,0,2,0,HOME_TEAM,0
503380,SA,2024,34,2025-04-27 18:45:00+00:00,FINISHED,113,SSC Napoli,586,Torino FC,2,0,2,0,HOME_TEAM,0
503373,SA,2024,34,2025-04-27 18:45:00+00:00,FINISHED,102,Atalanta BC,5890,US Lecce,1,1,0,1,DRAW,1
503381,SA,2024,34,2025-04-28 16:30:00+00:00,FINISHED,115,Udinese Calcio,103,Bologna FC 1909,0,0,0,0,DRAW,1
503376,SA,2024,34,2025-04-28 18:45:00+00:00,FINISHED,450,Hellas Verona FC,104,Cagliari Calcio,0,2,0,1,AWAY_TEAM,2
503379,SA,2024,34,2025-04-28 18:45:00+00:00,FINISHED,110,SS Lazio,112,Parma Calcio 1913,2,2,0,1,DRAW,1
497747,PL,2024,34,2025-05-01 18:30:00+00:00,FINISHED,351,Nottingham Forest FC,402,Brentford FC,0,2,0,1,AWAY_TEAM,2
503392,SA,2024,35,2025-05-02 18:45:00+00:00,FINISHED,586,Torino FC,454,Venezia FC,1,1,0,1,DRAW,1
497758,PL,2024,35,2025-05-02 19:00:00+00:00,FINISHED,65,Manchester City FC,76,Wolverhampton Wanderers FC,1,0,1,0,HOME_TEAM,0
498947,PD,2024,34,2025-05-02 19:00:00+00:00,FINISHED,87,Rayo Vallecano de Madrid,82,Getafe CF,1,0,1,0,HOME_TEAM,0
497751,PL,2024,35,2025-05-03 11:30:00+00:00,FINISHED,58,Aston Villa FC,63,Fulham FC,1,0,1,0,HOME_TEAM,0
498943,PD,2024,34,2025-05-03 12:00:00+00:00,FINISHED,263,Deportivo Alavés,78,Club Atlético de Madrid,0,0,0,0,DRAW,1
503390,SA,2024,35,2025-05-03 13:00:00+00:00,FINISHED,112,Parma Calcio 1913,7397,Como 1907,0,1,0,0,AWAY_TEAM,2
503384,SA,2024,35,2025-05-03 13:00:00+00:00,FINISHED,104,Cagliari Calcio,115,Udinese Calcio,1,2,1,1,AWAY_TEAM,2
497756,PL,2024,35,2025-05-03 14:00:00+00:00,FINISHED,62,Everton FC,349,Ipswich Town FC,2,2,2,1,DRAW,1
497757,PL,2024,35,2025-05-03 14:00:00+00:00,FINISHED,338,Leicester City FC,340,Southampton FC,2,0,2,0,HOME_TEAM,0
498946,PD,2024,34,2025-05-03 14:15:00+00:00,FINISHED,94,Villarreal CF,79,CA Osasuna,4,2,3,0,HOME_TEAM,0
503388,SA,2024,35,2025-05-03 16:00:00+00:00,FINISHED,5890,US Lecce,113,SSC Napoli,0,1,0,1,AWAY_TEAM,2
497750,PL,2024,35,2025-05-03 16:30:00+00:00,FINISHED,57,Arsenal FC,1044,AFC Bournemouth,1,2,1,0,AWAY_TEAM,2
498951,PD,2024,34,2025-05-03 16:30:00+00:00,FINISHED,275,UD Las Palmas,95,Valencia CF,2,3,1,1,AWAY_TEAM,2
503387,SA,2024,35,2025-05-03 18:45:00+00:00,FINISHED,108,FC Internazionale Milano,450,Hellas Verona FC,1,0,1,0,HOME_TEAM,0
498950,PD,2024,34,2025-05-03 19:00:00+00:00,FINISHED,250,Real Valladolid CF,81,FC Barcelona,1,2,1,0,AWAY_TEAM,2
503385,SA,2024,35,2025-05-04 10:30:00+00:00,FINISHED,445,Empoli FC,110,SS Lazio,0,1,0,1,AWAY_TEAM,2
498948,PD,2024,34,2025-05-04 12:00:00+00:00,FINISHED,86,Real Madrid CF,558,RC Celta de Vigo,3,2,2,0,HOME_TEAM,0
497752,PL,2024,35,2025-05-04 13:00:00+00:00,FINISHED,402,Brentford FC,66,Manchester United FC,4,3,2,1,HOME_TEAM,0
503389,SA,2024,35,2025-05-04 13:00:00+00:00,FINISHED,5911,AC Monza,102,Atalanta BC,0,4,0,2,AWAY_TEAM,2
497753,PL,2024,35,2025-05-04 13:00:00+00:00,FINISHED,397,Brighton & Hove Albion FC,67,Newcastle United FC,1,1,1,0,DRAW,1
497759,PL,2024,35,2025-05-04 13:00:00+00:00,FINISHED,563,West Ham United FC,73,Tottenham Hotspur FC,1,1,1,1,DRAW,1
498945,PD,2024,34,2025-05-04 14:15:00+00:00,FINISHED,559,Sevilla FC,745,CD Leganés,2,2,1,1,DRAW,1
497754,PL,2024,35,2025-05-04 15:30:00+00:00,FINISHED,61,Chelsea FC,64,Liverpool FC,3,1,1,0,HOME_TEAM,0
503391,SA,2024,35,2025-05-04 16:00:00+00:00,FINISHED,100,AS Roma,99,ACF Fiorentina,1,0,1,0,HOME_TEAM,0
498952,PD,2024,34,2025-05-04 16:30:00+00:00,FINISHED,80,RCD Espanyol de Barcelona,90,Real Betis Balompié,1,2,1,0,AWAY_TEAM,2
503383,SA,2024,35,2025-05-04 18:45:00+00:00,FINISHED,103,Bologna FC 1909,109,Juventus FC,1,1,0,1,DRAW,1
498949,PD,2024,34,2025-05-04 19:00:00+00:00,FINISHED,92,Real Sociedad de Fútbol,77,Athletic Club,0,0,0,0,DRAW,1
503386,SA,2024,35,2025-05-05 18:45:00+00:00,FINISHED,107,Genoa CFC,98,AC Milan,1,2,0,0,AWAY_TEAM,2
497755,PL,2024,35,2025-05-05 19:00:00+00:00,FINISHED,354,Crystal Palace FC,351,Nottingham Forest FC,1,1,0,0,DRAW,1
498944,PD,2024,34,2025-05-05 19:00:00+00:00,FINISHED,298,Girona FC,89,RCD Mallorca,1,0,1,0,HOME_TEAM,0
503398,SA,2024,36,2025-05-09 18:45:00+00:00,FINISHED,98,AC Milan,103,Bologna FC 1909,3,1,0,0,HOME_TEAM,0
498961,PD,2024,35,2025-05-09 19:00:00+00:00,FINISHED,275,UD Las Palmas,87,Rayo Vallecano de Madrid,0,1,0,0,AWAY_TEAM,2
498959,PD,2024,35,2025-05-10 12:00:00+00:00,FINISHED,95,Valencia CF,82,Getafe CF,3,0,3,0,HOME_TEAM,0
503394,SA,2024,36,2025-05-10 13:00:00+00:00,FINISHED,7397,Como 1907,104,Cagliari Calcio,3,1,2,1,HOME_TEAM,0
497769,PL,2024,36,2025-05-10 14:00:00+00:00,FINISHED,76,Wolverhampton Wanderers FC,397,Brighton & Hove Albion FC,0,2,0,1,AWAY_TEAM,2
497762,PL,2024,36,2025-05-10 14:00:00+00:00,FINISHED,349,Ipswich Town FC,402,Brentford FC,0,1,0,1,AWAY_TEAM,2
497761,PL,2024,36,2025-05-10 14:00:00+00:00,FINISHED,63,Fulham FC,62,Everton FC,1,3,1,1,AWAY_TEAM,2
497767,PL,2024,36,2025-05-10 14:00:00+00:00,FINISHED,340,Southampton FC,65,Manchester City FC,0,0,0,0,DRAW,1
498956,PD,2024,35,2025-05-10 14:15:00+00:00,FINISHED,558,RC Celta de Vigo,559,Sevilla FC,3,2,1,1,HOME_TEAM,0
503397,SA,2024,36,2025-05-10 16:00:00+00:00,FINISHED,110,SS Lazio,109,Juventus FC,1,1,0,0,DRAW,1
497760,PL,2024,36,2025-05-10 16:30:00+00:00,FINISHED,1044,AFC Bournemouth,58,Aston Villa FC,0,1,0,1,AWAY_TEAM,2
498958,PD,2024,35,2025-05-10 16:30:00+00:00,FINISHED,298,Girona FC,94,Villarreal CF,0,1,0,0,AWAY_TEAM,2
498960,PD,2024,35,2025-05-10 16:30:00+00:00,FINISHED,89,RCD Mallorca,250,Real Valladolid CF,2,1,1,1,HOME_TEAM,0
503395,SA,2024,36,2025-05-10 18:45:00+00:00,FINISHED,445,Empoli FC,112,Parma Calcio 1913,2,1,1,0,HOME_TEAM,0
498954,PD,2024,35,2025-05-10 19:00:00+00:00,FINISHED,78,Club Atlético de Madrid,92,Real Sociedad de Fútbol,4,0,4,0,HOME_TEAM,0
503401,SA,2024,36,2025-05-11 10:30:00+00:00,FINISHED,115,Udinese Calcio,5911,AC Monza,1,2,0,0,AWAY_TEAM,2
497765,PL,2024,36,2025-05-11 11:00:00+00:00,FINISHED,67,Newcastle United FC,61,Chelsea FC,2,0,1,0,HOME_TEAM,0
498962,PD,2024,35,2025-05-11 12:00:00+00:00,FINISHED,745,CD Leganés,80,RCD Espanyol de Barcelona,3,2,2,0,HOME_TEAM,0
503396,SA,2024,36,2025-05-11 13:00:00+00:00,FINISHED,450,Hellas Verona FC,5890,US Lecce,1,1,1,1,DRAW,1
497764,PL,2024,36,2025-05-11 13:15:00+00:00,FINISHED,66,Manchester United FC,563,West Ham United FC,0,2,0,1,AWAY_TEAM,2
497766,PL,2024,36,2025-05-11 13:15:00+00:00,FINISHED,351,Nottingham Forest FC,338,Leicester City FC,2,2,1,1,DRAW,1
497768,PL,2024,36,2025-05-11 13:15:00+00:00,FINISHED,73,Tottenham Hotspur FC,354,Crystal Palace FC,0,2,0,1,AWAY_TEAM,2
498957,PD,2024,35,2025-05-11 14:15:00+00:00,FINISHED,81,FC Barcelona,86,Real Madrid CF,4,3,4,2,HOME_TEAM,0
497763,PL,2024,36,2025-05-11 15:30:00+00:00,FINISHED,64,Liverpool FC,57,Arsenal FC,2,2,2,0,DRAW,1
503400,SA,2024,36,2025-05-11 16:00:00+00:00,FINISHED,586,Torino FC,108,FC Internazionale Milano,0,2,0,1,AWAY_TEAM,2
498953,PD,2024,35,2025-05-11 16:30:00+00:00,FINISHED,77,Athletic Club,263,Deportivo Alavés,1,0,0,0,HOME_TEAM,0
503399,SA,2024,36,2025-05-11 18:45:00+00:00,FINISHED,113,SSC Napoli,107,Genoa CFC,2,2,1,1,DRAW,1
498955,PD,2024,35,2025-05-11 19:00:00+00:00,FINISHED,90,Real Betis Balompié,79,CA Osasuna,1,1,0,0,DRAW,1
503402,SA,2024,36,2025-05-12 16:30:00+00:00,FINISHED,454,Venezia FC,99,ACF Fiorentina,2,1,0,0,HOME_TEAM,0
503393,SA,2024,36,2025-05-12 18:45:00+00:00,FINISHED,102,Atalanta BC,100,AS Roma,2,1,1,1,HOME_TEAM,0
498971,PD,2024,36,2025-05-13 17:00:00+00:00,FINISHED,250,Real Valladolid CF,298,Girona FC,0,1,0,0,AWAY_TEAM,2
498970,PD,2024,36,2025-05-13 18:00:00+00:00,FINISHED,92,Real Sociedad de Fútbol,558,RC Celta de Vigo,0,1,0,1,AWAY_TEAM,2
498966,PD,2024,36,2025-05-13 19:30:00+00:00,FINISHED,559,Sevilla FC,275,UD Las Palmas,1,0,0,0,HOME_TEAM,0
498964,PD,2024,36,2025-05-14 17:00:00+00:00,FINISHED,263,Deportivo Alavés,95,Valencia CF,1,0,0,0,HOME_TEAM,0
498967,PD,2024,36,2025-05-14 17:00:00+00:00,FINISHED,94,Villarreal CF,745,CD Leganés,3,0,3,0,HOME_TEAM,0
498969,PD,2024,36,2025-05-14 19:30:00+00:00,FINISHED,86,Real Madrid CF,89,RCD Mallorca,2,1,0,1,HOME_TEAM,0
498963,PD,2024,36,2025-05-15 17:00:00+00:00,FINISHED,79,CA Osasuna,78,Club Atlético de Madrid,2,0,1,0,HOME_TEAM,0
498968,PD,2024,36,2025-05-15 17:00:00+00:00,FINISHED,87,Rayo Vallecano de Madrid,90,Real Betis Balompié,2,2,2,0,DRAW,1
498965,PD,2024,36,2025-05-15 19:30:00+00:00,FINISHED,82,Getafe CF,77,Athletic Club,0,2,0,0,AWAY_TEAM,2
498972,PD,2024,36,2025-05-15 19:30:00+00:00,FINISHED,80,RCD Espanyol de Barcelona,81,FC Barcelona,0,2,0,0,AWAY_TEAM,2
497771,PL,2024,37,2025-05-16 18:30:00+00:00,FINISHED,58,Aston Villa FC,73,Tottenham Hotspur FC,2,0,0,0,HOME_TEAM,0
497774,PL,2024,37,2025-05-16 19:15:00+00:00,FINISHED,61,Chelsea FC,66,Manchester United FC,1,0,0,0,HOME_TEAM,0
503405,SA,2024,37,2025-05-17 18:45:00+00:00,FINISHED,107,Genoa CFC,102,Atalanta BC,2,3,1,0,AWAY_TEAM,2
497776,PL,2024,37,2025-05-18 11:00:00+00:00,FINISHED,62,Everton FC,340,Southampton FC,2,0,2,0,HOME_TEAM,0
497779,PL,2024,37,2025-05-18 13:15:00+00:00,FINISHED,563,West Ham United FC,351,Nottingham Forest FC,1,2,0,1,AWAY_TEAM,2
497777,PL,2024,37,2025-05-18 14:00:00+00:00,FINISHED,338,Leicester City FC,349,Ipswich Town FC,2,0,1,0,HOME_TEAM,0
497772,PL,2024,37,2025-05-18 14:00:00+00:00,FINISHED,402,Brentford FC,63,Fulham FC,2,3,2,1,AWAY_TEAM,2
497770,PL,2024,37,2025-05-18 15:30:00+00:00,FINISHED,57,Arsenal FC,67,Newcastle United FC,1,0,0,0,HOME_TEAM,0
498979,PD,2024,37,2025-05-18 17:00:00+00:00,FINISHED,92,Real Sociedad de Fútbol,298,Girona FC,3,2,2,1,HOME_TEAM,0
498975,PD,2024,37,2025-05-18 17:00:00+00:00,FINISHED,81,FC Barcelona,94,Villarreal CF,2,3,2,1,AWAY_TEAM,2
498976,PD,2024,37,2025-05-18 17:00:00+00:00,FINISHED,559,Sevilla FC,86,Real Madrid CF,0,2,0,0,AWAY_TEAM,2
498977,PD,2024,37,2025-05-18 17:00:00+00:00,FINISHED,95,Valencia CF,77,Athletic Club,0,1,0,0,AWAY_TEAM,2
498978,PD,2024,37,2025-05-18 17:00:00+00:00,FINISHED,89,RCD Mallorca,82,Getafe CF,1,2,0,0,AWAY_TEAM,2
498974,PD,2024,37,2025-05-18 17:00:00+00:00,FINISHED,558,RC Celta de Vigo,87,Rayo Vallecano de Madrid,1,2,1,2,AWAY_TEAM,2
498973,PD,2024,37,2025-05-18 17:00:00+00:00,FINISHED,78,Club Atlético de Madrid,90,Real Betis Balompié,4,1,2,0,HOME_TEAM,0
498982,PD,2024,37,2025-05-18 17:00:00+00:00,FINISHED,79,CA Osasuna,80,RCD Espanyol de Barcelona,2,0,1,0,HOME_TEAM,0
498981,PD,2024,37,2025-05-18 17:00:00+00:00,FINISHED,275,UD Las Palmas,745,CD Leganés,0,1,0,1,AWAY_TEAM,2
498980,PD,2024,37,2025-05-18 17:00:00+00:00,FINISHED,250,Real Valladolid CF,263,Deportivo Alavés,0,1,0,1,AWAY_TEAM,2
503407,SA,2024,37,2025-05-18 18:45:00+00:00,FINISHED,108,FC Internazionale Milano,110,SS Lazio,2,2,1,0,DRAW,1
503410,SA,2024,37,2025-05-18 18:45:00+00:00,FINISHED,5911,AC Monza,445,Empoli FC,1,3,1,0,AWAY_TEAM,2
503404,SA,2024,37,2025-05-18 18:45:00+00:00,FINISHED,99,ACF Fiorentina,103,Bologna FC 1909,3,2,1,0,HOME_TEAM,0
503403,SA,2024,37,2025-05-18 18:45:00+00:00,FINISHED,104,Cagliari Calcio,454,Venezia FC,3,0,2,0,HOME_TEAM,0
503409,SA,2024,37,2025-05-18 18:45:00+00:00,FINISHED,5890,US Lecce,586,Torino FC,1,0,0,0,HOME_TEAM,0
503411,SA,2024,37,2025-05-18 18:45:00+00:00,FINISHED,112,Parma Calcio 1913,113,SSC Napoli,0,0,0,0,DRAW,1
503408,SA,2024,37,2025-05-18 18:45:00+00:00,FINISHED,109,Juventus FC,115,Udinese Calcio,2,0,0,0,HOME_TEAM,0
503406,SA,2024,37,2025-05-18 18:45:00+00:00,FINISHED,450,Hellas Verona FC,7397,Como 1907,1,1,0,1,DRAW,1
503412,SA,2024,37,2025-05-18 18:45:00+00:00,FINISHED,100,AS Roma,98,AC Milan,3,1,1,1,HOME_TEAM,0
497773,PL,2024,37,2025-05-19 19:00:00+00:00,FINISHED,397,Brighton & Hove Albion FC,64,Liverpool FC,3,2,1,2,HOME_TEAM,0
497775,PL,2024,37,2025-05-20 19:00:00+00:00,FINISHED,354,Crystal Palace FC,76,Wolverhampton Wanderers FC,4,2,2,1,HOME_TEAM,0
497778,PL,2024,37,2025-05-20 19:00:00+00:00,FINISHED,65,Manchester City FC,1044,AFC Bournemouth,3,1,2,0,HOME_TEAM,0
503419,SA,2024,38,2025-05-23 18:45:00+00:00,FINISHED,113,SSC Napoli,104,Cagliari Calcio,2,0,1,0,HOME_TEAM,0
503415,SA,2024,38,2025-05-23 18:45:00+00:00,FINISHED,7397,Como 1907,108,FC Internazionale Milano,0,2,0,1,AWAY_TEAM,2
498984,PD,2024,38,2025-05-23 19:00:00+00:00,FINISHED,90,Real Betis Balompié,95,Valencia CF,1,1,1,0,DRAW,1
498991,PD,2024,38,2025-05-24 14:15:00+00:00,FINISHED,86,Real Madrid CF,92,Real Sociedad de Fútbol,2,0,1,0,HOME_TEAM,0
503414,SA,2024,38,2025-05-24 16:00:00+00:00,FINISHED,103,Bologna FC 1909,107,Genoa CFC,1,3,0,3,AWAY_TEAM,2
498985,PD,2024,38,2025-05-24 16:30:00+00:00,FINISHED,745,CD Leganés,250,Real Valladolid CF,3,0,3,0,HOME_TEAM,0
498992,PD,2024,38,2025-05-24 16:30:00+00:00,FINISHED,80,RCD Espanyol de Barcelona,275,UD Las Palmas,2,0,0,0,HOME_TEAM,0
503418,SA,2024,38,2025-05-24 18:45:00+00:00,FINISHED,98,AC Milan,5911,AC Monza,2,0,0,0,HOME_TEAM,0
498986,PD,2024,38,2025-05-24 19:00:00+00:00,FINISHED,263,Deportivo Alavés,79,CA Osasuna,1,1,0,0,DRAW,1
498987,PD,2024,38,2025-05-24 19:00:00+00:00,FINISHED,82,Getafe CF,558,RC Celta de Vigo,1,2,1,1,AWAY_TEAM,2
498990,PD,2024,38,2025-05-24 19:00:00+00:00,FINISHED,87,Rayo Vallecano de Madrid,89,RCD Mallorca,0,0,0,0,DRAW,1
498988,PD,2024,38,2025-05-25 12:00:00+00:00,FINISHED,298,Girona FC,78,Club Atlético de Madrid,0,4,0,0,AWAY_TEAM,2
498989,PD,2024,38,2025-05-25 14:15:00+00:00,FINISHED,94,Villarreal CF,559,Sevilla FC,4,2,3,1,HOME_TEAM,0
497789,PL,2024,38,2025-05-25 15:00:00+00:00,FINISHED,76,Wolverhampton Wanderers FC,402,Brentford FC,1,1,0,1,DRAW,1
497788,PL,2024,38,2025-05-25 15:00:00+00:00,FINISHED,73,Tottenham Hotspur FC,397,Brighton & Hove Albion FC,1,4,1,0,AWAY_TEAM,2
497782,PL,2024,38,2025-05-25 15:00:00+00:00,FINISHED,349,Ipswich Town FC,563,West Ham United FC,1,3,0,1,AWAY_TEAM,2
497780,PL,2024,38,2025-05-25 15:00:00+00:00,FINISHED,1044,AFC Bournemouth,338,Leicester City FC,2,0,0,0,HOME_TEAM,0
497781,PL,2024,38,2025-05-25 15:00:00+00:00,FINISHED,63,Fulham FC,65,Manchester City FC,0,2,0,1,AWAY_TEAM,2
497787,PL,2024,38,2025-05-25 15:00:00+00:00,FINISHED,340,Southampton FC,57,Arsenal FC,1,2,0,1,AWAY_TEAM,2
497786,PL,2024,38,2025-05-25 15:00:00+00:00,FINISHED,351,Nottingham Forest FC,61,Chelsea FC,0,1,0,0,AWAY_TEAM,2
497785,PL,2024,38,2025-05-25 15:00:00+00:00,FINISHED,67,Newcastle United FC,62,Everton FC,0,1,0,0,AWAY_TEAM,2
497784,PL,2024,38,2025-05-25 15:00:00+00:00,FINISHED,66,Manchester United FC,58,Aston Villa FC,2,0,0,0,HOME_TEAM,0
497783,PL,2024,38,2025-05-25 15:00:00+00:00,FINISHED,64,Liverpool FC,354,Crystal Palace FC,1,1,0,1,DRAW,1
503420,SA,2024,38,2025-05-25 18:45:00+00:00,FINISHED,586,Torino FC,100,AS Roma,0,2,0,1,AWAY_TEAM,2
503417,SA,2024,38,2025-05-25 18:45:00+00:00,FINISHED,110,SS Lazio,5890,US Lecce,0,1,0,1,AWAY_TEAM,2
503416,SA,2024,38,2025-05-25 18:45:00+00:00,FINISHED,445,Empoli FC,450,Hellas Verona FC,1,2,1,1,AWAY_TEAM,2
503413,SA,2024,38,2025-05-25 18:45:00+00:00,FINISHED,102,Atalanta BC,112,Parma Calcio 1913,2,3,2,0,AWAY_TEAM,2
503421,SA,2024,38,2025-05-25 18:45:00+00:00,FINISHED,115,Udinese Calcio,99,ACF Fiorentina,2,3,1,0,AWAY_TEAM,2
503422,SA,2024,38,2025-05-25 18:45:00+00:00,FINISHED,454,Venezia FC,109,Juventus FC,2,3,1,2,AWAY_TEAM,2
498983,PD,2024,38,2025-05-25 19:00:00+00:00,FINISHED,77,Athletic Club,81,FC Barcelona,0,3,0,2,AWAY_TEAM,2
544214,PD,2025,1,2025-08-15 17:00:00+00:00,FINISHED,298,Girona FC,87,Rayo Vallecano de Madrid,1,3,0,3,AWAY_TEAM,2
537785,PL,2025,1,2025-08-15 19:00:00+00:00,FINISHED,64,Liverpool FC,1044,AFC Bournemouth,4,2,1,0,HOME_TEAM,0
544220,PD,2025,1,2025-08-15 19:30:00+00:00,FINISHED,94,Villarreal CF,1048,Real Oviedo,2,0,2,0,HOME_TEAM,0
537786,PL,2025,1,2025-08-16 11:30:00+00:00,FINISHED,58,Aston Villa FC,67,Newcastle United FC,0,0,0,0,DRAW,1
537787,PL,2025,1,2025-08-16 14:00:00+00:00,FINISHED,397,Brighton & Hove Albion FC,63,Fulham FC,1,1,0,0,DRAW,1
537789,PL,2025,1,2025-08-16 14:00:00+00:00,FINISHED,71,Sunderland AFC,563,West Ham United FC,3,0,0,0,HOME_TEAM,0
537790,PL,2025,1,2025-08-16 14:00:00+00:00,FINISHED,73,Tottenham Hotspur FC,328,Burnley FC,3,0,1,0,HOME_TEAM,0
537791,PL,2025,1,2025-08-16 16:30:00+00:00,FINISHED,76,Wolverhampton Wanderers FC,65,Manchester City FC,0,4,0,2,AWAY_TEAM,2
544216,PD,2025,1,2025-08-16 17:30:00+00:00,FINISHED,89,RCD Mallorca,81,FC Barcelona,0,3,0,2,AWAY_TEAM,2
544211,PD,2025,1,2025-08-16 19:30:00+00:00,FINISHED,263,Deportivo Alavés,88,Levante UD,2,1,1,0,HOME_TEAM,0
544219,PD,2025,1,2025-08-16 19:30:00+00:00,FINISHED,95,Valencia CF,92,Real Sociedad de Fútbol,1,1,0,0,DRAW,1
537788,PL,2025,1,2025-08-17 13:00:00+00:00,FINISHED,351,Nottingham Forest FC,402,Brentford FC,3,1,3,0,HOME_TEAM,0
537792,PL,2025,1,2025-08-17 13:00:00+00:00,FINISHED,61,Chelsea FC,354,Crystal Palace FC,0,0,0,0,DRAW,1
544213,PD,2025,1,2025-08-17 15:00:00+00:00,FINISHED,558,RC Celta de Vigo,82,Getafe CF,0,2,0,0,AWAY_TEAM,2
537793,PL,2025,1,2025-08-17 15:30:00+00:00,FINISHED,66,Manchester United FC,57,Arsenal FC,0,1,0,1,AWAY_TEAM,2
544212,PD,2025,1,2025-08-17 17:30:00+00:00,FINISHED,77,Athletic Club,559,Sevilla FC,3,2,2,0,HOME_TEAM,0
544215,PD,2025,1,2025-08-17 19:30:00+00:00,FINISHED,80,RCD Espanyol de Barcelona,78,Club Atlético de Madrid,2,1,0,1,HOME_TEAM,0
544217,PD,2025,1,2025-08-18 19:00:00+00:00,FINISHED,285,Elche CF,90,Real Betis Balompié,1,1,0,1,DRAW,1
537794,PL,2025,1,2025-08-18 19:00:00+00:00,FINISHED,341,Leeds United FC,62,Everton FC,1,0,0,0,HOME_TEAM,0
544218,PD,2025,1,2025-08-19 19:00:00+00:00,FINISHED,86,Real Madrid CF,79,CA Osasuna,1,0,0,0,HOME_TEAM,0
537804,PL,2025,2,2025-08-22 19:00:00+00:00,FINISHED,563,West Ham United FC,61,Chelsea FC,1,5,1,3,AWAY_TEAM,2
544225,PD,2025,2,2025-08-22 19:30:00+00:00,FINISHED,90,Real Betis Balompié,263,Deportivo Alavés,1,0,1,0,HOME_TEAM,0
537802,PL,2025,2,2025-08-23 11:30:00+00:00,FINISHED,65,Manchester City FC,73,Tottenham Hotspur FC,0,2,0,2,AWAY_TEAM,2
537798,PL,2025,2,2025-08-23 14:00:00+00:00,FINISHED,402,Brentford FC,58,Aston Villa FC,1,0,1,0,HOME_TEAM,0
537799,PL,2025,2,2025-08-23 14:00:00+00:00,FINISHED,328,Burnley FC,71,Sunderland AFC,2,0,0,0,HOME_TEAM,0
537795,PL,2025,2,2025-08-23 14:00:00+00:00,FINISHED,1044,AFC Bournemouth,76,Wolverhampton Wanderers FC,1,0,1,0,HOME_TEAM,0
544227,PD,2025,2,2025-08-23 15:00:00+00:00,FINISHED,89,RCD Mallorca,558,RC Celta de Vigo,1,1,0,1,DRAW,1
537797,PL,2025,2,2025-08-23 16:30:00+00:00,FINISHED,57,Arsenal FC,341,Leeds United FC,5,0,2,0,HOME_TEAM,0
536823,SA,2025,1,2025-08-23 16:30:00+00:00,FINISHED,471,US Sassuolo Calcio,113,SSC Napoli,0,2,0,1,AWAY_TEAM,2
536819,SA,2025,1,2025-08-23 16:30:00+00:00,FINISHED,107,Genoa CFC,5890,US Lecce,0,0,0,0,DRAW,1
544222,PD,2025,2,2025-08-23 17:30:00+00:00,FINISHED,78,Club Atlético de Madrid,285,Elche CF,1,1,1,1,DRAW,1
536816,SA,2025,1,2025-08-23 18:45:00+00:00,FINISHED,100,AS Roma,103,Bologna FC 1909,1,0,0,0,HOME_TEAM,0
536815,SA,2025,1,2025-08-23 18:45:00+00:00,FINISHED,98,AC Milan,457,US Cremonese,1,2,1,1,AWAY_TEAM,2
544226,PD,2025,2,2025-08-23 19:30:00+00:00,FINISHED,88,Levante UD,81,FC Barcelona,2,3,2,0,AWAY_TEAM,2
537800,PL,2025,2,2025-08-24 13:00:00+00:00,FINISHED,62,Everton FC,397,Brighton & Hove Albion FC,2,0,1,0,HOME_TEAM,0
537796,PL,2025,2,2025-08-24 13:00:00+00:00,FINISHED,354,Crystal Palace FC,351,Nottingham Forest FC,1,1,1,0,DRAW,1
544223,PD,2025,2,2025-08-24 15:00:00+00:00,FINISHED,79,CA Osasuna,95,Valencia CF,1,0,1,0,HOME_TEAM,0
537801,PL,2025,2,2025-08-24 15:30:00+00:00,FINISHED,63,Fulham FC,66,Manchester United FC,1,1,0,0,DRAW,1
536820,SA,2025,1,2025-08-24 16:30:00+00:00,FINISHED,7397,Como 1907,110,SS Lazio,2,0,0,0,HOME_TEAM,0
536818,SA,2025,1,2025-08-24 16:30:00+00:00,FINISHED,104,Cagliari Calcio,99,ACF Fiorentina,1,1,0,0,DRAW,1
544228,PD,2025,2,2025-08-24 17:30:00+00:00,FINISHED,92,Real Sociedad de Fútbol,80,RCD Espanyol de Barcelona,2,2,0,2,DRAW,1
544230,PD,2025,2,2025-08-24 17:30:00+00:00,FINISHED,94,Villarreal CF,298,Girona FC,5,0,4,0,HOME_TEAM,0
536822,SA,2025,1,2025-08-24 18:45:00+00:00,FINISHED,109,Juventus FC,112,Parma Calcio 1913,2,0,0,0,HOME_TEAM,0
536817,SA,2025,1,2025-08-24 18:45:00+00:00,FINISHED,102,Atalanta BC,487,AC Pisa 1909,1,1,0,1,DRAW,1
544224,PD,2025,2,2025-08-24 19:30:00+00:00,FINISHED,1048,Real Oviedo,86,Real Madrid CF,0,3,0,1,AWAY_TEAM,2
536824,SA,2025,1,2025-08-25 16:30:00+00:00,FINISHED,115,Udinese Calcio,450,Hellas Verona FC,1,1,0,0,DRAW,1
544221,PD,2025,2,2025-08-25 17:30:00+00:00,FINISHED,77,Athletic Club,87,Rayo Vallecano de Madrid,1,0,0,0,HOME_TEAM,0
536821,SA,2025,1,2025-08-25 18:45:00+00:00,FINISHED,108,FC Internazionale Milano,586,Torino FC,5,0,2,0,HOME_TEAM,0
537803,PL,2025,2,2025-08-25 19:00:00+00:00,FINISHED,67,Newcastle United FC,64,Liverpool FC,2,3,0,1,AWAY_TEAM,2
544229,PD,2025,2,2025-08-25 19:30:00+00:00,FINISHED,559,Sevilla FC,82,Getafe CF,1,2,1,1,AWAY_TEAM,2
544268,PD,2025,6,2025-08-27 19:00:00+00:00,FINISHED,558,RC Celta de Vigo,90,Real Betis Balompié,1,1,0,1,DRAW,1
536833,SA,2025,2,2025-08-29 16:30:00+00:00,FINISHED,457,US Cremonese,471,US Sassuolo Calcio,3,2,2,0,HOME_TEAM,0
544233,PD,2025,3,2025-08-29 17:30:00+00:00,FINISHED,285,Elche CF,88,Levante UD,2,0,0,0,HOME_TEAM,0
536834,SA,2025,2,2025-08-29 18:45:00+00:00,FINISHED,5890,US Lecce,98,AC Milan,0,2,0,0,AWAY_TEAM,2
544239,PD,2025,3,2025-08-29 19:30:00+00:00,FINISHED,95,Valencia CF,82,Getafe CF,3,0,1,0,HOME_TEAM,0
537808,PL,2025,3,2025-08-30 11:30:00+00:00,FINISHED,61,Chelsea FC,63,Fulham FC,2,0,1,0,HOME_TEAM,0
537814,PL,2025,3,2025-08-30 14:00:00+00:00,FINISHED,76,Wolverhampton Wanderers FC,62,Everton FC,2,3,1,2,AWAY_TEAM,2
537813,PL,2025,3,2025-08-30 14:00:00+00:00,FINISHED,73,Tottenham Hotspur FC,1044,AFC Bournemouth,0,1,0,1,AWAY_TEAM,2
537805,PL,2025,3,2025-08-30 14:00:00+00:00,FINISHED,71,Sunderland AFC,402,Brentford FC,2,1,0,0,HOME_TEAM,0
537811,PL,2025,3,2025-08-30 14:00:00+00:00,FINISHED,66,Manchester United FC,328,Burnley FC,3,2,1,0,HOME_TEAM,0
544231,PD,2025,3,2025-08-30 15:00:00+00:00,FINISHED,263,Deportivo Alavés,78,Club Atlético de Madrid,1,1,1,1,DRAW,1
536826,SA,2025,2,2025-08-30 16:30:00+00:00,FINISHED,103,Bologna FC 1909,7397,Como 1907,1,0,0,0,HOME_TEAM,0
536830,SA,2025,2,2025-08-30 16:30:00+00:00,FINISHED,112,Parma Calcio 1913,102,Atalanta BC,1,1,0,0,DRAW,1
537810,PL,2025,3,2025-08-30 16:30:00+00:00,FINISHED,341,Leeds United FC,67,Newcastle United FC,0,0,0,0,DRAW,1
544236,PD,2025,3,2025-08-30 17:00:00+00:00,FINISHED,1048,Real Oviedo,92,Real Sociedad de Fútbol,1,0,1,0,HOME_TEAM,0
544235,PD,2025,3,2025-08-30 17:30:00+00:00,FINISHED,298,Girona FC,559,Sevilla FC,0,2,0,1,AWAY_TEAM,2
536832,SA,2025,2,2025-08-30 18:45:00+00:00,FINISHED,113,SSC Napoli,104,Cagliari Calcio,1,0,0,0,HOME_TEAM,0
536831,SA,2025,2,2025-08-30 18:45:00+00:00,FINISHED,487,AC Pisa 1909,100,AS Roma,0,1,0,0,AWAY_TEAM,2
544240,PD,2025,3,2025-08-30 19:30:00+00:00,FINISHED,86,Real Madrid CF,89,RCD Mallorca,2,1,2,1,HOME_TEAM,0
537812,PL,2025,3,2025-08-31 13:00:00+00:00,FINISHED,351,Nottingham Forest FC,563,West Ham United FC,0,3,0,0,AWAY_TEAM,2
537807,PL,2025,3,2025-08-31 13:00:00+00:00,FINISHED,397,Brighton & Hove Albion FC,65,Manchester City FC,2,1,0,1,HOME_TEAM,0
544232,PD,2025,3,2025-08-31 15:00:00+00:00,FINISHED,558,RC Celta de Vigo,94,Villarreal CF,1,1,0,0,DRAW,1
537809,PL,2025,3,2025-08-31 15:30:00+00:00,FINISHED,64,Liverpool FC,57,Arsenal FC,1,0,0,0,HOME_TEAM,0
536825,SA,2025,2,2025-08-31 16:30:00+00:00,FINISHED,107,Genoa CFC,109,Juventus FC,0,1,0,0,AWAY_TEAM,2
536827,SA,2025,2,2025-08-31 16:30:00+00:00,FINISHED,586,Torino FC,99,ACF Fiorentina,0,0,0,0,DRAW,1
544237,PD,2025,3,2025-08-31 17:00:00+00:00,FINISHED,90,Real Betis Balompié,77,Athletic Club,1,2,0,0,AWAY_TEAM,2
544234,PD,2025,3,2025-08-31 17:30:00+00:00,FINISHED,80,RCD Espanyol de Barcelona,79,CA Osasuna,1,0,0,0,HOME_TEAM,0
537806,PL,2025,3,2025-08-31 18:00:00+00:00,FINISHED,58,Aston Villa FC,354,Crystal Palace FC,0,3,0,1,AWAY_TEAM,2
536829,SA,2025,2,2025-08-31 18:45:00+00:00,FINISHED,110,SS Lazio,450,Hellas Verona FC,4,0,3,0,HOME_TEAM,0
536828,SA,2025,2,2025-08-31 18:45:00+00:00,FINISHED,108,FC Internazionale Milano,115,Udinese Calcio,1,2,1,2,AWAY_TEAM,2
544238,PD,2025,3,2025-08-31 19:30:00+00:00,FINISHED,87,Rayo Vallecano de Madrid,81,FC Barcelona,1,1,0,1,DRAW,1
544249,PD,2025,4,2025-09-12 19:00:00+00:00,FINISHED,559,Sevilla FC,285,Elche CF,2,2,1,0,DRAW,1
537817,PL,2025,4,2025-09-13 11:30:00+00:00,FINISHED,57,Arsenal FC,351,Nottingham Forest FC,3,0,1,0,HOME_TEAM,0
544245,PD,2025,4,2025-09-13 12:00:00+00:00,FINISHED,82,Getafe CF,1048,Real Oviedo,2,0,2,0,HOME_TEAM,0
536839,SA,2025,3,2025-09-13 13:00:00+00:00,FINISHED,104,Cagliari Calcio,112,Parma Calcio 1913,2,0,1,0,HOME_TEAM,0
537823,PL,2025,4,2025-09-13 14:00:00+00:00,FINISHED,67,Newcastle United FC,76,Wolverhampton Wanderers FC,1,0,1,0,HOME_TEAM,0
537815,PL,2025,4,2025-09-13 14:00:00+00:00,FINISHED,1044,AFC Bournemouth,397,Brighton & Hove Albion FC,2,1,1,0,HOME_TEAM,0
537816,PL,2025,4,2025-09-13 14:00:00+00:00,FINISHED,354,Crystal Palace FC,71,Sunderland AFC,0,0,0,0,DRAW,1
537821,PL,2025,4,2025-09-13 14:00:00+00:00,FINISHED,63,Fulham FC,341,Leeds United FC,1,0,0,0,HOME_TEAM,0
537820,PL,2025,4,2025-09-13 14:00:00+00:00,FINISHED,62,Everton FC,58,Aston Villa FC,0,0,0,0,DRAW,1
544250,PD,2025,4,2025-09-13 14:15:00+00:00,FINISHED,92,Real Sociedad de Fútbol,86,Real Madrid CF,1,2,0,2,AWAY_TEAM,2
536842,SA,2025,3,2025-09-13 16:00:00+00:00,FINISHED,109,Juventus FC,108,FC Internazionale Milano,4,3,2,1,HOME_TEAM,0
544247,PD,2025,4,2025-09-13 16:30:00+00:00,FINISHED,77,Athletic Club,263,Deportivo Alavés,0,1,0,0,AWAY_TEAM,2
537824,PL,2025,4,2025-09-13 16:30:00+00:00,FINISHED,563,West Ham United FC,73,Tottenham Hotspur FC,0,3,0,0,AWAY_TEAM,2
536835,SA,2025,3,2025-09-13 18:45:00+00:00,FINISHED,99,ACF Fiorentina,113,SSC Napoli,1,3,0,2,AWAY_TEAM,2
544241,PD,2025,4,2025-09-13 19:00:00+00:00,FINISHED,78,Club Atlético de Madrid,94,Villarreal CF,2,0,1,0,HOME_TEAM,0
537818,PL,2025,4,2025-09-13 19:00:00+00:00,FINISHED,402,Brentford FC,61,Chelsea FC,2,2,1,0,DRAW,1
536837,SA,2025,3,2025-09-14 10:30:00+00:00,FINISHED,100,AS Roma,586,Torino FC,0,1,0,0,AWAY_TEAM,2
544243,PD,2025,4,2025-09-14 12:00:00+00:00,FINISHED,558,RC Celta de Vigo,298,Girona FC,1,1,0,1,DRAW,1
537819,PL,2025,4,2025-09-14 13:00:00+00:00,FINISHED,328,Burnley FC,64,Liverpool FC,0,1,0,0,AWAY_TEAM,2
536838,SA,2025,3,2025-09-14 13:00:00+00:00,FINISHED,102,Atalanta BC,5890,US Lecce,4,1,1,0,HOME_TEAM,0
536843,SA,2025,3,2025-09-14 13:00:00+00:00,FINISHED,487,AC Pisa 1909,115,Udinese Calcio,0,1,0,1,AWAY_TEAM,2
544248,PD,2025,4,2025-09-14 14:15:00+00:00,FINISHED,88,Levante UD,90,Real Betis Balompié,2,2,2,1,DRAW,1
537822,PL,2025,4,2025-09-14 15:30:00+00:00,FINISHED,65,Manchester City FC,66,Manchester United FC,3,0,1,0,HOME_TEAM,0
536844,SA,2025,3,2025-09-14 16:00:00+00:00,FINISHED,471,US Sassuolo Calcio,110,SS Lazio,1,0,0,0,HOME_TEAM,0
544246,PD,2025,4,2025-09-14 16:30:00+00:00,FINISHED,79,CA Osasuna,87,Rayo Vallecano de Madrid,2,0,1,0,HOME_TEAM,0
536836,SA,2025,3,2025-09-14 18:45:00+00:00,FINISHED,98,AC Milan,103,Bologna FC 1909,1,0,0,0,HOME_TEAM,0
544242,PD,2025,4,2025-09-14 19:00:00+00:00,FINISHED,81,FC Barcelona,95,Valencia CF,6,0,1,0,HOME_TEAM,0
536841,SA,2025,3,2025-09-15 16:30:00+00:00,FINISHED,450,Hellas Verona FC,457,US Cremonese,0,0,0,0,DRAW,1
536840,SA,2025,3,2025-09-15 18:45:00+00:00,FINISHED,7397,Como 1907,107,Genoa CFC,1,1,1,0,DRAW,1
544244,PD,2025,4,2025-09-15 19:00:00+00:00,FINISHED,80,RCD Espanyol de Barcelona,89,RCD Mallorca,3,2,2,1,HOME_TEAM,0
536854,SA,2025,4,2025-09-19 18:45:00+00:00,FINISHED,5890,US Lecce,104,Cagliari Calcio,1,2,1,1,AWAY_TEAM,2
544253,PD,2025,5,2025-09-19 19:00:00+00:00,FINISHED,90,Real Betis Balompié,92,Real Sociedad de Fútbol,3,1,1,1,HOME_TEAM,0
537831,PL,2025,5,2025-09-20 11:30:00+00:00,FINISHED,64,Liverpool FC,62,Everton FC,2,1,2,0,HOME_TEAM,0
544255,PD,2025,5,2025-09-20 12:00:00+00:00,FINISHED,298,Girona FC,88,Levante UD,0,4,0,1,AWAY_TEAM,2
536846,SA,2025,4,2025-09-20 13:00:00+00:00,FINISHED,103,Bologna FC 1909,107,Genoa CFC,2,1,0,0,HOME_TEAM,0
537834,PL,2025,5,2025-09-20 14:00:00+00:00,FINISHED,76,Wolverhampton Wanderers FC,341,Leeds United FC,1,3,1,3,AWAY_TEAM,2
537833,PL,2025,5,2025-09-20 14:00:00+00:00,FINISHED,563,West Ham United FC,354,Crystal Palace FC,1,2,0,1,AWAY_TEAM,2
537829,PL,2025,5,2025-09-20 14:00:00+00:00,FINISHED,328,Burnley FC,351,Nottingham Forest FC,1,1,1,1,DRAW,1
537827,PL,2025,5,2025-09-20 14:00:00+00:00,FINISHED,397,Brighton & Hove Albion FC,73,Tottenham Hotspur FC,2,2,2,1,DRAW,1
544259,PD,2025,5,2025-09-20 14:15:00+00:00,FINISHED,86,Real Madrid CF,80,RCD Espanyol de Barcelona,2,0,1,0,HOME_TEAM,0
536848,SA,2025,4,2025-09-20 16:00:00+00:00,FINISHED,450,Hellas Verona FC,109,Juventus FC,1,1,1,1,DRAW,1
537832,PL,2025,5,2025-09-20 16:30:00+00:00,FINISHED,66,Manchester United FC,61,Chelsea FC,2,1,2,0,HOME_TEAM,0
544260,PD,2025,5,2025-09-20 16:30:00+00:00,FINISHED,94,Villarreal CF,79,CA Osasuna,2,1,0,1,HOME_TEAM,0
544251,PD,2025,5,2025-09-20 16:30:00+00:00,FINISHED,263,Deportivo Alavés,559,Sevilla FC,1,2,1,1,AWAY_TEAM,2
536852,SA,2025,4,2025-09-20 18:45:00+00:00,FINISHED,115,Udinese Calcio,98,AC Milan,0,3,0,1,AWAY_TEAM,2
537830,PL,2025,5,2025-09-20 19:00:00+00:00,FINISHED,63,Fulham FC,402,Brentford FC,3,1,2,1,HOME_TEAM,0
544256,PD,2025,5,2025-09-20 19:00:00+00:00,FINISHED,95,Valencia CF,77,Athletic Club,2,0,0,0,HOME_TEAM,0
536850,SA,2025,4,2025-09-21 10:30:00+00:00,FINISHED,110,SS Lazio,100,AS Roma,0,1,0,1,AWAY_TEAM,2
544258,PD,2025,5,2025-09-21 12:00:00+00:00,FINISHED,87,Rayo Vallecano de Madrid,558,RC Celta de Vigo,1,1,0,0,DRAW,1
536853,SA,2025,4,2025-09-21 13:00:00+00:00,FINISHED,457,US Cremonese,112,Parma Calcio 1913,0,0,0,0,DRAW,1
536847,SA,2025,4,2025-09-21 13:00:00+00:00,FINISHED,586,Torino FC,102,Atalanta BC,0,3,0,3,AWAY_TEAM,2
537825,PL,2025,5,2025-09-21 13:00:00+00:00,FINISHED,1044,AFC Bournemouth,67,Newcastle United FC,0,0,0,0,DRAW,1
537826,PL,2025,5,2025-09-21 13:00:00+00:00,FINISHED,71,Sunderland AFC,58,Aston Villa FC,1,1,0,0,DRAW,1
544257,PD,2025,5,2025-09-21 14:15:00+00:00,FINISHED,89,RCD Mallorca,78,Club Atlético de Madrid,1,1,0,0,DRAW,1
537828,PL,2025,5,2025-09-21 15:30:00+00:00,FINISHED,57,Arsenal FC,65,Manchester City FC,1,1,0,1,DRAW,1
536845,SA,2025,4,2025-09-21 16:00:00+00:00,FINISHED,99,ACF Fiorentina,7397,Como 1907,1,2,1,0,AWAY_TEAM,2
544254,PD,2025,5,2025-09-21 16:30:00+00:00,FINISHED,285,Elche CF,1048,Real Oviedo,1,0,1,0,HOME_TEAM,0
536849,SA,2025,4,2025-09-21 18:45:00+00:00,FINISHED,108,FC Internazionale Milano,471,US Sassuolo Calcio,2,1,1,0,HOME_TEAM,0
544252,PD,2025,5,2025-09-21 19:00:00+00:00,FINISHED,81,FC Barcelona,82,Getafe CF,3,0,2,0,HOME_TEAM,0
536851,SA,2025,4,2025-09-22 18:45:00+00:00,FINISHED,113,SSC Napoli,487,AC Pisa 1909,3,2,1,0,HOME_TEAM,0
544263,PD,2025,6,2025-09-23 17:00:00+00:00,FINISHED,80,RCD Espanyol de Barcelona,95,Valencia CF,2,2,0,1,DRAW,1
544261,PD,2025,6,2025-09-23 17:00:00+00:00,FINISHED,77,Athletic Club,298,Girona FC,1,1,0,1,DRAW,1
544265,PD,2025,6,2025-09-23 19:30:00+00:00,FINISHED,559,Sevilla FC,94,Villarreal CF,1,2,0,1,AWAY_TEAM,2
544264,PD,2025,6,2025-09-23 19:30:00+00:00,FINISHED,88,Levante UD,86,Real Madrid CF,1,4,0,2,AWAY_TEAM,2
544266,PD,2025,6,2025-09-24 17:00:00+00:00,FINISHED,82,Getafe CF,263,Deportivo Alavés,1,1,0,0,DRAW,1
544262,PD,2025,6,2025-09-24 19:30:00+00:00,FINISHED,78,Club Atlético de Madrid,87,Rayo Vallecano de Madrid,3,2,1,1,HOME_TEAM,0
544270,PD,2025,6,2025-09-24 19:30:00+00:00,FINISHED,92,Real Sociedad de Fútbol,89,RCD Mallorca,1,0,0,0,HOME_TEAM,0
544269,PD,2025,6,2025-09-25 17:30:00+00:00,FINISHED,79,CA Osasuna,285,Elche CF,1,1,1,0,DRAW,1
544267,PD,2025,6,2025-09-25 19:30:00+00:00,FINISHED,1048,Real Oviedo,81,FC Barcelona,1,3,1,0,AWAY_TEAM,2
544279,PD,2025,7,2025-09-26 19:00:00+00:00,FINISHED,298,Girona FC,80,RCD Espanyol de Barcelona,0,0,0,0,DRAW,1
537837,PL,2025,6,2025-09-27 11:30:00+00:00,FINISHED,402,Brentford FC,66,Manchester United FC,3,1,2,1,HOME_TEAM,0
544274,PD,2025,7,2025-09-27 12:00:00+00:00,FINISHED,82,Getafe CF,88,Levante UD,1,1,0,1,DRAW,1
536859,SA,2025,5,2025-09-27 13:00:00+00:00,FINISHED,7397,Como 1907,457,US Cremonese,1,1,1,0,DRAW,1
537836,PL,2025,6,2025-09-27 14:00:00+00:00,FINISHED,354,Crystal Palace FC,64,Liverpool FC,2,1,1,0,HOME_TEAM,0
537838,PL,2025,6,2025-09-27 14:00:00+00:00,FINISHED,61,Chelsea FC,397,Brighton & Hove Albion FC,1,3,1,0,AWAY_TEAM,2
537840,PL,2025,6,2025-09-27 14:00:00+00:00,FINISHED,341,Leeds United FC,1044,AFC Bournemouth,2,2,1,1,DRAW,1
537841,PL,2025,6,2025-09-27 14:00:00+00:00,FINISHED,65,Manchester City FC,328,Burnley FC,5,1,1,1,HOME_TEAM,0
544271,PD,2025,7,2025-09-27 14:15:00+00:00,FINISHED,78,Club Atlético de Madrid,86,Real Madrid CF,5,2,2,2,HOME_TEAM,0
536860,SA,2025,5,2025-09-27 16:00:00+00:00,FINISHED,109,Juventus FC,102,Atalanta BC,1,1,0,1,DRAW,1
537843,PL,2025,6,2025-09-27 16:30:00+00:00,FINISHED,351,Nottingham Forest FC,71,Sunderland AFC,0,1,0,1,AWAY_TEAM,2
544276,PD,2025,7,2025-09-27 16:30:00+00:00,FINISHED,89,RCD Mallorca,263,Deportivo Alavés,1,0,1,0,HOME_TEAM,0
536857,SA,2025,5,2025-09-27 18:45:00+00:00,FINISHED,104,Cagliari Calcio,108,FC Internazionale Milano,0,2,0,1,AWAY_TEAM,2
544277,PD,2025,7,2025-09-27 19:00:00+00:00,FINISHED,94,Villarreal CF,77,Athletic Club,1,0,0,0,HOME_TEAM,0
537844,PL,2025,6,2025-09-27 19:00:00+00:00,FINISHED,73,Tottenham Hotspur FC,76,Wolverhampton Wanderers FC,1,1,0,0,DRAW,1
536863,SA,2025,5,2025-09-28 10:30:00+00:00,FINISHED,471,US Sassuolo Calcio,115,Udinese Calcio,3,1,2,0,HOME_TEAM,0
544275,PD,2025,7,2025-09-28 12:00:00+00:00,FINISHED,87,Rayo Vallecano de Madrid,559,Sevilla FC,0,1,0,0,AWAY_TEAM,2
537835,PL,2025,6,2025-09-28 13:00:00+00:00,FINISHED,58,Aston Villa FC,63,Fulham FC,3,1,1,1,HOME_TEAM,0
536856,SA,2025,5,2025-09-28 13:00:00+00:00,FINISHED,100,AS Roma,450,Hellas Verona FC,2,0,1,0,HOME_TEAM,0
536862,SA,2025,5,2025-09-28 13:00:00+00:00,FINISHED,487,AC Pisa 1909,99,ACF Fiorentina,0,0,0,0,DRAW,1
544278,PD,2025,7,2025-09-28 14:15:00+00:00,FINISHED,285,Elche CF,558,RC Celta de Vigo,2,1,1,1,HOME_TEAM,0
537842,PL,2025,6,2025-09-28 15:30:00+00:00,FINISHED,67,Newcastle United FC,57,Arsenal FC,1,2,1,0,AWAY_TEAM,2
536864,SA,2025,5,2025-09-28 16:00:00+00:00,FINISHED,5890,US Lecce,103,Bologna FC 1909,2,2,1,1,DRAW,1
544272,PD,2025,7,2025-09-28 16:30:00+00:00,FINISHED,81,FC Barcelona,92,Real Sociedad de Fútbol,2,1,1,1,HOME_TEAM,0
536855,SA,2025,5,2025-09-28 18:45:00+00:00,FINISHED,98,AC Milan,113,SSC Napoli,2,1,2,0,HOME_TEAM,0
544273,PD,2025,7,2025-09-28 19:00:00+00:00,FINISHED,90,Real Betis Balompié,79,CA Osasuna,2,0,2,0,HOME_TEAM,0
536861,SA,2025,5,2025-09-29 16:30:00+00:00,FINISHED,112,Parma Calcio 1913,586,Torino FC,2,1,1,0,HOME_TEAM,0
536858,SA,2025,5,2025-09-29 18:45:00+00:00,FINISHED,107,Genoa CFC,110,SS Lazio,0,3,0,2,AWAY_TEAM,2
537839,PL,2025,6,2025-09-29 19:00:00+00:00,FINISHED,62,Everton FC,563,West Ham United FC,1,1,1,0,DRAW,1
544280,PD,2025,7,2025-09-30 18:00:00+00:00,FINISHED,95,Valencia CF,1048,Real Oviedo,1,2,1,0,AWAY_TEAM,2
536868,SA,2025,6,2025-10-03 18:45:00+00:00,FINISHED,450,Hellas Verona FC,471,US Sassuolo Calcio,0,1,0,0,AWAY_TEAM,2
537845,PL,2025,7,2025-10-03 19:00:00+00:00,FINISHED,1044,AFC Bournemouth,63,Fulham FC,3,1,0,0,HOME_TEAM,0
544288,PD,2025,8,2025-10-03 19:00:00+00:00,FINISHED,79,CA Osasuna,82,Getafe CF,2,1,1,1,HOME_TEAM,0
537851,PL,2025,7,2025-10-04 11:30:00+00:00,FINISHED,341,Leeds United FC,73,Tottenham Hotspur FC,1,2,1,1,AWAY_TEAM,2
544289,PD,2025,8,2025-10-04 12:00:00+00:00,FINISHED,1048,Real Oviedo,88,Levante UD,0,2,0,1,AWAY_TEAM,2
536872,SA,2025,6,2025-10-04 13:00:00+00:00,FINISHED,112,Parma Calcio 1913,5890,US Lecce,0,1,0,1,AWAY_TEAM,2
536871,SA,2025,6,2025-10-04 13:00:00+00:00,FINISHED,110,SS Lazio,586,Torino FC,3,3,2,1,DRAW,1
537852,PL,2025,7,2025-10-04 14:00:00+00:00,FINISHED,66,Manchester United FC,71,Sunderland AFC,2,0,2,0,HOME_TEAM,0
537847,PL,2025,7,2025-10-04 14:00:00+00:00,FINISHED,57,Arsenal FC,563,West Ham United FC,2,0,1,0,HOME_TEAM,0
544283,PD,2025,8,2025-10-04 14:15:00+00:00,FINISHED,298,Girona FC,95,Valencia CF,2,1,1,0,HOME_TEAM,0
536869,SA,2025,6,2025-10-04 16:00:00+00:00,FINISHED,108,FC Internazionale Milano,457,US Cremonese,4,1,2,0,HOME_TEAM,0
544282,PD,2025,8,2025-10-04 16:30:00+00:00,FINISHED,77,Athletic Club,89,RCD Mallorca,2,1,1,0,HOME_TEAM,0
537849,PL,2025,7,2025-10-04 16:30:00+00:00,FINISHED,61,Chelsea FC,64,Liverpool FC,2,1,1,0,HOME_TEAM,0
536866,SA,2025,6,2025-10-04 18:45:00+00:00,FINISHED,102,Atalanta BC,7397,Como 1907,1,1,1,1,DRAW,1
544284,PD,2025,8,2025-10-04 19:00:00+00:00,FINISHED,86,Real Madrid CF,94,Villarreal CF,3,1,0,0,HOME_TEAM,0
536874,SA,2025,6,2025-10-05 10:30:00+00:00,FINISHED,115,Udinese Calcio,104,Cagliari Calcio,1,1,0,1,DRAW,1
544281,PD,2025,8,2025-10-05 12:00:00+00:00,FINISHED,263,Deportivo Alavés,285,Elche CF,3,1,0,0,HOME_TEAM,0
536865,SA,2025,6,2025-10-05 13:00:00+00:00,FINISHED,99,ACF Fiorentina,100,AS Roma,1,2,1,2,AWAY_TEAM,2
536867,SA,2025,6,2025-10-05 13:00:00+00:00,FINISHED,103,Bologna FC 1909,487,AC Pisa 1909,4,0,3,0,HOME_TEAM,0
537853,PL,2025,7,2025-10-05 13:00:00+00:00,FINISHED,67,Newcastle United FC,351,Nottingham Forest FC,2,0,0,0,HOME_TEAM,0
537854,PL,2025,7,2025-10-05 13:00:00+00:00,FINISHED,76,Wolverhampton Wanderers FC,397,Brighton & Hove Albion FC,1,1,1,0,DRAW,1
537846,PL,2025,7,2025-10-05 13:00:00+00:00,FINISHED,58,Aston Villa FC,328,Burnley FC,2,1,1,0,HOME_TEAM,0
537850,PL,2025,7,2025-10-05 13:00:00+00:00,FINISHED,62,Everton FC,354,Crystal Palace FC,2,1,0,1,HOME_TEAM,0
544286,PD,2025,8,2025-10-05 14:15:00+00:00,FINISHED,559,Sevilla FC,81,FC Barcelona,4,1,2,1,HOME_TEAM,0
537848,PL,2025,7,2025-10-05 15:30:00+00:00,FINISHED,402,Brentford FC,65,Manchester City FC,0,1,0,1,AWAY_TEAM,2
536873,SA,2025,6,2025-10-05 16:00:00+00:00,FINISHED,113,SSC Napoli,107,Genoa CFC,2,1,0,1,HOME_TEAM,0
544290,PD,2025,8,2025-10-05 16:30:00+00:00,FINISHED,92,Real Sociedad de Fútbol,87,Rayo Vallecano de Madrid,0,1,0,0,AWAY_TEAM,2
544287,PD,2025,8,2025-10-05 16:30:00+00:00,FINISHED,80,RCD Espanyol de Barcelona,90,Real Betis Balompié,1,2,1,0,AWAY_TEAM,2
536870,SA,2025,6,2025-10-05 18:45:00+00:00,FINISHED,109,Juventus FC,98,AC Milan,0,0,0,0,DRAW,1
544285,PD,2025,8,2025-10-05 19:00:00+00:00,FINISHED,558,RC Celta de Vigo,78,Club Atlético de Madrid,1,1,0,1,DRAW,1
544299,PD,2025,9,2025-10-17 19:00:00+00:00,FINISHED,1048,Real Oviedo,80,RCD Espanyol de Barcelona,0,2,0,0,AWAY_TEAM,2
537862,PL,2025,8,2025-10-18 11:30:00+00:00,FINISHED,351,Nottingham Forest FC,61,Chelsea FC,0,3,0,0,AWAY_TEAM,2
544300,PD,2025,9,2025-10-18 12:00:00+00:00,FINISHED,559,Sevilla FC,89,RCD Mallorca,1,3,1,0,AWAY_TEAM,2
536882,SA,2025,7,2025-10-18 13:00:00+00:00,FINISHED,487,AC Pisa 1909,450,Hellas Verona FC,0,0,0,0,DRAW,1
536884,SA,2025,7,2025-10-18 13:00:00+00:00,FINISHED,5890,US Lecce,471,US Sassuolo Calcio,0,0,0,0,DRAW,1
537856,PL,2025,8,2025-10-18 14:00:00+00:00,FINISHED,397,Brighton & Hove Albion FC,67,Newcastle United FC,2,1,1,0,HOME_TEAM,0
537857,PL,2025,8,2025-10-18 14:00:00+00:00,FINISHED,354,Crystal Palace FC,1044,AFC Bournemouth,3,3,0,2,DRAW,1
537858,PL,2025,8,2025-10-18 14:00:00+00:00,FINISHED,328,Burnley FC,341,Leeds United FC,2,0,1,0,HOME_TEAM,0
537855,PL,2025,8,2025-10-18 14:00:00+00:00,FINISHED,71,Sunderland AFC,76,Wolverhampton Wanderers FC,2,0,1,0,HOME_TEAM,0
537861,PL,2025,8,2025-10-18 14:00:00+00:00,FINISHED,65,Manchester City FC,62,Everton FC,2,0,0,0,HOME_TEAM,0
544293,PD,2025,9,2025-10-18 14:15:00+00:00,FINISHED,81,FC Barcelona,298,Girona FC,2,1,1,1,HOME_TEAM,0
536881,SA,2025,7,2025-10-18 16:00:00+00:00,FINISHED,586,Torino FC,113,SSC Napoli,1,0,1,0,HOME_TEAM,0
537859,PL,2025,8,2025-10-18 16:30:00+00:00,FINISHED,63,Fulham FC,57,Arsenal FC,0,1,0,0,AWAY_TEAM,2
544298,PD,2025,9,2025-10-18 16:30:00+00:00,FINISHED,94,Villarreal CF,90,Real Betis Balompié,2,2,1,0,DRAW,1
536876,SA,2025,7,2025-10-18 18:45:00+00:00,FINISHED,100,AS Roma,108,FC Internazionale Milano,0,1,0,1,AWAY_TEAM,2
544292,PD,2025,9,2025-10-18 19:00:00+00:00,FINISHED,78,Club Atlético de Madrid,79,CA Osasuna,1,0,0,0,HOME_TEAM,0
536880,SA,2025,7,2025-10-19 10:30:00+00:00,FINISHED,7397,Como 1907,109,Juventus FC,2,0,1,0,HOME_TEAM,0
544297,PD,2025,9,2025-10-19 12:00:00+00:00,FINISHED,285,Elche CF,77,Athletic Club,0,0,0,0,DRAW,1
537863,PL,2025,8,2025-10-19 13:00:00+00:00,FINISHED,73,Tottenham Hotspur FC,58,Aston Villa FC,1,2,1,1,AWAY_TEAM,2
536879,SA,2025,7,2025-10-19 13:00:00+00:00,FINISHED,107,Genoa CFC,112,Parma Calcio 1913,0,0,0,0,DRAW,1
536878,SA,2025,7,2025-10-19 13:00:00+00:00,FINISHED,104,Cagliari Calcio,103,Bologna FC 1909,0,2,0,1,AWAY_TEAM,2
544294,PD,2025,9,2025-10-19 14:15:00+00:00,FINISHED,558,RC Celta de Vigo,92,Real Sociedad de Fútbol,1,1,1,0,DRAW,1
537860,PL,2025,8,2025-10-19 15:30:00+00:00,FINISHED,64,Liverpool FC,66,Manchester United FC,1,2,0,1,AWAY_TEAM,2
536877,SA,2025,7,2025-10-19 16:00:00+00:00,FINISHED,102,Atalanta BC,110,SS Lazio,0,0,0,0,DRAW,1
544296,PD,2025,9,2025-10-19 16:30:00+00:00,FINISHED,88,Levante UD,87,Rayo Vallecano de Madrid,0,3,0,2,AWAY_TEAM,2
536875,SA,2025,7,2025-10-19 18:45:00+00:00,FINISHED,98,AC Milan,99,ACF Fiorentina,2,1,0,0,HOME_TEAM,0
544295,PD,2025,9,2025-10-19 19:00:00+00:00,FINISHED,82,Getafe CF,86,Real Madrid CF,0,1,0,0,AWAY_TEAM,2
536883,SA,2025,7,2025-10-20 18:45:00+00:00,FINISHED,457,US Cremonese,115,Udinese Calcio,1,1,1,0,DRAW,1
544291,PD,2025,9,2025-10-20 19:00:00+00:00,FINISHED,263,Deportivo Alavés,95,Valencia CF,0,0,0,0,DRAW,1
537864,PL,2025,8,2025-10-20 19:00:00+00:00,FINISHED,563,West Ham United FC,402,Brentford FC,0,2,0,1,AWAY_TEAM,2
536886,SA,2025,8,2025-10-24 18:45:00+00:00,FINISHED,98,AC Milan,487,AC Pisa 1909,2,2,1,0,DRAW,1
544303,PD,2025,10,2025-10-24 19:00:00+00:00,FINISHED,92,Real Sociedad de Fútbol,559,Sevilla FC,2,1,2,1,HOME_TEAM,0
537871,PL,2025,9,2025-10-24 19:00:00+00:00,FINISHED,341,Leeds United FC,563,West Ham United FC,2,1,2,0,HOME_TEAM,0
544302,PD,2025,10,2025-10-25 12:00:00+00:00,FINISHED,298,Girona FC,1048,Real Oviedo,3,3,0,1,DRAW,1
536893,SA,2025,8,2025-10-25 13:00:00+00:00,FINISHED,115,Udinese Calcio,5890,US Lecce,3,2,2,0,HOME_TEAM,0
536890,SA,2025,8,2025-10-25 13:00:00+00:00,FINISHED,112,Parma Calcio 1913,7397,Como 1907,0,0,0,0,DRAW,1
537873,PL,2025,9,2025-10-25 14:00:00+00:00,FINISHED,67,Newcastle United FC,63,Fulham FC,2,1,1,0,HOME_TEAM,0
537869,PL,2025,9,2025-10-25 14:00:00+00:00,FINISHED,61,Chelsea FC,71,Sunderland AFC,1,2,1,1,AWAY_TEAM,2
544309,PD,2025,10,2025-10-25 14:15:00+00:00,FINISHED,80,RCD Espanyol de Barcelona,285,Elche CF,1,0,0,0,HOME_TEAM,0
536892,SA,2025,8,2025-10-25 16:00:00+00:00,FINISHED,113,SSC Napoli,108,FC Internazionale Milano,3,1,1,0,HOME_TEAM,0
544301,PD,2025,10,2025-10-25 16:30:00+00:00,FINISHED,77,Athletic Club,82,Getafe CF,0,1,0,0,AWAY_TEAM,2
537872,PL,2025,9,2025-10-25 16:30:00+00:00,FINISHED,66,Manchester United FC,397,Brighton & Hove Albion FC,4,2,2,0,HOME_TEAM,0
536894,SA,2025,8,2025-10-25 18:45:00+00:00,FINISHED,457,US Cremonese,102,Atalanta BC,1,1,0,0,DRAW,1
544304,PD,2025,10,2025-10-25 19:00:00+00:00,FINISHED,95,Valencia CF,94,Villarreal CF,0,2,0,1,AWAY_TEAM,2
537868,PL,2025,9,2025-10-25 19:00:00+00:00,FINISHED,402,Brentford FC,64,Liverpool FC,3,2,2,1,HOME_TEAM,0
536887,SA,2025,8,2025-10-26 11:30:00+00:00,FINISHED,586,Torino FC,107,Genoa CFC,2,1,0,1,HOME_TEAM,0
544310,PD,2025,10,2025-10-26 13:00:00+00:00,FINISHED,89,RCD Mallorca,88,Levante UD,1,1,0,1,DRAW,1
537867,PL,2025,9,2025-10-26 14:00:00+00:00,FINISHED,57,Arsenal FC,354,Crystal Palace FC,1,0,1,0,HOME_TEAM,0
537865,PL,2025,9,2025-10-26 14:00:00+00:00,FINISHED,1044,AFC Bournemouth,351,Nottingham Forest FC,2,0,2,0,HOME_TEAM,0
537866,PL,2025,9,2025-10-26 14:00:00+00:00,FINISHED,58,Aston Villa FC,65,Manchester City FC,1,0,1,0,HOME_TEAM,0
537874,PL,2025,9,2025-10-26 14:00:00+00:00,FINISHED,76,Wolverhampton Wanderers FC,328,Burnley FC,2,3,2,2,AWAY_TEAM,2
536888,SA,2025,8,2025-10-26 14:00:00+00:00,FINISHED,450,Hellas Verona FC,104,Cagliari Calcio,2,2,1,0,DRAW,1
536891,SA,2025,8,2025-10-26 14:00:00+00:00,FINISHED,471,US Sassuolo Calcio,100,AS Roma,0,1,0,1,AWAY_TEAM,2
544307,PD,2025,10,2025-10-26 15:15:00+00:00,FINISHED,86,Real Madrid CF,81,FC Barcelona,2,1,2,1,HOME_TEAM,0
537870,PL,2025,9,2025-10-26 16:30:00+00:00,FINISHED,62,Everton FC,73,Tottenham Hotspur FC,0,3,0,2,AWAY_TEAM,2
536885,SA,2025,8,2025-10-26 17:00:00+00:00,FINISHED,99,ACF Fiorentina,103,Bologna FC 1909,2,2,0,1,DRAW,1
544308,PD,2025,10,2025-10-26 17:30:00+00:00,FINISHED,79,CA Osasuna,558,RC Celta de Vigo,2,3,2,1,AWAY_TEAM,2
536889,SA,2025,8,2025-10-26 19:45:00+00:00,FINISHED,110,SS Lazio,109,Juventus FC,1,0,1,0,HOME_TEAM,0
544305,PD,2025,10,2025-10-26 20:00:00+00:00,FINISHED,87,Rayo Vallecano de Madrid,263,Deportivo Alavés,1,0,0,0,HOME_TEAM,0
544306,PD,2025,10,2025-10-27 20:00:00+00:00,FINISHED,90,Real Betis Balompié,78,Club Atlético de Madrid,0,2,0,2,AWAY_TEAM,2
536904,SA,2025,9,2025-10-28 17:30:00+00:00,FINISHED,5890,US Lecce,113,SSC Napoli,0,1,0,0,AWAY_TEAM,2
536896,SA,2025,9,2025-10-28 19:45:00+00:00,FINISHED,102,Atalanta BC,98,AC Milan,1,1,1,1,DRAW,1
536895,SA,2025,9,2025-10-29 17:30:00+00:00,FINISHED,100,AS Roma,112,Parma Calcio 1913,2,1,0,0,HOME_TEAM,0
536899,SA,2025,9,2025-10-29 17:30:00+00:00,FINISHED,7397,Como 1907,450,Hellas Verona FC,3,1,1,1,HOME_TEAM,0
536902,SA,2025,9,2025-10-29 17:30:00+00:00,FINISHED,109,Juventus FC,115,Udinese Calcio,3,1,1,1,HOME_TEAM,0
536898,SA,2025,9,2025-10-29 19:45:00+00:00,FINISHED,107,Genoa CFC,457,US Cremonese,0,2,0,1,AWAY_TEAM,2
536900,SA,2025,9,2025-10-29 19:45:00+00:00,FINISHED,103,Bologna FC 1909,586,Torino FC,0,0,0,0,DRAW,1
536901,SA,2025,9,2025-10-29 19:45:00+00:00,FINISHED,108,FC Internazionale Milano,99,ACF Fiorentina,3,0,0,0,HOME_TEAM,0
536897,SA,2025,9,2025-10-30 17:30:00+00:00,FINISHED,104,Cagliari Calcio,471,US Sassuolo Calcio,1,2,0,0,AWAY_TEAM,2
536903,SA,2025,9,2025-10-30 19:45:00+00:00,FINISHED,487,AC Pisa 1909,110,SS Lazio,0,0,0,0,DRAW,1
544315,PD,2025,11,2025-10-31 20:00:00+00:00,FINISHED,82,Getafe CF,298,Girona FC,2,1,0,0,HOME_TEAM,0
544320,PD,2025,11,2025-11-01 13:00:00+00:00,FINISHED,94,Villarreal CF,87,Rayo Vallecano de Madrid,4,0,1,0,HOME_TEAM,0
536913,SA,2025,10,2025-11-01 14:00:00+00:00,FINISHED,115,Udinese Calcio,102,Atalanta BC,1,0,1,0,HOME_TEAM,0
537882,PL,2025,10,2025-11-01 15:00:00+00:00,FINISHED,351,Nottingham Forest FC,66,Manchester United FC,2,2,0,1,DRAW,1
537879,PL,2025,10,2025-11-01 15:00:00+00:00,FINISHED,63,Fulham FC,76,Wolverhampton Wanderers FC,3,0,1,0,HOME_TEAM,0
537878,PL,2025,10,2025-11-01 15:00:00+00:00,FINISHED,328,Burnley FC,57,Arsenal FC,0,2,0,2,AWAY_TEAM,2
537877,PL,2025,10,2025-11-01 15:00:00+00:00,FINISHED,354,Crystal Palace FC,402,Brentford FC,2,0,1,0,HOME_TEAM,0
537876,PL,2025,10,2025-11-01 15:00:00+00:00,FINISHED,397,Brighton & Hove Albion FC,341,Leeds United FC,3,0,1,0,HOME_TEAM,0
544312,PD,2025,11,2025-11-01 15:15:00+00:00,FINISHED,78,Club Atlético de Madrid,559,Sevilla FC,3,0,0,0,HOME_TEAM,0
536912,SA,2025,10,2025-11-01 17:00:00+00:00,FINISHED,113,SSC Napoli,7397,Como 1907,0,0,0,0,DRAW,1
544317,PD,2025,11,2025-11-01 17:30:00+00:00,FINISHED,92,Real Sociedad de Fútbol,77,Athletic Club,3,2,1,1,HOME_TEAM,0
537883,PL,2025,10,2025-11-01 17:30:00+00:00,FINISHED,73,Tottenham Hotspur FC,61,Chelsea FC,0,1,0,1,AWAY_TEAM,2
536914,SA,2025,10,2025-11-01 19:45:00+00:00,FINISHED,457,US Cremonese,109,Juventus FC,1,2,0,1,AWAY_TEAM,2
544316,PD,2025,11,2025-11-01 20:00:00+00:00,FINISHED,86,Real Madrid CF,95,Valencia CF,4,0,3,0,HOME_TEAM,0
537880,PL,2025,10,2025-11-01 20:00:00+00:00,FINISHED,64,Liverpool FC,58,Aston Villa FC,2,0,1,0,HOME_TEAM,0
536908,SA,2025,10,2025-11-02 11:30:00+00:00,FINISHED,450,Hellas Verona FC,108,FC Internazionale Milano,1,2,1,1,AWAY_TEAM,2
544318,PD,2025,11,2025-11-02 13:00:00+00:00,FINISHED,88,Levante UD,558,RC Celta de Vigo,1,2,0,1,AWAY_TEAM,2
536905,SA,2025,10,2025-11-02 14:00:00+00:00,FINISHED,99,ACF Fiorentina,5890,US Lecce,0,1,0,1,AWAY_TEAM,2
536907,SA,2025,10,2025-11-02 14:00:00+00:00,FINISHED,586,Torino FC,487,AC Pisa 1909,2,2,2,2,DRAW,1
537884,PL,2025,10,2025-11-02 14:00:00+00:00,FINISHED,563,West Ham United FC,67,Newcastle United FC,3,1,2,1,HOME_TEAM,0
544311,PD,2025,11,2025-11-02 15:15:00+00:00,FINISHED,263,Deportivo Alavés,80,RCD Espanyol de Barcelona,2,1,2,0,HOME_TEAM,0
537881,PL,2025,10,2025-11-02 16:30:00+00:00,FINISHED,65,Manchester City FC,1044,AFC Bournemouth,3,1,2,1,HOME_TEAM,0
536910,SA,2025,10,2025-11-02 17:00:00+00:00,FINISHED,112,Parma Calcio 1913,103,Bologna FC 1909,1,3,1,1,AWAY_TEAM,2
544313,PD,2025,11,2025-11-02 17:30:00+00:00,FINISHED,81,FC Barcelona,285,Elche CF,3,1,2,1,HOME_TEAM,0
536906,SA,2025,10,2025-11-02 19:45:00+00:00,FINISHED,98,AC Milan,100,AS Roma,1,0,1,0,HOME_TEAM,0
544314,PD,2025,11,2025-11-02 20:00:00+00:00,FINISHED,90,Real Betis Balompié,89,RCD Mallorca,3,0,3,0,HOME_TEAM,0
536911,SA,2025,10,2025-11-03 17:30:00+00:00,FINISHED,471,US Sassuolo Calcio,107,Genoa CFC,1,2,0,1,AWAY_TEAM,2
536909,SA,2025,10,2025-11-03 19:45:00+00:00,FINISHED,110,SS Lazio,104,Cagliari Calcio,2,0,0,0,HOME_TEAM,0
544319,PD,2025,11,2025-11-03 20:00:00+00:00,FINISHED,1048,Real Oviedo,79,CA Osasuna,0,0,0,0,DRAW,1
537875,PL,2025,10,2025-11-03 20:00:00+00:00,FINISHED,71,Sunderland AFC,62,Everton FC,1,1,0,1,DRAW,1
536923,SA,2025,11,2025-11-07 19:45:00+00:00,FINISHED,487,AC Pisa 1909,457,US Cremonese,1,0,0,0,HOME_TEAM,0
544323,PD,2025,12,2025-11-07 20:00:00+00:00,FINISHED,285,Elche CF,92,Real Sociedad de Fútbol,1,1,0,0,DRAW,1
537893,PL,2025,11,2025-11-08 12:30:00+00:00,FINISHED,73,Tottenham Hotspur FC,66,Manchester United FC,2,2,0,1,DRAW,1
544326,PD,2025,12,2025-11-08 13:00:00+00:00,FINISHED,298,Girona FC,263,Deportivo Alavés,1,0,1,0,HOME_TEAM,0
536918,SA,2025,11,2025-11-08 14:00:00+00:00,FINISHED,7397,Como 1907,104,Cagliari Calcio,0,0,0,0,DRAW,1
536924,SA,2025,11,2025-11-08 14:00:00+00:00,FINISHED,5890,US Lecce,450,Hellas Verona FC,0,0,0,0,DRAW,1
537894,PL,2025,11,2025-11-08 15:00:00+00:00,FINISHED,563,West Ham United FC,328,Burnley FC,3,2,1,1,HOME_TEAM,0
537890,PL,2025,11,2025-11-08 15:00:00+00:00,FINISHED,62,Everton FC,63,Fulham FC,2,0,1,0,HOME_TEAM,0
544330,PD,2025,12,2025-11-08 15:15:00+00:00,FINISHED,559,Sevilla FC,79,CA Osasuna,1,0,0,0,HOME_TEAM,0
536921,SA,2025,11,2025-11-08 17:00:00+00:00,FINISHED,109,Juventus FC,586,Torino FC,0,0,0,0,DRAW,1
537885,PL,2025,11,2025-11-08 17:30:00+00:00,FINISHED,71,Sunderland AFC,57,Arsenal FC,2,2,1,0,DRAW,1
544322,PD,2025,12,2025-11-08 17:30:00+00:00,FINISHED,78,Club Atlético de Madrid,88,Levante UD,3,1,1,1,HOME_TEAM,0
536922,SA,2025,11,2025-11-08 19:45:00+00:00,FINISHED,112,Parma Calcio 1913,98,AC Milan,2,2,1,2,DRAW,1
537889,PL,2025,11,2025-11-08 20:00:00+00:00,FINISHED,61,Chelsea FC,76,Wolverhampton Wanderers FC,3,0,0,0,HOME_TEAM,0
544324,PD,2025,12,2025-11-08 20:00:00+00:00,FINISHED,80,RCD Espanyol de Barcelona,94,Villarreal CF,0,2,0,1,AWAY_TEAM,2
536916,SA,2025,11,2025-11-09 11:30:00+00:00,FINISHED,102,Atalanta BC,471,US Sassuolo Calcio,0,3,0,1,AWAY_TEAM,2
544321,PD,2025,12,2025-11-09 13:00:00+00:00,FINISHED,77,Athletic Club,1048,Real Oviedo,1,0,1,0,HOME_TEAM,0
536917,SA,2025,11,2025-11-09 14:00:00+00:00,FINISHED,107,Genoa CFC,99,ACF Fiorentina,2,2,1,1,DRAW,1
536919,SA,2025,11,2025-11-09 14:00:00+00:00,FINISHED,103,Bologna FC 1909,113,SSC Napoli,2,0,0,0,HOME_TEAM,0
537892,PL,2025,11,2025-11-09 14:00:00+00:00,FINISHED,351,Nottingham Forest FC,341,Leeds United FC,3,1,1,1,HOME_TEAM,0
537888,PL,2025,11,2025-11-09 14:00:00+00:00,FINISHED,402,Brentford FC,67,Newcastle United FC,3,1,0,1,HOME_TEAM,0
537887,PL,2025,11,2025-11-09 14:00:00+00:00,FINISHED,354,Crystal Palace FC,397,Brighton & Hove Albion FC,0,0,0,0,DRAW,1
537886,PL,2025,11,2025-11-09 14:00:00+00:00,FINISHED,58,Aston Villa FC,1044,AFC Bournemouth,4,0,2,0,HOME_TEAM,0
544325,PD,2025,12,2025-11-09 15:15:00+00:00,FINISHED,87,Rayo Vallecano de Madrid,86,Real Madrid CF,0,0,0,0,DRAW,1
537891,PL,2025,11,2025-11-09 16:30:00+00:00,FINISHED,65,Manchester City FC,64,Liverpool FC,3,0,2,0,HOME_TEAM,0
536915,SA,2025,11,2025-11-09 17:00:00+00:00,FINISHED,100,AS Roma,115,Udinese Calcio,2,0,1,0,HOME_TEAM,0
544328,PD,2025,12,2025-11-09 17:30:00+00:00,FINISHED,95,Valencia CF,90,Real Betis Balompié,1,1,0,0,DRAW,1
544329,PD,2025,12,2025-11-09 17:30:00+00:00,FINISHED,89,RCD Mallorca,82,Getafe CF,1,0,1,0,HOME_TEAM,0
536920,SA,2025,11,2025-11-09 19:45:00+00:00,FINISHED,108,FC Internazionale Milano,110,SS Lazio,2,0,1,0,HOME_TEAM,0
544327,PD,2025,12,2025-11-09 20:00:00+00:00,FINISHED,558,RC Celta de Vigo,81,FC Barcelona,2,4,2,3,AWAY_TEAM,2
544339,PD,2025,13,2025-11-21 20:00:00+00:00,FINISHED,95,Valencia CF,88,Levante UD,1,0,0,0,HOME_TEAM,0
537898,PL,2025,12,2025-11-22 12:30:00+00:00,FINISHED,328,Burnley FC,61,Chelsea FC,0,2,0,1,AWAY_TEAM,2
544331,PD,2025,13,2025-11-22 13:00:00+00:00,FINISHED,263,Deportivo Alavés,558,RC Celta de Vigo,0,1,0,0,AWAY_TEAM,2
536926,SA,2025,12,2025-11-22 14:00:00+00:00,FINISHED,104,Cagliari Calcio,107,Genoa CFC,3,3,2,2,DRAW,1
536933,SA,2025,12,2025-11-22 14:00:00+00:00,FINISHED,115,Udinese Calcio,103,Bologna FC 1909,0,3,0,0,AWAY_TEAM,2
537904,PL,2025,12,2025-11-22 15:00:00+00:00,FINISHED,76,Wolverhampton Wanderers FC,354,Crystal Palace FC,0,2,0,0,AWAY_TEAM,2
537900,PL,2025,12,2025-11-22 15:00:00+00:00,FINISHED,64,Liverpool FC,351,Nottingham Forest FC,0,3,0,1,AWAY_TEAM,2
537899,PL,2025,12,2025-11-22 15:00:00+00:00,FINISHED,63,Fulham FC,71,Sunderland AFC,1,0,0,0,HOME_TEAM,0
537896,PL,2025,12,2025-11-22 15:00:00+00:00,FINISHED,397,Brighton & Hove Albion FC,402,Brentford FC,2,1,0,1,HOME_TEAM,0
537895,PL,2025,12,2025-11-22 15:00:00+00:00,FINISHED,1044,AFC Bournemouth,563,West Ham United FC,2,2,0,2,DRAW,1
544337,PD,2025,13,2025-11-22 15:15:00+00:00,FINISHED,81,FC Barcelona,77,Athletic Club,4,0,2,0,HOME_TEAM,0
536925,SA,2025,12,2025-11-22 17:00:00+00:00,FINISHED,99,ACF Fiorentina,109,Juventus FC,1,1,0,1,DRAW,1
537903,PL,2025,12,2025-11-22 17:30:00+00:00,FINISHED,67,Newcastle United FC,65,Manchester City FC,2,1,0,0,HOME_TEAM,0
544335,PD,2025,13,2025-11-22 17:30:00+00:00,FINISHED,79,CA Osasuna,92,Real Sociedad de Fútbol,1,3,1,0,AWAY_TEAM,2
536932,SA,2025,12,2025-11-22 19:45:00+00:00,FINISHED,113,SSC Napoli,102,Atalanta BC,3,1,3,0,HOME_TEAM,0
544340,PD,2025,13,2025-11-22 20:00:00+00:00,FINISHED,94,Villarreal CF,89,RCD Mallorca,2,1,1,1,HOME_TEAM,0
536928,SA,2025,12,2025-11-23 11:30:00+00:00,FINISHED,450,Hellas Verona FC,112,Parma Calcio 1913,1,2,0,1,AWAY_TEAM,2
544336,PD,2025,13,2025-11-23 13:00:00+00:00,FINISHED,1048,Real Oviedo,87,Rayo Vallecano de Madrid,0,0,0,0,DRAW,1
537901,PL,2025,12,2025-11-23 14:00:00+00:00,FINISHED,341,Leeds United FC,58,Aston Villa FC,1,2,1,0,AWAY_TEAM,2
536934,SA,2025,12,2025-11-23 14:00:00+00:00,FINISHED,457,US Cremonese,100,AS Roma,1,3,0,1,AWAY_TEAM,2
544332,PD,2025,13,2025-11-23 15:15:00+00:00,FINISHED,90,Real Betis Balompié,298,Girona FC,1,1,0,1,DRAW,1
537897,PL,2025,12,2025-11-23 16:30:00+00:00,FINISHED,57,Arsenal FC,73,Tottenham Hotspur FC,4,1,2,0,HOME_TEAM,0
536930,SA,2025,12,2025-11-23 17:00:00+00:00,FINISHED,110,SS Lazio,5890,US Lecce,2,0,1,0,HOME_TEAM,0
544338,PD,2025,13,2025-11-23 17:30:00+00:00,FINISHED,82,Getafe CF,78,Club Atlético de Madrid,0,1,0,0,AWAY_TEAM,2
536929,SA,2025,12,2025-11-23 19:45:00+00:00,FINISHED,108,FC Internazionale Milano,98,AC Milan,0,1,0,0,AWAY_TEAM,2
544333,PD,2025,13,2025-11-23 20:00:00+00:00,FINISHED,285,Elche CF,86,Real Madrid CF,2,2,0,0,DRAW,1
536927,SA,2025,12,2025-11-24 17:30:00+00:00,FINISHED,586,Torino FC,7397,Como 1907,1,5,1,1,AWAY_TEAM,2
536931,SA,2025,12,2025-11-24 19:45:00+00:00,FINISHED,471,US Sassuolo Calcio,487,AC Pisa 1909,2,2,1,1,DRAW,1
537902,PL,2025,12,2025-11-24 20:00:00+00:00,FINISHED,66,Manchester United FC,62,Everton FC,0,1,0,1,AWAY_TEAM,2
544334,PD,2025,13,2025-11-24 20:00:00+00:00,FINISHED,80,RCD Espanyol de Barcelona,559,Sevilla FC,2,1,0,0,HOME_TEAM,0
536939,SA,2025,13,2025-11-28 19:45:00+00:00,FINISHED,7397,Como 1907,471,US Sassuolo Calcio,2,0,1,0,HOME_TEAM,0
544350,PD,2025,14,2025-11-28 20:00:00+00:00,FINISHED,82,Getafe CF,285,Elche CF,1,0,0,0,HOME_TEAM,0
544344,PD,2025,14,2025-11-29 13:00:00+00:00,FINISHED,89,RCD Mallorca,79,CA Osasuna,2,2,0,0,DRAW,1
536942,SA,2025,13,2025-11-29 14:00:00+00:00,FINISHED,112,Parma Calcio 1913,115,Udinese Calcio,0,2,0,1,AWAY_TEAM,2
536938,SA,2025,13,2025-11-29 14:00:00+00:00,FINISHED,107,Genoa CFC,450,Hellas Verona FC,2,1,1,1,HOME_TEAM,0
537908,PL,2025,13,2025-11-29 15:00:00+00:00,FINISHED,402,Brentford FC,328,Burnley FC,3,1,0,0,HOME_TEAM,0
537911,PL,2025,13,2025-11-29 15:00:00+00:00,FINISHED,65,Manchester City FC,341,Leeds United FC,3,2,2,0,HOME_TEAM,0
537905,PL,2025,13,2025-11-29 15:00:00+00:00,FINISHED,71,Sunderland AFC,1044,AFC Bournemouth,3,2,1,2,HOME_TEAM,0
544347,PD,2025,14,2025-11-29 15:15:00+00:00,FINISHED,81,FC Barcelona,263,Deportivo Alavés,3,1,2,1,HOME_TEAM,0
536941,SA,2025,13,2025-11-29 17:00:00+00:00,FINISHED,109,Juventus FC,104,Cagliari Calcio,2,1,2,1,HOME_TEAM,0
537910,PL,2025,13,2025-11-29 17:30:00+00:00,FINISHED,62,Everton FC,67,Newcastle United FC,1,4,0,3,AWAY_TEAM,2
544348,PD,2025,14,2025-11-29 17:30:00+00:00,FINISHED,88,Levante UD,77,Athletic Club,0,2,0,2,AWAY_TEAM,2
536935,SA,2025,13,2025-11-29 19:45:00+00:00,FINISHED,98,AC Milan,110,SS Lazio,1,0,0,0,HOME_TEAM,0
537913,PL,2025,13,2025-11-29 20:00:00+00:00,FINISHED,73,Tottenham Hotspur FC,63,Fulham FC,1,2,0,2,AWAY_TEAM,2
544341,PD,2025,14,2025-11-29 20:00:00+00:00,FINISHED,78,Club Atlético de Madrid,1048,Real Oviedo,2,0,2,0,HOME_TEAM,0
536944,SA,2025,13,2025-11-30 11:30:00+00:00,FINISHED,5890,US Lecce,586,Torino FC,2,1,2,0,HOME_TEAM,0
537907,PL,2025,13,2025-11-30 12:00:00+00:00,FINISHED,354,Crystal Palace FC,66,Manchester United FC,1,2,1,0,AWAY_TEAM,2
544346,PD,2025,14,2025-11-30 13:00:00+00:00,FINISHED,92,Real Sociedad de Fútbol,94,Villarreal CF,2,3,0,1,AWAY_TEAM,2
536943,SA,2025,13,2025-11-30 14:00:00+00:00,FINISHED,487,AC Pisa 1909,108,FC Internazionale Milano,0,2,0,0,AWAY_TEAM,2
537912,PL,2025,13,2025-11-30 14:05:00+00:00,FINISHED,351,Nottingham Forest FC,397,Brighton & Hove Albion FC,0,2,0,1,AWAY_TEAM,2
537914,PL,2025,13,2025-11-30 14:05:00+00:00,FINISHED,563,West Ham United FC,64,Liverpool FC,0,2,0,0,AWAY_TEAM,2
537906,PL,2025,13,2025-11-30 14:05:00+00:00,FINISHED,58,Aston Villa FC,76,Wolverhampton Wanderers FC,1,0,0,0,HOME_TEAM,0
544349,PD,2025,14,2025-11-30 15:15:00+00:00,FINISHED,559,Sevilla FC,90,Real Betis Balompié,0,2,0,0,AWAY_TEAM,2
537909,PL,2025,13,2025-11-30 16:30:00+00:00,FINISHED,61,Chelsea FC,57,Arsenal FC,1,1,0,0,DRAW,1
536937,SA,2025,13,2025-11-30 17:00:00+00:00,FINISHED,102,Atalanta BC,99,ACF Fiorentina,2,0,1,0,HOME_TEAM,0
544342,PD,2025,14,2025-11-30 17:30:00+00:00,FINISHED,558,RC Celta de Vigo,80,RCD Espanyol de Barcelona,0,1,0,0,AWAY_TEAM,2
536936,SA,2025,13,2025-11-30 19:45:00+00:00,FINISHED,100,AS Roma,113,SSC Napoli,0,1,0,1,AWAY_TEAM,2
544343,PD,2025,14,2025-11-30 20:00:00+00:00,FINISHED,298,Girona FC,86,Real Madrid CF,1,1,1,0,DRAW,1
536940,SA,2025,13,2025-12-01 19:45:00+00:00,FINISHED,103,Bologna FC 1909,457,US Cremonese,1,3,1,2,AWAY_TEAM,2
544345,PD,2025,14,2025-12-01 20:00:00+00:00,FINISHED,87,Rayo Vallecano de Madrid,95,Valencia CF,1,1,1,0,DRAW,1
537915,PL,2025,14,2025-12-02 19:30:00+00:00,FINISHED,1044,AFC Bournemouth,62,Everton FC,0,1,0,0,AWAY_TEAM,2
537919,PL,2025,14,2025-12-02 19:30:00+00:00,FINISHED,63,Fulham FC,65,Manchester City FC,4,5,1,3,AWAY_TEAM,2
544395,PD,2025,19,2025-12-02 20:00:00+00:00,FINISHED,81,FC Barcelona,78,Club Atlético de Madrid,3,1,1,1,HOME_TEAM,0
537923,PL,2025,14,2025-12-02 20:15:00+00:00,FINISHED,67,Newcastle United FC,73,Tottenham Hotspur FC,2,2,0,0,DRAW,1
544391,PD,2025,19,2025-12-03 18:00:00+00:00,FINISHED,77,Athletic Club,86,Real Madrid CF,0,3,0,2,AWAY_TEAM,2
537924,PL,2025,14,2025-12-03 19:30:00+00:00,FINISHED,76,Wolverhampton Wanderers FC,351,Nottingham Forest FC,0,1,0,0,AWAY_TEAM,2
537916,PL,2025,14,2025-12-03 19:30:00+00:00,FINISHED,397,Brighton & Hove Albion FC,58,Aston Villa FC,3,4,2,2,AWAY_TEAM,2
537917,PL,2025,14,2025-12-03 19:30:00+00:00,FINISHED,57,Arsenal FC,402,Brentford FC,2,0,1,0,HOME_TEAM,0
537918,PL,2025,14,2025-12-03 19:30:00+00:00,FINISHED,328,Burnley FC,354,Crystal Palace FC,0,1,0,1,AWAY_TEAM,2
537920,PL,2025,14,2025-12-03 20:15:00+00:00,FINISHED,64,Liverpool FC,71,Sunderland AFC,1,1,0,0,DRAW,1
537921,PL,2025,14,2025-12-03 20:15:00+00:00,FINISHED,341,Leeds United FC,61,Chelsea FC,3,1,2,0,HOME_TEAM,0
537922,PL,2025,14,2025-12-04 20:00:00+00:00,FINISHED,66,Manchester United FC,563,West Ham United FC,1,1,0,0,DRAW,1
544359,PD,2025,15,2025-12-05 20:00:00+00:00,FINISHED,1048,Real Oviedo,89,RCD Mallorca,0,0,0,0,DRAW,1
537926,PL,2025,15,2025-12-06 12:30:00+00:00,FINISHED,58,Aston Villa FC,57,Arsenal FC,2,1,1,0,HOME_TEAM,0
544357,PD,2025,15,2025-12-06 13:00:00+00:00,FINISHED,94,Villarreal CF,82,Getafe CF,2,0,1,0,HOME_TEAM,0
536951,SA,2025,14,2025-12-06 14:00:00+00:00,FINISHED,471,US Sassuolo Calcio,99,ACF Fiorentina,3,1,2,1,HOME_TEAM,0
537925,PL,2025,15,2025-12-06 15:00:00+00:00,FINISHED,1044,AFC Bournemouth,61,Chelsea FC,0,0,0,0,DRAW,1
537933,PL,2025,15,2025-12-06 15:00:00+00:00,FINISHED,73,Tottenham Hotspur FC,402,Brentford FC,2,0,2,0,HOME_TEAM,0
537932,PL,2025,15,2025-12-06 15:00:00+00:00,FINISHED,67,Newcastle United FC,328,Burnley FC,2,1,2,0,HOME_TEAM,0
537931,PL,2025,15,2025-12-06 15:00:00+00:00,FINISHED,65,Manchester City FC,71,Sunderland AFC,3,0,2,0,HOME_TEAM,0
537928,PL,2025,15,2025-12-06 15:00:00+00:00,FINISHED,62,Everton FC,351,Nottingham Forest FC,3,0,2,0,HOME_TEAM,0
544351,PD,2025,15,2025-12-06 15:15:00+00:00,FINISHED,263,Deportivo Alavés,92,Real Sociedad de Fútbol,1,0,1,0,HOME_TEAM,0
536948,SA,2025,14,2025-12-06 17:00:00+00:00,FINISHED,108,FC Internazionale Milano,7397,Como 1907,4,0,1,0,HOME_TEAM,0
544355,PD,2025,15,2025-12-06 17:30:00+00:00,FINISHED,90,Real Betis Balompié,81,FC Barcelona,3,5,1,4,AWAY_TEAM,2
537930,PL,2025,15,2025-12-06 17:30:00+00:00,FINISHED,341,Leeds United FC,64,Liverpool FC,3,3,0,0,DRAW,1
536947,SA,2025,14,2025-12-06 19:45:00+00:00,FINISHED,450,Hellas Verona FC,102,Atalanta BC,3,1,2,0,HOME_TEAM,0
544352,PD,2025,15,2025-12-06 20:00:00+00:00,FINISHED,77,Athletic Club,78,Club Atlético de Madrid,1,0,0,0,HOME_TEAM,0
536954,SA,2025,14,2025-12-07 11:30:00+00:00,FINISHED,457,US Cremonese,5890,US Lecce,2,0,0,0,HOME_TEAM,0
544353,PD,2025,15,2025-12-07 13:00:00+00:00,FINISHED,285,Elche CF,298,Girona FC,3,0,1,0,HOME_TEAM,0
536945,SA,2025,14,2025-12-07 14:00:00+00:00,FINISHED,104,Cagliari Calcio,100,AS Roma,1,0,0,0,HOME_TEAM,0
537927,PL,2025,15,2025-12-07 14:00:00+00:00,FINISHED,397,Brighton & Hove Albion FC,563,West Ham United FC,1,1,0,0,DRAW,1
544360,PD,2025,15,2025-12-07 15:15:00+00:00,FINISHED,95,Valencia CF,559,Sevilla FC,1,1,0,0,DRAW,1
537929,PL,2025,15,2025-12-07 16:30:00+00:00,FINISHED,63,Fulham FC,354,Crystal Palace FC,1,2,1,1,AWAY_TEAM,2
536949,SA,2025,14,2025-12-07 17:00:00+00:00,FINISHED,110,SS Lazio,103,Bologna FC 1909,1,1,1,1,DRAW,1
544354,PD,2025,15,2025-12-07 17:30:00+00:00,FINISHED,80,RCD Espanyol de Barcelona,87,Rayo Vallecano de Madrid,1,0,1,0,HOME_TEAM,0
536952,SA,2025,14,2025-12-07 19:45:00+00:00,FINISHED,113,SSC Napoli,109,Juventus FC,2,1,1,0,HOME_TEAM,0
544356,PD,2025,15,2025-12-07 20:00:00+00:00,FINISHED,86,Real Madrid CF,558,RC Celta de Vigo,0,2,0,0,AWAY_TEAM,2
536950,SA,2025,14,2025-12-08 14:00:00+00:00,FINISHED,487,AC Pisa 1909,112,Parma Calcio 1913,0,1,0,1,AWAY_TEAM,2
536953,SA,2025,14,2025-12-08 17:00:00+00:00,FINISHED,115,Udinese Calcio,107,Genoa CFC,1,2,0,1,AWAY_TEAM,2
536946,SA,2025,14,2025-12-08 19:45:00+00:00,FINISHED,586,Torino FC,98,AC Milan,2,3,2,1,AWAY_TEAM,2
544358,PD,2025,15,2025-12-08 20:00:00+00:00,FINISHED,79,CA Osasuna,88,Levante UD,2,0,2,0,HOME_TEAM,0
537934,PL,2025,15,2025-12-08 20:00:00+00:00,FINISHED,76,Wolverhampton Wanderers FC,66,Manchester United FC,1,4,1,1,AWAY_TEAM,2
536964,SA,2025,15,2025-12-12 19:45:00+00:00,FINISHED,5890,US Lecce,487,AC Pisa 1909,1,0,0,0,HOME_TEAM,0
544369,PD,2025,16,2025-12-12 20:00:00+00:00,FINISHED,92,Real Sociedad de Fútbol,298,Girona FC,1,2,1,0,AWAY_TEAM,2
544362,PD,2025,16,2025-12-13 13:00:00+00:00,FINISHED,78,Club Atlético de Madrid,95,Valencia CF,2,1,1,0,HOME_TEAM,0
536961,SA,2025,15,2025-12-13 14:00:00+00:00,FINISHED,586,Torino FC,457,US Cremonese,1,0,1,0,HOME_TEAM,0
537940,PL,2025,16,2025-12-13 15:00:00+00:00,FINISHED,61,Chelsea FC,62,Everton FC,2,0,2,0,HOME_TEAM,0
537941,PL,2025,16,2025-12-13 15:00:00+00:00,FINISHED,64,Liverpool FC,397,Brighton & Hove Albion FC,2,0,1,0,HOME_TEAM,0
544367,PD,2025,16,2025-12-13 15:15:00+00:00,FINISHED,89,RCD Mallorca,285,Elche CF,3,1,1,1,HOME_TEAM,0
536962,SA,2025,15,2025-12-13 17:00:00+00:00,FINISHED,112,Parma Calcio 1913,110,SS Lazio,0,1,0,0,AWAY_TEAM,2
537939,PL,2025,16,2025-12-13 17:30:00+00:00,FINISHED,328,Burnley FC,63,Fulham FC,2,3,1,2,AWAY_TEAM,2
544363,PD,2025,16,2025-12-13 17:30:00+00:00,FINISHED,81,FC Barcelona,79,CA Osasuna,2,0,0,0,HOME_TEAM,0
536958,SA,2025,15,2025-12-13 19:45:00+00:00,FINISHED,102,Atalanta BC,104,Cagliari Calcio,2,1,1,0,HOME_TEAM,0
537937,PL,2025,16,2025-12-13 20:00:00+00:00,FINISHED,57,Arsenal FC,76,Wolverhampton Wanderers FC,2,1,0,0,HOME_TEAM,0
544368,PD,2025,16,2025-12-13 20:00:00+00:00,FINISHED,82,Getafe CF,80,RCD Espanyol de Barcelona,0,1,0,0,AWAY_TEAM,2
536956,SA,2025,15,2025-12-14 11:30:00+00:00,FINISHED,98,AC Milan,471,US Sassuolo Calcio,2,2,1,1,DRAW,1
544370,PD,2025,16,2025-12-14 13:00:00+00:00,FINISHED,559,Sevilla FC,1048,Real Oviedo,4,0,2,0,HOME_TEAM,0
536955,SA,2025,15,2025-12-14 14:00:00+00:00,FINISHED,99,ACF Fiorentina,450,Hellas Verona FC,1,2,0,1,AWAY_TEAM,2
536963,SA,2025,15,2025-12-14 14:00:00+00:00,FINISHED,115,Udinese Calcio,113,SSC Napoli,1,0,0,0,HOME_TEAM,0
537935,PL,2025,16,2025-12-14 14:00:00+00:00,FINISHED,71,Sunderland AFC,67,Newcastle United FC,1,0,0,0,HOME_TEAM,0
537936,PL,2025,16,2025-12-14 14:00:00+00:00,FINISHED,354,Crystal Palace FC,65,Manchester City FC,0,3,0,1,AWAY_TEAM,2
537943,PL,2025,16,2025-12-14 14:00:00+00:00,FINISHED,351,Nottingham Forest FC,73,Tottenham Hotspur FC,3,0,1,0,HOME_TEAM,0
537944,PL,2025,16,2025-12-14 14:00:00+00:00,FINISHED,563,West Ham United FC,58,Aston Villa FC,2,3,2,1,AWAY_TEAM,2
544365,PD,2025,16,2025-12-14 15:15:00+00:00,FINISHED,558,RC Celta de Vigo,77,Athletic Club,2,0,0,0,HOME_TEAM,0
537938,PL,2025,16,2025-12-14 16:30:00+00:00,FINISHED,402,Brentford FC,341,Leeds United FC,1,1,0,0,DRAW,1
536959,SA,2025,15,2025-12-14 17:00:00+00:00,FINISHED,107,Genoa CFC,108,FC Internazionale Milano,1,2,0,2,AWAY_TEAM,2
536960,SA,2025,15,2025-12-14 19:45:00+00:00,FINISHED,103,Bologna FC 1909,109,Juventus FC,0,1,0,0,AWAY_TEAM,2
544361,PD,2025,16,2025-12-14 20:00:00+00:00,FINISHED,263,Deportivo Alavés,86,Real Madrid CF,1,2,0,1,AWAY_TEAM,2
536957,SA,2025,15,2025-12-15 19:45:00+00:00,FINISHED,100,AS Roma,7397,Como 1907,1,0,0,0,HOME_TEAM,0
544366,PD,2025,16,2025-12-15 20:00:00+00:00,FINISHED,87,Rayo Vallecano de Madrid,90,Real Betis Balompié,0,0,0,0,DRAW,1
537942,PL,2025,16,2025-12-15 20:00:00+00:00,FINISHED,66,Manchester United FC,1044,AFC Bournemouth,4,4,2,1,DRAW,1
544380,PD,2025,17,2025-12-19 20:00:00+00:00,FINISHED,95,Valencia CF,89,RCD Mallorca,1,1,0,1,DRAW,1
537952,PL,2025,17,2025-12-20 12:30:00+00:00,FINISHED,67,Newcastle United FC,61,Chelsea FC,2,2,2,0,DRAW,1
544379,PD,2025,17,2025-12-20 13:00:00+00:00,FINISHED,1048,Real Oviedo,558,RC Celta de Vigo,0,0,0,0,DRAW,1
537954,PL,2025,17,2025-12-20 15:00:00+00:00,FINISHED,76,Wolverhampton Wanderers FC,402,Brentford FC,0,2,0,0,AWAY_TEAM,2
537951,PL,2025,17,2025-12-20 15:00:00+00:00,FINISHED,65,Manchester City FC,563,West Ham United FC,3,0,2,0,HOME_TEAM,0
537947,PL,2025,17,2025-12-20 15:00:00+00:00,FINISHED,397,Brighton & Hove Albion FC,71,Sunderland AFC,0,0,0,0,DRAW,1
537945,PL,2025,17,2025-12-20 15:00:00+00:00,FINISHED,1044,AFC Bournemouth,328,Burnley FC,1,1,0,0,DRAW,1
544374,PD,2025,17,2025-12-20 15:15:00+00:00,FINISHED,88,Levante UD,92,Real Sociedad de Fútbol,1,1,0,1,DRAW,1
536972,SA,2025,16,2025-12-20 17:00:00+00:00,FINISHED,110,SS Lazio,457,US Cremonese,0,0,0,0,DRAW,1
544376,PD,2025,17,2025-12-20 17:30:00+00:00,FINISHED,79,CA Osasuna,263,Deportivo Alavés,3,0,0,0,HOME_TEAM,0
537953,PL,2025,17,2025-12-20 17:30:00+00:00,FINISHED,73,Tottenham Hotspur FC,64,Liverpool FC,1,2,0,0,AWAY_TEAM,2
536971,SA,2025,16,2025-12-20 19:45:00+00:00,FINISHED,109,Juventus FC,100,AS Roma,2,1,1,0,HOME_TEAM,0
537948,PL,2025,17,2025-12-20 20:00:00+00:00,FINISHED,62,Everton FC,57,Arsenal FC,0,1,0,1,AWAY_TEAM,2
537950,PL,2025,17,2025-12-20 20:00:00+00:00,FINISHED,341,Leeds United FC,354,Crystal Palace FC,4,1,2,0,HOME_TEAM,0
544375,PD,2025,17,2025-12-20 20:00:00+00:00,FINISHED,86,Real Madrid CF,559,Sevilla FC,2,0,1,0,HOME_TEAM,0
536966,SA,2025,16,2025-12-21 11:30:00+00:00,FINISHED,104,Cagliari Calcio,487,AC Pisa 1909,2,2,0,1,DRAW,1
544377,PD,2025,17,2025-12-21 13:00:00+00:00,FINISHED,298,Girona FC,78,Club Atlético de Madrid,0,3,0,2,AWAY_TEAM,2
536973,SA,2025,16,2025-12-21 14:00:00+00:00,FINISHED,471,US Sassuolo Calcio,586,Torino FC,0,1,0,0,AWAY_TEAM,2
544378,PD,2025,17,2025-12-21 15:15:00+00:00,FINISHED,94,Villarreal CF,81,FC Barcelona,0,2,0,1,AWAY_TEAM,2
537946,PL,2025,17,2025-12-21 16:30:00+00:00,FINISHED,58,Aston Villa FC,66,Manchester United FC,2,1,1,1,HOME_TEAM,0
536965,SA,2025,16,2025-12-21 17:00:00+00:00,FINISHED,99,ACF Fiorentina,115,Udinese Calcio,5,1,3,0,HOME_TEAM,0
544373,PD,2025,17,2025-12-21 17:30:00+00:00,FINISHED,285,Elche CF,87,Rayo Vallecano de Madrid,4,0,1,0,HOME_TEAM,0
536967,SA,2025,16,2025-12-21 19:45:00+00:00,FINISHED,107,Genoa CFC,102,Atalanta BC,0,1,0,0,AWAY_TEAM,2
544372,PD,2025,17,2025-12-21 20:00:00+00:00,FINISHED,90,Real Betis Balompié,82,Getafe CF,4,0,1,0,HOME_TEAM,0
544371,PD,2025,17,2025-12-22 20:00:00+00:00,FINISHED,77,Athletic Club,80,RCD Espanyol de Barcelona,1,2,1,1,AWAY_TEAM,2
537949,PL,2025,17,2025-12-22 20:00:00+00:00,FINISHED,63,Fulham FC,351,Nottingham Forest FC,1,0,1,0,HOME_TEAM,0
537962,PL,2025,18,2025-12-26 20:00:00+00:00,FINISHED,66,Manchester United FC,67,Newcastle United FC,1,0,1,0,HOME_TEAM,0
536980,SA,2025,17,2025-12-27 11:30:00+00:00,FINISHED,112,Parma Calcio 1913,99,ACF Fiorentina,1,0,0,0,HOME_TEAM,0
537963,PL,2025,18,2025-12-27 12:30:00+00:00,FINISHED,351,Nottingham Forest FC,65,Manchester City FC,1,2,0,0,AWAY_TEAM,2
536984,SA,2025,17,2025-12-27 14:00:00+00:00,FINISHED,5890,US Lecce,7397,Como 1907,0,3,0,1,AWAY_TEAM,2
536979,SA,2025,17,2025-12-27 14:00:00+00:00,FINISHED,586,Torino FC,104,Cagliari Calcio,1,2,1,1,AWAY_TEAM,2
537961,PL,2025,18,2025-12-27 15:00:00+00:00,FINISHED,64,Liverpool FC,76,Wolverhampton Wanderers FC,2,1,2,0,HOME_TEAM,0
537959,PL,2025,18,2025-12-27 15:00:00+00:00,FINISHED,328,Burnley FC,62,Everton FC,0,0,0,0,DRAW,1
537958,PL,2025,18,2025-12-27 15:00:00+00:00,FINISHED,402,Brentford FC,1044,AFC Bournemouth,4,1,2,0,HOME_TEAM,0
537957,PL,2025,18,2025-12-27 15:00:00+00:00,FINISHED,57,Arsenal FC,397,Brighton & Hove Albion FC,2,1,1,0,HOME_TEAM,0
537964,PL,2025,18,2025-12-27 15:00:00+00:00,FINISHED,563,West Ham United FC,63,Fulham FC,0,1,0,0,AWAY_TEAM,2
536982,SA,2025,17,2025-12-27 17:00:00+00:00,FINISHED,115,Udinese Calcio,110,SS Lazio,1,1,0,0,DRAW,1
537960,PL,2025,18,2025-12-27 17:30:00+00:00,FINISHED,61,Chelsea FC,58,Aston Villa FC,1,2,1,0,AWAY_TEAM,2
536981,SA,2025,17,2025-12-27 19:45:00+00:00,FINISHED,487,AC Pisa 1909,109,Juventus FC,0,2,0,0,AWAY_TEAM,2
536975,SA,2025,17,2025-12-28 11:30:00+00:00,FINISHED,98,AC Milan,450,Hellas Verona FC,3,0,1,0,HOME_TEAM,0
536983,SA,2025,17,2025-12-28 14:00:00+00:00,FINISHED,457,US Cremonese,113,SSC Napoli,0,2,0,2,AWAY_TEAM,2
537955,PL,2025,18,2025-12-28 14:00:00+00:00,FINISHED,71,Sunderland AFC,341,Leeds United FC,1,1,1,0,DRAW,1
537956,PL,2025,18,2025-12-28 16:30:00+00:00,FINISHED,354,Crystal Palace FC,73,Tottenham Hotspur FC,0,1,0,1,AWAY_TEAM,2
536978,SA,2025,17,2025-12-28 17:00:00+00:00,FINISHED,103,Bologna FC 1909,471,US Sassuolo Calcio,1,1,0,0,DRAW,1
536977,SA,2025,17,2025-12-28 19:45:00+00:00,FINISHED,102,Atalanta BC,108,FC Internazionale Milano,0,1,0,0,AWAY_TEAM,2
536976,SA,2025,17,2025-12-29 19:45:00+00:00,FINISHED,100,AS Roma,107,Genoa CFC,3,1,3,0,HOME_TEAM,0
537974,PL,2025,19,2025-12-30 19:30:00+00:00,FINISHED,563,West Ham United FC,397,Brighton & Hove Albion FC,2,2,2,1,DRAW,1
537973,PL,2025,19,2025-12-30 19:30:00+00:00,FINISHED,351,Nottingham Forest FC,62,Everton FC,0,2,0,1,AWAY_TEAM,2
537970,PL,2025,19,2025-12-30 19:30:00+00:00,FINISHED,61,Chelsea FC,1044,AFC Bournemouth,2,2,2,2,DRAW,1
537969,PL,2025,19,2025-12-30 19:30:00+00:00,FINISHED,328,Burnley FC,67,Newcastle United FC,1,3,1,2,AWAY_TEAM,2
537972,PL,2025,19,2025-12-30 20:15:00+00:00,FINISHED,66,Manchester United FC,76,Wolverhampton Wanderers FC,1,1,1,1,DRAW,1
537967,PL,2025,19,2025-12-30 20:15:00+00:00,FINISHED,57,Arsenal FC,58,Aston Villa FC,4,1,0,0,HOME_TEAM,0
537971,PL,2025,19,2026-01-01 17:30:00+00:00,FINISHED,64,Liverpool FC,341,Leeds United FC,0,0,0,0,DRAW,1
537966,PL,2025,19,2026-01-01 17:30:00+00:00,FINISHED,354,Crystal Palace FC,63,Fulham FC,1,1,1,0,DRAW,1
537965,PL,2025,19,2026-01-01 20:00:00+00:00,FINISHED,71,Sunderland AFC,65,Manchester City FC,0,0,0,0,DRAW,1
537968,PL,2025,19,2026-01-01 20:00:00+00:00,FINISHED,402,Brentford FC,73,Tottenham Hotspur FC,0,0,0,0,DRAW,1
536987,SA,2025,18,2026-01-02 19:45:00+00:00,FINISHED,104,Cagliari Calcio,98,AC Milan,0,1,0,0,AWAY_TEAM,2
544388,PD,2025,18,2026-01-02 20:00:00+00:00,FINISHED,87,Rayo Vallecano de Madrid,82,Getafe CF,1,1,1,0,DRAW,1
536989,SA,2025,18,2026-01-03 11:30:00+00:00,FINISHED,7397,Como 1907,115,Udinese Calcio,1,0,1,0,HOME_TEAM,0
537976,PL,2025,20,2026-01-03 12:30:00+00:00,FINISHED,58,Aston Villa FC,351,Nottingham Forest FC,3,1,1,0,HOME_TEAM,0
544382,PD,2025,18,2026-01-03 13:00:00+00:00,FINISHED,558,RC Celta de Vigo,95,Valencia CF,4,1,1,0,HOME_TEAM,0
536988,SA,2025,18,2026-01-03 14:00:00+00:00,FINISHED,107,Genoa CFC,487,AC Pisa 1909,1,1,1,1,DRAW,1
536994,SA,2025,18,2026-01-03 14:00:00+00:00,FINISHED,471,US Sassuolo Calcio,112,Parma Calcio 1913,1,1,1,1,DRAW,1
537984,PL,2025,20,2026-01-03 15:00:00+00:00,FINISHED,76,Wolverhampton Wanderers FC,563,West Ham United FC,3,0,3,0,HOME_TEAM,0
537977,PL,2025,20,2026-01-03 15:00:00+00:00,FINISHED,397,Brighton & Hove Albion FC,328,Burnley FC,2,0,1,0,HOME_TEAM,0
544384,PD,2025,18,2026-01-03 15:15:00+00:00,FINISHED,79,CA Osasuna,77,Athletic Club,1,1,1,0,DRAW,1
536992,SA,2025,18,2026-01-03 17:00:00+00:00,FINISHED,109,Juventus FC,5890,US Lecce,1,1,0,1,DRAW,1
544383,PD,2025,18,2026-01-03 17:30:00+00:00,FINISHED,285,Elche CF,94,Villarreal CF,1,3,1,2,AWAY_TEAM,2
537975,PL,2025,20,2026-01-03 17:30:00+00:00,FINISHED,1044,AFC Bournemouth,57,Arsenal FC,2,3,1,1,AWAY_TEAM,2
536986,SA,2025,18,2026-01-03 19:45:00+00:00,FINISHED,102,Atalanta BC,100,AS Roma,1,0,1,0,HOME_TEAM,0
544386,PD,2025,18,2026-01-03 20:00:00+00:00,FINISHED,80,RCD Espanyol de Barcelona,81,FC Barcelona,0,2,0,0,AWAY_TEAM,2
536993,SA,2025,18,2026-01-04 11:30:00+00:00,FINISHED,110,SS Lazio,113,SSC Napoli,0,2,0,2,AWAY_TEAM,2
537980,PL,2025,20,2026-01-04 12:30:00+00:00,FINISHED,341,Leeds United FC,66,Manchester United FC,1,1,0,0,DRAW,1
544390,PD,2025,18,2026-01-04 13:00:00+00:00,FINISHED,559,Sevilla FC,88,Levante UD,0,3,0,1,AWAY_TEAM,2
536985,SA,2025,18,2026-01-04 14:00:00+00:00,FINISHED,99,ACF Fiorentina,457,US Cremonese,1,0,0,0,HOME_TEAM,0
537978,PL,2025,20,2026-01-04 15:00:00+00:00,FINISHED,62,Everton FC,402,Brentford FC,2,4,0,1,AWAY_TEAM,2
537983,PL,2025,20,2026-01-04 15:00:00+00:00,FINISHED,73,Tottenham Hotspur FC,71,Sunderland AFC,1,1,1,0,DRAW,1
537982,PL,2025,20,2026-01-04 15:00:00+00:00,FINISHED,67,Newcastle United FC,354,Crystal Palace FC,2,0,0,0,HOME_TEAM,0
544387,PD,2025,18,2026-01-04 15:15:00+00:00,FINISHED,86,Real Madrid CF,90,Real Betis Balompié,5,1,1,0,HOME_TEAM,0
537979,PL,2025,20,2026-01-04 15:15:00+00:00,FINISHED,63,Fulham FC,64,Liverpool FC,2,2,1,0,DRAW,1
536990,SA,2025,18,2026-01-04 17:00:00+00:00,FINISHED,450,Hellas Verona FC,586,Torino FC,0,3,0,1,AWAY_TEAM,2
544381,PD,2025,18,2026-01-04 17:30:00+00:00,FINISHED,263,Deportivo Alavés,1048,Real Oviedo,1,1,0,0,DRAW,1
544389,PD,2025,18,2026-01-04 17:30:00+00:00,FINISHED,89,RCD Mallorca,298,Girona FC,1,2,0,1,AWAY_TEAM,2
537981,PL,2025,20,2026-01-04 17:30:00+00:00,FINISHED,65,Manchester City FC,61,Chelsea FC,1,1,1,0,DRAW,1
536991,SA,2025,18,2026-01-04 19:45:00+00:00,FINISHED,108,FC Internazionale Milano,103,Bologna FC 1909,3,1,1,0,HOME_TEAM,0
544385,PD,2025,18,2026-01-04 20:00:00+00:00,FINISHED,92,Real Sociedad de Fútbol,78,Club Atlético de Madrid,1,1,0,0,DRAW,1
537000,SA,2025,19,2026-01-06 14:00:00+00:00,FINISHED,487,AC Pisa 1909,7397,Como 1907,0,3,0,0,AWAY_TEAM,2
537004,SA,2025,19,2026-01-06 17:00:00+00:00,FINISHED,5890,US Lecce,100,AS Roma,0,2,0,1,AWAY_TEAM,2
537001,SA,2025,19,2026-01-06 19:45:00+00:00,FINISHED,471,US Sassuolo Calcio,109,Juventus FC,0,3,0,1,AWAY_TEAM,2
537994,PL,2025,21,2026-01-06 20:00:00+00:00,FINISHED,563,West Ham United FC,351,Nottingham Forest FC,1,2,1,0,AWAY_TEAM,2
537002,SA,2025,19,2026-01-07 17:30:00+00:00,FINISHED,113,SSC Napoli,450,Hellas Verona FC,2,2,0,2,DRAW,1
536996,SA,2025,19,2026-01-07 17:30:00+00:00,FINISHED,103,Bologna FC 1909,102,Atalanta BC,0,2,0,1,AWAY_TEAM,2
537985,PL,2025,21,2026-01-07 19:30:00+00:00,FINISHED,1044,AFC Bournemouth,73,Tottenham Hotspur FC,3,2,2,1,HOME_TEAM,0
537986,PL,2025,21,2026-01-07 19:30:00+00:00,FINISHED,354,Crystal Palace FC,58,Aston Villa FC,0,0,0,0,DRAW,1
537988,PL,2025,21,2026-01-07 19:30:00+00:00,FINISHED,402,Brentford FC,71,Sunderland AFC,3,0,1,0,HOME_TEAM,0
537990,PL,2025,21,2026-01-07 19:30:00+00:00,FINISHED,62,Everton FC,76,Wolverhampton Wanderers FC,1,1,1,0,DRAW,1
537992,PL,2025,21,2026-01-07 19:30:00+00:00,FINISHED,65,Manchester City FC,397,Brighton & Hove Albion FC,1,1,1,0,DRAW,1
537991,PL,2025,21,2026-01-07 19:30:00+00:00,FINISHED,63,Fulham FC,61,Chelsea FC,2,1,0,0,HOME_TEAM,0
536999,SA,2025,19,2026-01-07 19:45:00+00:00,FINISHED,112,Parma Calcio 1913,108,FC Internazionale Milano,0,2,0,1,AWAY_TEAM,2
536997,SA,2025,19,2026-01-07 19:45:00+00:00,FINISHED,586,Torino FC,115,Udinese Calcio,1,2,0,0,AWAY_TEAM,2
536998,SA,2025,19,2026-01-07 19:45:00+00:00,FINISHED,110,SS Lazio,99,ACF Fiorentina,2,2,0,0,DRAW,1
537989,PL,2025,21,2026-01-07 20:15:00+00:00,FINISHED,328,Burnley FC,66,Manchester United FC,2,2,1,0,DRAW,1
537993,PL,2025,21,2026-01-07 20:15:00+00:00,FINISHED,67,Newcastle United FC,341,Leeds United FC,4,3,1,2,HOME_TEAM,0
537003,SA,2025,19,2026-01-08 17:30:00+00:00,FINISHED,457,US Cremonese,104,Cagliari Calcio,2,2,2,0,DRAW,1
536995,SA,2025,19,2026-01-08 19:45:00+00:00,FINISHED,98,AC Milan,107,Genoa CFC,1,1,0,1,DRAW,1
537987,PL,2025,21,2026-01-08 20:00:00+00:00,FINISHED,57,Arsenal FC,64,Liverpool FC,0,0,0,0,DRAW,1
544392,PD,2025,19,2026-01-09 20:00:00+00:00,FINISHED,82,Getafe CF,92,Real Sociedad de Fútbol,1,2,0,1,AWAY_TEAM,2
544396,PD,2025,19,2026-01-10 13:00:00+00:00,FINISHED,1048,Real Oviedo,90,Real Betis Balompié,1,1,0,0,DRAW,1
537013,SA,2025,20,2026-01-10 14:00:00+00:00,FINISHED,115,Udinese Calcio,487,AC Pisa 1909,2,2,2,1,DRAW,1
537009,SA,2025,20,2026-01-10 14:00:00+00:00,FINISHED,7397,Como 1907,103,Bologna FC 1909,1,1,0,0,DRAW,1
544394,PD,2025,19,2026-01-10 15:15:00+00:00,FINISHED,94,Villarreal CF,263,Deportivo Alavés,3,1,0,0,HOME_TEAM,0
537006,SA,2025,20,2026-01-10 17:00:00+00:00,FINISHED,100,AS Roma,471,US Sassuolo Calcio,2,0,0,0,HOME_TEAM,0
544393,PD,2025,19,2026-01-10 17:30:00+00:00,FINISHED,298,Girona FC,79,CA Osasuna,1,0,1,0,HOME_TEAM,0
537007,SA,2025,20,2026-01-10 19:45:00+00:00,FINISHED,102,Atalanta BC,586,Torino FC,2,0,1,0,HOME_TEAM,0
544398,PD,2025,19,2026-01-10 20:00:00+00:00,FINISHED,95,Valencia CF,285,Elche CF,1,1,0,0,DRAW,1
537014,SA,2025,20,2026-01-11 11:30:00+00:00,FINISHED,5890,US Lecce,112,Parma Calcio 1913,1,2,1,0,AWAY_TEAM,2
544400,PD,2025,19,2026-01-11 13:00:00+00:00,FINISHED,87,Rayo Vallecano de Madrid,89,RCD Mallorca,2,1,2,1,HOME_TEAM,0
537005,SA,2025,20,2026-01-11 14:00:00+00:00,FINISHED,99,ACF Fiorentina,98,AC Milan,1,1,0,0,DRAW,1
544399,PD,2025,19,2026-01-11 15:15:00+00:00,FINISHED,88,Levante UD,80,RCD Espanyol de Barcelona,1,1,0,0,DRAW,1
537010,SA,2025,20,2026-01-11 17:00:00+00:00,FINISHED,450,Hellas Verona FC,110,SS Lazio,0,1,0,0,AWAY_TEAM,2
537011,SA,2025,20,2026-01-11 19:45:00+00:00,FINISHED,108,FC Internazionale Milano,113,SSC Napoli,2,2,1,1,DRAW,1
537008,SA,2025,20,2026-01-12 17:30:00+00:00,FINISHED,107,Genoa CFC,104,Cagliari Calcio,3,0,1,0,HOME_TEAM,0
537012,SA,2025,20,2026-01-12 19:45:00+00:00,FINISHED,109,Juventus FC,457,US Cremonese,5,0,3,0,HOME_TEAM,0
544397,PD,2025,19,2026-01-12 20:00:00+00:00,FINISHED,559,Sevilla FC,558,RC Celta de Vigo,0,1,0,0,AWAY_TEAM,2
536974,SA,2025,16,2026-01-14 17:30:00+00:00,FINISHED,113,SSC Napoli,112,Parma Calcio 1913,0,0,0,0,DRAW,1
536970,SA,2025,16,2026-01-14 19:45:00+00:00,FINISHED,108,FC Internazionale Milano,5890,US Lecce,1,0,0,0,HOME_TEAM,0
536969,SA,2025,16,2026-01-15 17:30:00+00:00,FINISHED,450,Hellas Verona FC,103,Bologna FC 1909,2,3,1,3,AWAY_TEAM,2
536968,SA,2025,16,2026-01-15 19:45:00+00:00,FINISHED,7397,Como 1907,98,AC Milan,1,3,1,1,AWAY_TEAM,2
537021,SA,2025,21,2026-01-16 19:45:00+00:00,FINISHED,487,AC Pisa 1909,102,Atalanta BC,1,1,0,0,DRAW,1
544404,PD,2025,20,2026-01-16 20:00:00+00:00,FINISHED,80,RCD Espanyol de Barcelona,298,Girona FC,0,2,0,1,AWAY_TEAM,2
538001,PL,2025,22,2026-01-17 12:30:00+00:00,FINISHED,66,Manchester United FC,65,Manchester City FC,2,0,0,0,HOME_TEAM,0
544410,PD,2025,20,2026-01-17 13:00:00+00:00,FINISHED,86,Real Madrid CF,88,Levante UD,2,0,0,0,HOME_TEAM,0
537023,SA,2025,21,2026-01-17 14:00:00+00:00,FINISHED,115,Udinese Calcio,108,FC Internazionale Milano,0,1,0,1,AWAY_TEAM,2
537995,PL,2025,22,2026-01-17 15:00:00+00:00,FINISHED,71,Sunderland AFC,354,Crystal Palace FC,2,1,1,1,HOME_TEAM,0
537998,PL,2025,22,2026-01-17 15:00:00+00:00,FINISHED,61,Chelsea FC,402,Brentford FC,2,0,1,0,HOME_TEAM,0
537999,PL,2025,22,2026-01-17 15:00:00+00:00,FINISHED,64,Liverpool FC,328,Burnley FC,1,1,1,0,DRAW,1
538000,PL,2025,22,2026-01-17 15:00:00+00:00,FINISHED,341,Leeds United FC,63,Fulham FC,1,0,0,0,HOME_TEAM,0
538003,PL,2025,22,2026-01-17 15:00:00+00:00,FINISHED,73,Tottenham Hotspur FC,563,West Ham United FC,1,2,0,1,AWAY_TEAM,2
544408,PD,2025,20,2026-01-17 15:15:00+00:00,FINISHED,89,RCD Mallorca,77,Athletic Club,3,2,2,2,HOME_TEAM,0
537022,SA,2025,21,2026-01-17 17:00:00+00:00,FINISHED,113,SSC Napoli,471,US Sassuolo Calcio,1,0,1,0,HOME_TEAM,0
544406,PD,2025,20,2026-01-17 17:30:00+00:00,FINISHED,79,CA Osasuna,1048,Real Oviedo,3,2,1,1,HOME_TEAM,0
538002,PL,2025,22,2026-01-17 17:30:00+00:00,FINISHED,351,Nottingham Forest FC,57,Arsenal FC,0,0,0,0,DRAW,1
537016,SA,2025,21,2026-01-17 19:45:00+00:00,FINISHED,104,Cagliari Calcio,109,Juventus FC,1,0,0,0,HOME_TEAM,0
544401,PD,2025,20,2026-01-17 20:00:00+00:00,FINISHED,90,Real Betis Balompié,94,Villarreal CF,2,0,0,0,HOME_TEAM,0
537020,SA,2025,21,2026-01-18 11:30:00+00:00,FINISHED,112,Parma Calcio 1913,107,Genoa CFC,0,0,0,0,DRAW,1
544405,PD,2025,20,2026-01-18 13:00:00+00:00,FINISHED,82,Getafe CF,95,Valencia CF,0,1,0,0,AWAY_TEAM,2
538004,PL,2025,22,2026-01-18 14:00:00+00:00,FINISHED,76,Wolverhampton Wanderers FC,67,Newcastle United FC,0,0,0,0,DRAW,1
537017,SA,2025,21,2026-01-18 14:00:00+00:00,FINISHED,103,Bologna FC 1909,99,ACF Fiorentina,1,2,0,2,AWAY_TEAM,2
544407,PD,2025,20,2026-01-18 15:15:00+00:00,FINISHED,78,Club Atlético de Madrid,263,Deportivo Alavés,1,0,0,0,HOME_TEAM,0
537996,PL,2025,22,2026-01-18 16:30:00+00:00,FINISHED,58,Aston Villa FC,62,Everton FC,0,1,0,0,AWAY_TEAM,2
537018,SA,2025,21,2026-01-18 17:00:00+00:00,FINISHED,586,Torino FC,100,AS Roma,0,2,0,1,AWAY_TEAM,2
544402,PD,2025,20,2026-01-18 17:30:00+00:00,FINISHED,558,RC Celta de Vigo,87,Rayo Vallecano de Madrid,3,0,1,0,HOME_TEAM,0
537015,SA,2025,21,2026-01-18 19:45:00+00:00,FINISHED,98,AC Milan,5890,US Lecce,1,0,0,0,HOME_TEAM,0
544409,PD,2025,20,2026-01-18 20:00:00+00:00,FINISHED,92,Real Sociedad de Fútbol,81,FC Barcelona,2,1,1,0,HOME_TEAM,0
537024,SA,2025,21,2026-01-19 17:30:00+00:00,FINISHED,457,US Cremonese,450,Hellas Verona FC,0,0,0,0,DRAW,1
537019,SA,2025,21,2026-01-19 19:45:00+00:00,FINISHED,110,SS Lazio,7397,Como 1907,0,3,0,2,AWAY_TEAM,2
544403,PD,2025,20,2026-01-19 20:00:00+00:00,FINISHED,285,Elche CF,559,Sevilla FC,2,2,1,0,DRAW,1
537997,PL,2025,22,2026-01-19 20:00:00+00:00,FINISHED,397,Brighton & Hove Albion FC,1044,AFC Bournemouth,1,1,0,1,DRAW,1
537031,SA,2025,22,2026-01-23 19:45:00+00:00,FINISHED,108,FC Internazionale Milano,487,AC Pisa 1909,6,2,3,2,HOME_TEAM,0
544416,PD,2025,21,2026-01-23 20:00:00+00:00,FINISHED,88,Levante UD,285,Elche CF,3,2,0,1,HOME_TEAM,0
538014,PL,2025,23,2026-01-24 12:30:00+00:00,FINISHED,563,West Ham United FC,71,Sunderland AFC,3,1,3,0,HOME_TEAM,0
544419,PD,2025,21,2026-01-24 13:00:00+00:00,FINISHED,87,Rayo Vallecano de Madrid,79,CA Osasuna,1,3,0,1,AWAY_TEAM,2
537029,SA,2025,22,2026-01-24 14:00:00+00:00,FINISHED,7397,Como 1907,586,Torino FC,6,0,2,0,HOME_TEAM,0
538009,PL,2025,23,2026-01-24 15:00:00+00:00,FINISHED,328,Burnley FC,73,Tottenham Hotspur FC,2,2,1,1,DRAW,1
538011,PL,2025,23,2026-01-24 15:00:00+00:00,FINISHED,63,Fulham FC,397,Brighton & Hove Albion FC,2,1,0,1,HOME_TEAM,0
538012,PL,2025,23,2026-01-24 15:00:00+00:00,FINISHED,65,Manchester City FC,76,Wolverhampton Wanderers FC,2,0,2,0,HOME_TEAM,0
544417,PD,2025,21,2026-01-24 15:15:00+00:00,FINISHED,95,Valencia CF,80,RCD Espanyol de Barcelona,3,2,1,0,HOME_TEAM,0
537025,SA,2025,22,2026-01-24 17:00:00+00:00,FINISHED,99,ACF Fiorentina,104,Cagliari Calcio,1,2,0,1,AWAY_TEAM,2
538005,PL,2025,23,2026-01-24 17:30:00+00:00,FINISHED,1044,AFC Bournemouth,64,Liverpool FC,3,2,2,1,HOME_TEAM,0
544414,PD,2025,21,2026-01-24 17:30:00+00:00,FINISHED,559,Sevilla FC,77,Athletic Club,2,1,1,1,HOME_TEAM,0
537034,SA,2025,22,2026-01-24 19:45:00+00:00,FINISHED,5890,US Lecce,110,SS Lazio,0,0,0,0,DRAW,1
544420,PD,2025,21,2026-01-24 20:00:00+00:00,FINISHED,94,Villarreal CF,86,Real Madrid CF,0,2,0,0,AWAY_TEAM,2
537033,SA,2025,22,2026-01-25 11:30:00+00:00,FINISHED,471,US Sassuolo Calcio,457,US Cremonese,1,0,1,0,HOME_TEAM,0
544412,PD,2025,21,2026-01-25 13:00:00+00:00,FINISHED,78,Club Atlético de Madrid,89,RCD Mallorca,3,0,1,0,HOME_TEAM,0
537028,SA,2025,22,2026-01-25 14:00:00+00:00,FINISHED,107,Genoa CFC,103,Bologna FC 1909,3,2,0,1,HOME_TEAM,0
538008,PL,2025,23,2026-01-25 14:00:00+00:00,FINISHED,402,Brentford FC,351,Nottingham Forest FC,0,2,0,1,AWAY_TEAM,2
538006,PL,2025,23,2026-01-25 14:00:00+00:00,FINISHED,354,Crystal Palace FC,61,Chelsea FC,1,3,0,1,AWAY_TEAM,2
537027,SA,2025,22,2026-01-25 14:00:00+00:00,FINISHED,102,Atalanta BC,112,Parma Calcio 1913,4,0,2,0,HOME_TEAM,0
538013,PL,2025,23,2026-01-25 14:00:00+00:00,FINISHED,67,Newcastle United FC,58,Aston Villa FC,0,2,0,1,AWAY_TEAM,2
544413,PD,2025,21,2026-01-25 15:15:00+00:00,FINISHED,81,FC Barcelona,1048,Real Oviedo,3,0,0,0,HOME_TEAM,0
538007,PL,2025,23,2026-01-25 16:30:00+00:00,FINISHED,57,Arsenal FC,66,Manchester United FC,2,3,1,1,AWAY_TEAM,2
537032,SA,2025,22,2026-01-25 17:00:00+00:00,FINISHED,109,Juventus FC,113,SSC Napoli,3,0,1,0,HOME_TEAM,0
544415,PD,2025,21,2026-01-25 17:30:00+00:00,FINISHED,92,Real Sociedad de Fútbol,558,RC Celta de Vigo,3,1,1,0,HOME_TEAM,0
537026,SA,2025,22,2026-01-25 19:45:00+00:00,FINISHED,100,AS Roma,98,AC Milan,1,1,0,0,DRAW,1
544411,PD,2025,21,2026-01-25 20:00:00+00:00,FINISHED,263,Deportivo Alavés,90,Real Betis Balompié,2,1,1,0,HOME_TEAM,0
537030,SA,2025,22,2026-01-26 19:45:00+00:00,FINISHED,450,Hellas Verona FC,115,Udinese Calcio,1,3,1,1,AWAY_TEAM,2
544418,PD,2025,21,2026-01-26 20:00:00+00:00,FINISHED,298,Girona FC,82,Getafe CF,1,1,0,0,DRAW,1
538010,PL,2025,23,2026-01-26 20:00:00+00:00,FINISHED,62,Everton FC,341,Leeds United FC,1,1,0,1,DRAW,1
537039,SA,2025,23,2026-01-30 19:45:00+00:00,FINISHED,110,SS Lazio,107,Genoa CFC,3,2,0,0,HOME_TEAM,0
544425,PD,2025,22,2026-01-30 20:00:00+00:00,FINISHED,80,RCD Espanyol de Barcelona,263,Deportivo Alavés,1,2,1,1,AWAY_TEAM,2
544429,PD,2025,22,2026-01-31 13:00:00+00:00,FINISHED,1048,Real Oviedo,298,Girona FC,1,0,0,0,HOME_TEAM,0
537041,SA,2025,23,2026-01-31 14:00:00+00:00,FINISHED,487,AC Pisa 1909,471,US Sassuolo Calcio,1,3,0,2,AWAY_TEAM,2
538024,PL,2025,24,2026-01-31 15:00:00+00:00,FINISHED,76,Wolverhampton Wanderers FC,1044,AFC Bournemouth,0,2,0,1,AWAY_TEAM,2
538020,PL,2025,24,2026-01-31 15:00:00+00:00,FINISHED,341,Leeds United FC,57,Arsenal FC,0,4,0,2,AWAY_TEAM,2
538017,PL,2025,24,2026-01-31 15:00:00+00:00,FINISHED,397,Brighton & Hove Albion FC,62,Everton FC,1,1,0,0,DRAW,1
544424,PD,2025,22,2026-01-31 15:15:00+00:00,FINISHED,79,CA Osasuna,94,Villarreal CF,2,2,2,1,DRAW,1
537042,SA,2025,23,2026-01-31 17:00:00+00:00,FINISHED,113,SSC Napoli,99,ACF Fiorentina,2,1,1,0,HOME_TEAM,0
538018,PL,2025,24,2026-01-31 17:30:00+00:00,FINISHED,61,Chelsea FC,563,West Ham United FC,3,2,0,2,HOME_TEAM,0
544426,PD,2025,22,2026-01-31 17:30:00+00:00,FINISHED,88,Levante UD,78,Club Atlético de Madrid,0,0,0,0,DRAW,1
537035,SA,2025,23,2026-01-31 19:45:00+00:00,FINISHED,104,Cagliari Calcio,450,Hellas Verona FC,4,0,2,0,HOME_TEAM,0
538019,PL,2025,24,2026-01-31 20:00:00+00:00,FINISHED,64,Liverpool FC,67,Newcastle United FC,4,1,2,1,HOME_TEAM,0
544427,PD,2025,22,2026-01-31 20:00:00+00:00,FINISHED,285,Elche CF,81,FC Barcelona,1,3,1,2,AWAY_TEAM,2
537038,SA,2025,23,2026-02-01 11:30:00+00:00,FINISHED,586,Torino FC,5890,US Lecce,1,0,1,0,HOME_TEAM,0
544430,PD,2025,22,2026-02-01 13:00:00+00:00,FINISHED,86,Real Madrid CF,87,Rayo Vallecano de Madrid,2,1,1,0,HOME_TEAM,0
537036,SA,2025,23,2026-02-01 14:00:00+00:00,FINISHED,7397,Como 1907,102,Atalanta BC,0,0,0,0,DRAW,1
538021,PL,2025,24,2026-02-01 14:00:00+00:00,FINISHED,66,Manchester United FC,63,Fulham FC,3,2,1,0,HOME_TEAM,0
538022,PL,2025,24,2026-02-01 14:00:00+00:00,FINISHED,351,Nottingham Forest FC,354,Crystal Palace FC,1,1,1,1,DRAW,1
538016,PL,2025,24,2026-02-01 14:00:00+00:00,FINISHED,58,Aston Villa FC,402,Brentford FC,0,1,0,1,AWAY_TEAM,2
544422,PD,2025,22,2026-02-01 15:15:00+00:00,FINISHED,90,Real Betis Balompié,95,Valencia CF,2,1,1,1,HOME_TEAM,0
538023,PL,2025,24,2026-02-01 16:30:00+00:00,FINISHED,73,Tottenham Hotspur FC,65,Manchester City FC,2,2,0,2,DRAW,1
537044,SA,2025,23,2026-02-01 17:00:00+00:00,FINISHED,457,US Cremonese,108,FC Internazionale Milano,0,2,0,2,AWAY_TEAM,2
544428,PD,2025,22,2026-02-01 17:30:00+00:00,FINISHED,82,Getafe CF,558,RC Celta de Vigo,0,0,0,0,DRAW,1
537040,SA,2025,23,2026-02-01 19:45:00+00:00,FINISHED,112,Parma Calcio 1913,109,Juventus FC,1,4,0,2,AWAY_TEAM,2
544421,PD,2025,22,2026-02-01 20:00:00+00:00,FINISHED,77,Athletic Club,92,Real Sociedad de Fútbol,1,1,0,1,DRAW,1
537043,SA,2025,23,2026-02-02 19:45:00+00:00,FINISHED,115,Udinese Calcio,100,AS Roma,1,0,0,0,HOME_TEAM,0
544423,PD,2025,22,2026-02-02 20:00:00+00:00,FINISHED,89,RCD Mallorca,559,Sevilla FC,4,1,1,1,HOME_TEAM,0
538015,PL,2025,24,2026-02-02 20:00:00+00:00,FINISHED,71,Sunderland AFC,328,Burnley FC,3,0,2,0,HOME_TEAM,0
537037,SA,2025,23,2026-02-03 19:45:00+00:00,FINISHED,103,Bologna FC 1909,98,AC Milan,0,3,0,2,AWAY_TEAM,2
537051,SA,2025,24,2026-02-06 19:45:00+00:00,FINISHED,450,Hellas Verona FC,487,AC Pisa 1909,0,0,0,0,DRAW,1
544435,PD,2025,23,2026-02-06 20:00:00+00:00,FINISHED,558,RC Celta de Vigo,79,CA Osasuna,1,2,0,1,AWAY_TEAM,2
538031,PL,2025,25,2026-02-06 20:00:00+00:00,FINISHED,341,Leeds United FC,351,Nottingham Forest FC,3,1,2,0,HOME_TEAM,0
538032,PL,2025,25,2026-02-07 12:30:00+00:00,FINISHED,66,Manchester United FC,73,Tottenham Hotspur FC,2,0,1,0,HOME_TEAM,0
538027,PL,2025,25,2026-02-07 15:00:00+00:00,FINISHED,57,Arsenal FC,71,Sunderland AFC,3,0,1,0,HOME_TEAM,0
538028,PL,2025,25,2026-02-07 15:00:00+00:00,FINISHED,328,Burnley FC,563,West Ham United FC,0,2,0,2,AWAY_TEAM,2
538029,PL,2025,25,2026-02-07 15:00:00+00:00,FINISHED,63,Fulham FC,62,Everton FC,1,2,1,0,AWAY_TEAM,2
538034,PL,2025,25,2026-02-07 15:00:00+00:00,FINISHED,76,Wolverhampton Wanderers FC,61,Chelsea FC,1,3,0,3,AWAY_TEAM,2
538025,PL,2025,25,2026-02-07 15:00:00+00:00,FINISHED,1044,AFC Bournemouth,58,Aston Villa FC,1,1,0,1,DRAW,1
544434,PD,2025,23,2026-02-07 15:15:00+00:00,FINISHED,81,FC Barcelona,89,RCD Mallorca,3,0,1,0,HOME_TEAM,0
537049,SA,2025,24,2026-02-07 17:00:00+00:00,FINISHED,107,Genoa CFC,113,SSC Napoli,2,3,1,2,AWAY_TEAM,2
538033,PL,2025,25,2026-02-07 17:30:00+00:00,FINISHED,67,Newcastle United FC,402,Brentford FC,2,3,1,2,AWAY_TEAM,2
537045,SA,2025,24,2026-02-07 19:45:00+00:00,FINISHED,99,ACF Fiorentina,586,Torino FC,2,2,0,1,DRAW,1
544436,PD,2025,23,2026-02-07 20:00:00+00:00,FINISHED,92,Real Sociedad de Fútbol,285,Elche CF,3,1,2,1,HOME_TEAM,0
537050,SA,2025,24,2026-02-08 11:30:00+00:00,FINISHED,103,Bologna FC 1909,112,Parma Calcio 1913,0,1,0,0,AWAY_TEAM,2
544431,PD,2025,23,2026-02-08 13:00:00+00:00,FINISHED,263,Deportivo Alavés,82,Getafe CF,0,2,0,0,AWAY_TEAM,2
538026,PL,2025,25,2026-02-08 14:00:00+00:00,FINISHED,397,Brighton & Hove Albion FC,354,Crystal Palace FC,0,1,0,0,AWAY_TEAM,2
537054,SA,2025,24,2026-02-08 14:00:00+00:00,FINISHED,5890,US Lecce,115,Udinese Calcio,2,1,1,1,HOME_TEAM,0
544432,PD,2025,23,2026-02-08 15:15:00+00:00,FINISHED,77,Athletic Club,88,Levante UD,4,2,2,0,HOME_TEAM,0
544438,PD,2025,23,2026-02-08 15:15:00+00:00,FINISHED,559,Sevilla FC,298,Girona FC,1,1,0,1,DRAW,1
538030,PL,2025,25,2026-02-08 16:30:00+00:00,FINISHED,64,Liverpool FC,65,Manchester City FC,1,2,0,0,AWAY_TEAM,2
537053,SA,2025,24,2026-02-08 17:00:00+00:00,FINISHED,471,US Sassuolo Calcio,108,FC Internazionale Milano,0,5,0,2,AWAY_TEAM,2
544433,PD,2025,23,2026-02-08 17:30:00+00:00,FINISHED,78,Club Atlético de Madrid,90,Real Betis Balompié,0,1,0,1,AWAY_TEAM,2
537052,SA,2025,24,2026-02-08 19:45:00+00:00,FINISHED,109,Juventus FC,110,SS Lazio,2,2,0,1,DRAW,1
544439,PD,2025,23,2026-02-08 20:00:00+00:00,FINISHED,95,Valencia CF,86,Real Madrid CF,0,2,0,0,AWAY_TEAM,2
537048,SA,2025,24,2026-02-09 17:30:00+00:00,FINISHED,102,Atalanta BC,457,US Cremonese,2,1,2,0,HOME_TEAM,0
537047,SA,2025,24,2026-02-09 19:45:00+00:00,FINISHED,100,AS Roma,104,Cagliari Calcio,2,0,1,0,HOME_TEAM,0
544437,PD,2025,23,2026-02-09 20:00:00+00:00,FINISHED,94,Villarreal CF,80,RCD Espanyol de Barcelona,4,1,2,0,HOME_TEAM,0
538039,PL,2025,26,2026-02-10 19:30:00+00:00,FINISHED,61,Chelsea FC,341,Leeds United FC,2,2,1,0,DRAW,1
538040,PL,2025,26,2026-02-10 19:30:00+00:00,FINISHED,62,Everton FC,1044,AFC Bournemouth,1,2,1,0,AWAY_TEAM,2
538043,PL,2025,26,2026-02-10 19:30:00+00:00,FINISHED,73,Tottenham Hotspur FC,67,Newcastle United FC,1,2,0,1,AWAY_TEAM,2
538044,PL,2025,26,2026-02-10 20:15:00+00:00,FINISHED,563,West Ham United FC,66,Manchester United FC,1,1,0,0,DRAW,1
538042,PL,2025,26,2026-02-11 19:30:00+00:00,FINISHED,351,Nottingham Forest FC,76,Wolverhampton Wanderers FC,0,0,0,0,DRAW,1
538036,PL,2025,26,2026-02-11 19:30:00+00:00,FINISHED,58,Aston Villa FC,397,Brighton & Hove Albion FC,1,0,0,0,HOME_TEAM,0
538041,PL,2025,26,2026-02-11 19:30:00+00:00,FINISHED,65,Manchester City FC,63,Fulham FC,3,0,3,0,HOME_TEAM,0
538037,PL,2025,26,2026-02-11 19:40:00+00:00,FINISHED,354,Crystal Palace FC,328,Burnley FC,2,3,2,3,AWAY_TEAM,2
538035,PL,2025,26,2026-02-11 20:15:00+00:00,FINISHED,71,Sunderland AFC,64,Liverpool FC,0,1,0,0,AWAY_TEAM,2
538038,PL,2025,26,2026-02-12 20:00:00+00:00,FINISHED,402,Brentford FC,57,Arsenal FC,1,1,0,0,DRAW,1
537061,SA,2025,25,2026-02-13 19:45:00+00:00,FINISHED,487,AC Pisa 1909,98,AC Milan,1,2,0,1,AWAY_TEAM,2
544441,PD,2025,24,2026-02-13 20:00:00+00:00,FINISHED,285,Elche CF,79,CA Osasuna,0,0,0,0,DRAW,1
544450,PD,2025,24,2026-02-14 13:00:00+00:00,FINISHED,80,RCD Espanyol de Barcelona,558,RC Celta de Vigo,2,2,0,1,DRAW,1
537056,SA,2025,25,2026-02-14 14:00:00+00:00,FINISHED,7397,Como 1907,99,ACF Fiorentina,1,2,0,1,AWAY_TEAM,2
544442,PD,2025,24,2026-02-14 15:15:00+00:00,FINISHED,82,Getafe CF,94,Villarreal CF,2,1,1,0,HOME_TEAM,0
537059,SA,2025,25,2026-02-14 17:00:00+00:00,FINISHED,110,SS Lazio,102,Atalanta BC,0,2,0,1,AWAY_TEAM,2
544445,PD,2025,24,2026-02-14 17:30:00+00:00,FINISHED,559,Sevilla FC,263,Deportivo Alavés,1,1,1,0,DRAW,1
537058,SA,2025,25,2026-02-14 19:45:00+00:00,FINISHED,108,FC Internazionale Milano,109,Juventus FC,3,2,1,1,HOME_TEAM,0
544444,PD,2025,24,2026-02-14 20:00:00+00:00,FINISHED,86,Real Madrid CF,92,Real Sociedad de Fútbol,4,1,3,1,HOME_TEAM,0
537063,SA,2025,25,2026-02-15 11:30:00+00:00,FINISHED,115,Udinese Calcio,471,US Sassuolo Calcio,1,2,1,0,AWAY_TEAM,2
544446,PD,2025,24,2026-02-15 13:00:00+00:00,FINISHED,1048,Real Oviedo,77,Athletic Club,1,2,1,0,AWAY_TEAM,2
537060,SA,2025,25,2026-02-15 14:00:00+00:00,FINISHED,112,Parma Calcio 1913,450,Hellas Verona FC,2,1,1,1,HOME_TEAM,0
537064,SA,2025,25,2026-02-15 14:00:00+00:00,FINISHED,457,US Cremonese,107,Genoa CFC,0,0,0,0,DRAW,1
544447,PD,2025,24,2026-02-15 15:15:00+00:00,FINISHED,87,Rayo Vallecano de Madrid,78,Club Atlético de Madrid,3,0,2,0,HOME_TEAM,0
537057,SA,2025,25,2026-02-15 17:00:00+00:00,FINISHED,586,Torino FC,103,Bologna FC 1909,1,2,0,0,AWAY_TEAM,2
544443,PD,2025,24,2026-02-15 17:30:00+00:00,FINISHED,88,Levante UD,95,Valencia CF,0,2,0,0,AWAY_TEAM,2
537062,SA,2025,25,2026-02-15 19:45:00+00:00,FINISHED,113,SSC Napoli,100,AS Roma,2,2,1,1,DRAW,1
544449,PD,2025,24,2026-02-15 20:00:00+00:00,FINISHED,89,RCD Mallorca,90,Real Betis Balompié,1,2,0,2,AWAY_TEAM,2
537055,SA,2025,25,2026-02-16 19:45:00+00:00,FINISHED,104,Cagliari Calcio,5890,US Lecce,0,2,0,0,AWAY_TEAM,2
544448,PD,2025,24,2026-02-16 20:00:00+00:00,FINISHED,298,Girona FC,81,FC Barcelona,2,1,0,0,HOME_TEAM,0
544364,PD,2025,16,2026-02-18 19:00:00+00:00,FINISHED,88,Levante UD,94,Villarreal CF,0,1,0,0,AWAY_TEAM,2
537046,SA,2025,24,2026-02-18 19:45:00+00:00,FINISHED,98,AC Milan,7397,Como 1907,1,1,0,1,DRAW,1
538094,PL,2025,31,2026-02-18 20:00:00+00:00,FINISHED,76,Wolverhampton Wanderers FC,57,Arsenal FC,2,2,0,1,DRAW,1
537073,SA,2025,26,2026-02-20 19:45:00+00:00,FINISHED,471,US Sassuolo Calcio,450,Hellas Verona FC,3,0,2,0,HOME_TEAM,0
544452,PD,2025,25,2026-02-20 20:00:00+00:00,FINISHED,77,Athletic Club,285,Elche CF,2,1,0,0,HOME_TEAM,0
544460,PD,2025,25,2026-02-21 13:00:00+00:00,FINISHED,92,Real Sociedad de Fútbol,1048,Real Oviedo,3,3,0,0,DRAW,1
537072,SA,2025,26,2026-02-21 14:00:00+00:00,FINISHED,109,Juventus FC,7397,Como 1907,0,2,0,1,AWAY_TEAM,2
538048,PL,2025,27,2026-02-21 15:00:00+00:00,FINISHED,402,Brentford FC,397,Brighton & Hove Albion FC,0,2,0,2,AWAY_TEAM,2
538046,PL,2025,27,2026-02-21 15:00:00+00:00,FINISHED,58,Aston Villa FC,341,Leeds United FC,1,1,0,1,DRAW,1
538049,PL,2025,27,2026-02-21 15:00:00+00:00,FINISHED,61,Chelsea FC,328,Burnley FC,1,1,1,0,DRAW,1
544455,PD,2025,25,2026-02-21 15:15:00+00:00,FINISHED,90,Real Betis Balompié,87,Rayo Vallecano de Madrid,1,1,1,1,DRAW,1
537074,SA,2025,26,2026-02-21 17:00:00+00:00,FINISHED,5890,US Lecce,108,FC Internazionale Milano,0,2,0,0,AWAY_TEAM,2
544458,PD,2025,25,2026-02-21 17:30:00+00:00,FINISHED,79,CA Osasuna,86,Real Madrid CF,2,1,1,0,HOME_TEAM,0
538054,PL,2025,27,2026-02-21 17:30:00+00:00,FINISHED,563,West Ham United FC,1044,AFC Bournemouth,0,0,0,0,DRAW,1
537069,SA,2025,26,2026-02-21 19:45:00+00:00,FINISHED,104,Cagliari Calcio,110,SS Lazio,0,0,0,0,DRAW,1
544453,PD,2025,25,2026-02-21 20:00:00+00:00,FINISHED,78,Club Atlético de Madrid,80,RCD Espanyol de Barcelona,4,2,1,1,HOME_TEAM,0
538051,PL,2025,27,2026-02-21 20:00:00+00:00,FINISHED,65,Manchester City FC,67,Newcastle United FC,2,1,2,1,HOME_TEAM,0
537070,SA,2025,26,2026-02-22 11:30:00+00:00,FINISHED,107,Genoa CFC,586,Torino FC,3,0,2,0,HOME_TEAM,0
544457,PD,2025,25,2026-02-22 13:00:00+00:00,FINISHED,82,Getafe CF,559,Sevilla FC,0,1,0,0,AWAY_TEAM,2
537068,SA,2025,26,2026-02-22 14:00:00+00:00,FINISHED,102,Atalanta BC,113,SSC Napoli,2,1,0,1,HOME_TEAM,0
538052,PL,2025,27,2026-02-22 14:00:00+00:00,FINISHED,351,Nottingham Forest FC,64,Liverpool FC,0,1,0,0,AWAY_TEAM,2
538047,PL,2025,27,2026-02-22 14:00:00+00:00,FINISHED,354,Crystal Palace FC,76,Wolverhampton Wanderers FC,1,0,0,0,HOME_TEAM,0
538045,PL,2025,27,2026-02-22 14:00:00+00:00,FINISHED,71,Sunderland AFC,63,Fulham FC,1,3,0,0,AWAY_TEAM,2
544454,PD,2025,25,2026-02-22 15:15:00+00:00,FINISHED,81,FC Barcelona,88,Levante UD,3,0,2,0,HOME_TEAM,0
538053,PL,2025,27,2026-02-22 16:30:00+00:00,FINISHED,73,Tottenham Hotspur FC,57,Arsenal FC,1,4,1,1,AWAY_TEAM,2
537066,SA,2025,26,2026-02-22 17:00:00+00:00,FINISHED,98,AC Milan,112,Parma Calcio 1913,0,1,0,0,AWAY_TEAM,2
544456,PD,2025,25,2026-02-22 17:30:00+00:00,FINISHED,558,RC Celta de Vigo,89,RCD Mallorca,2,0,0,0,HOME_TEAM,0
537067,SA,2025,26,2026-02-22 19:45:00+00:00,FINISHED,100,AS Roma,457,US Cremonese,3,0,0,0,HOME_TEAM,0
544459,PD,2025,25,2026-02-22 20:00:00+00:00,FINISHED,94,Villarreal CF,95,Valencia CF,2,1,2,1,HOME_TEAM,0
537065,SA,2025,26,2026-02-23 17:30:00+00:00,FINISHED,99,ACF Fiorentina,487,AC Pisa 1909,1,0,1,0,HOME_TEAM,0
537071,SA,2025,26,2026-02-23 19:45:00+00:00,FINISHED,103,Bologna FC 1909,115,Udinese Calcio,1,0,0,0,HOME_TEAM,0
538050,PL,2025,27,2026-02-23 20:00:00+00:00,FINISHED,62,Everton FC,66,Manchester United FC,0,1,0,0,AWAY_TEAM,2
544451,PD,2025,25,2026-02-23 20:00:00+00:00,FINISHED,263,Deportivo Alavés,298,Girona FC,2,2,1,1,DRAW,1
537080,SA,2025,27,2026-02-27 19:45:00+00:00,FINISHED,112,Parma Calcio 1913,104,Cagliari Calcio,1,1,0,0,DRAW,1
544465,PD,2025,26,2026-02-27 20:00:00+00:00,FINISHED,88,Levante UD,263,Deportivo Alavés,2,0,0,0,HOME_TEAM,0
538064,PL,2025,28,2026-02-27 20:00:00+00:00,FINISHED,76,Wolverhampton Wanderers FC,58,Aston Villa FC,2,0,0,0,HOME_TEAM,0
538055,PL,2025,28,2026-02-28 12:30:00+00:00,FINISHED,1044,AFC Bournemouth,71,Sunderland AFC,1,1,0,1,DRAW,1
544466,PD,2025,26,2026-02-28 13:00:00+00:00,FINISHED,87,Rayo Vallecano de Madrid,77,Athletic Club,1,1,1,0,DRAW,1
537076,SA,2025,27,2026-02-28 14:00:00+00:00,FINISHED,7397,Como 1907,5890,US Lecce,3,1,3,1,HOME_TEAM,0
538063,PL,2025,28,2026-02-28 15:00:00+00:00,FINISHED,67,Newcastle United FC,62,Everton FC,2,3,1,2,AWAY_TEAM,2
538060,PL,2025,28,2026-02-28 15:00:00+00:00,FINISHED,64,Liverpool FC,563,West Ham United FC,5,2,3,0,HOME_TEAM,0
538058,PL,2025,28,2026-02-28 15:00:00+00:00,FINISHED,328,Burnley FC,402,Brentford FC,3,4,1,3,AWAY_TEAM,2
544461,PD,2025,26,2026-02-28 15:15:00+00:00,FINISHED,81,FC Barcelona,94,Villarreal CF,4,1,2,0,HOME_TEAM,0
537078,SA,2025,27,2026-02-28 17:00:00+00:00,FINISHED,450,Hellas Verona FC,113,SSC Napoli,1,2,0,1,AWAY_TEAM,2
538061,PL,2025,28,2026-02-28 17:30:00+00:00,FINISHED,341,Leeds United FC,65,Manchester City FC,0,1,0,1,AWAY_TEAM,2
544464,PD,2025,26,2026-02-28 17:30:00+00:00,FINISHED,89,RCD Mallorca,92,Real Sociedad de Fútbol,0,1,0,1,AWAY_TEAM,2
537079,SA,2025,27,2026-02-28 19:45:00+00:00,FINISHED,108,FC Internazionale Milano,107,Genoa CFC,2,0,1,0,HOME_TEAM,0
544467,PD,2025,26,2026-02-28 20:00:00+00:00,FINISHED,1048,Real Oviedo,78,Club Atlético de Madrid,0,1,0,0,AWAY_TEAM,2
537084,SA,2025,27,2026-03-01 11:30:00+00:00,FINISHED,457,US Cremonese,98,AC Milan,0,2,0,0,AWAY_TEAM,2
544463,PD,2025,26,2026-03-01 13:00:00+00:00,FINISHED,285,Elche CF,80,RCD Espanyol de Barcelona,2,2,1,1,DRAW,1
537082,SA,2025,27,2026-03-01 14:00:00+00:00,FINISHED,471,US Sassuolo Calcio,102,Atalanta BC,2,1,1,0,HOME_TEAM,0
538062,PL,2025,28,2026-03-01 14:00:00+00:00,FINISHED,66,Manchester United FC,354,Crystal Palace FC,2,1,0,1,HOME_TEAM,0
538056,PL,2025,28,2026-03-01 14:00:00+00:00,FINISHED,397,Brighton & Hove Albion FC,351,Nottingham Forest FC,2,1,2,1,HOME_TEAM,0
538059,PL,2025,28,2026-03-01 14:00:00+00:00,FINISHED,63,Fulham FC,73,Tottenham Hotspur FC,2,1,2,0,HOME_TEAM,0
544470,PD,2025,26,2026-03-01 15:15:00+00:00,FINISHED,95,Valencia CF,79,CA Osasuna,1,0,0,0,HOME_TEAM,0
538057,PL,2025,28,2026-03-01 16:30:00+00:00,FINISHED,57,Arsenal FC,61,Chelsea FC,2,1,1,1,HOME_TEAM,0
537077,SA,2025,27,2026-03-01 17:00:00+00:00,FINISHED,586,Torino FC,110,SS Lazio,2,0,1,0,HOME_TEAM,0
544462,PD,2025,26,2026-03-01 17:30:00+00:00,FINISHED,90,Real Betis Balompié,559,Sevilla FC,2,2,2,0,DRAW,1
537075,SA,2025,27,2026-03-01 19:45:00+00:00,FINISHED,100,AS Roma,109,Juventus FC,3,3,1,0,DRAW,1
544468,PD,2025,26,2026-03-01 20:00:00+00:00,FINISHED,298,Girona FC,558,RC Celta de Vigo,1,2,1,0,AWAY_TEAM,2
537081,SA,2025,27,2026-03-02 17:30:00+00:00,FINISHED,487,AC Pisa 1909,103,Bologna FC 1909,0,1,0,0,AWAY_TEAM,2
537083,SA,2025,27,2026-03-02 19:45:00+00:00,FINISHED,115,Udinese Calcio,99,ACF Fiorentina,3,0,1,0,HOME_TEAM,0
544469,PD,2025,26,2026-03-02 20:00:00+00:00,FINISHED,86,Real Madrid CF,82,Getafe CF,0,1,0,1,AWAY_TEAM,2
538065,PL,2025,29,2026-03-03 19:30:00+00:00,FINISHED,1044,AFC Bournemouth,402,Brentford FC,0,0,0,0,DRAW,1
538068,PL,2025,29,2026-03-03 19:30:00+00:00,FINISHED,62,Everton FC,328,Burnley FC,2,0,1,0,HOME_TEAM,0
538070,PL,2025,29,2026-03-03 19:30:00+00:00,FINISHED,341,Leeds United FC,71,Sunderland AFC,0,1,0,0,AWAY_TEAM,2
538074,PL,2025,29,2026-03-03 20:15:00+00:00,FINISHED,76,Wolverhampton Wanderers FC,64,Liverpool FC,2,1,0,0,HOME_TEAM,0
544440,PD,2025,23,2026-03-04 18:00:00+00:00,FINISHED,87,Rayo Vallecano de Madrid,1048,Real Oviedo,3,0,1,0,HOME_TEAM,0
538066,PL,2025,29,2026-03-04 19:30:00+00:00,FINISHED,58,Aston Villa FC,61,Chelsea FC,1,4,1,2,AWAY_TEAM,2
538067,PL,2025,29,2026-03-04 19:30:00+00:00,FINISHED,397,Brighton & Hove Albion FC,57,Arsenal FC,0,1,0,1,AWAY_TEAM,2
538069,PL,2025,29,2026-03-04 19:30:00+00:00,FINISHED,63,Fulham FC,563,West Ham United FC,0,1,0,0,AWAY_TEAM,2
538071,PL,2025,29,2026-03-04 19:30:00+00:00,FINISHED,65,Manchester City FC,351,Nottingham Forest FC,2,2,1,0,DRAW,1
538072,PL,2025,29,2026-03-04 20:15:00+00:00,FINISHED,67,Newcastle United FC,66,Manchester United FC,2,1,1,1,HOME_TEAM,0
538073,PL,2025,29,2026-03-05 20:00:00+00:00,FINISHED,73,Tottenham Hotspur FC,354,Crystal Palace FC,1,3,1,3,AWAY_TEAM,2
537093,SA,2025,28,2026-03-06 19:45:00+00:00,FINISHED,113,SSC Napoli,586,Torino FC,2,1,1,0,HOME_TEAM,0
544473,PD,2025,27,2026-03-06 20:00:00+00:00,FINISHED,558,RC Celta de Vigo,86,Real Madrid CF,1,2,1,1,AWAY_TEAM,2
544479,PD,2025,27,2026-03-07 13:00:00+00:00,FINISHED,79,CA Osasuna,89,RCD Mallorca,2,2,0,1,DRAW,1
537088,SA,2025,28,2026-03-07 14:00:00+00:00,FINISHED,104,Cagliari Calcio,7397,Como 1907,1,2,0,1,AWAY_TEAM,2
544478,PD,2025,27,2026-03-07 15:15:00+00:00,FINISHED,88,Levante UD,298,Girona FC,1,1,0,0,DRAW,1
537087,SA,2025,28,2026-03-07 17:00:00+00:00,FINISHED,102,Atalanta BC,115,Udinese Calcio,2,2,0,1,DRAW,1
544472,PD,2025,27,2026-03-07 17:30:00+00:00,FINISHED,78,Club Atlético de Madrid,92,Real Sociedad de Fútbol,3,2,1,1,HOME_TEAM,0
537091,SA,2025,28,2026-03-07 19:45:00+00:00,FINISHED,109,Juventus FC,487,AC Pisa 1909,4,0,0,0,HOME_TEAM,0
544471,PD,2025,27,2026-03-07 20:00:00+00:00,FINISHED,77,Athletic Club,81,FC Barcelona,0,1,0,0,AWAY_TEAM,2
537094,SA,2025,28,2026-03-08 11:30:00+00:00,FINISHED,5890,US Lecce,457,US Cremonese,2,1,2,0,HOME_TEAM,0
544477,PD,2025,27,2026-03-08 13:00:00+00:00,FINISHED,94,Villarreal CF,285,Elche CF,2,1,2,0,HOME_TEAM,0
537085,SA,2025,28,2026-03-08 14:00:00+00:00,FINISHED,99,ACF Fiorentina,112,Parma Calcio 1913,0,0,0,0,DRAW,1
537090,SA,2025,28,2026-03-08 14:00:00+00:00,FINISHED,103,Bologna FC 1909,450,Hellas Verona FC,1,2,0,0,AWAY_TEAM,2
544476,PD,2025,27,2026-03-08 15:15:00+00:00,FINISHED,82,Getafe CF,90,Real Betis Balompié,2,0,2,0,HOME_TEAM,0
537089,SA,2025,28,2026-03-08 17:00:00+00:00,FINISHED,107,Genoa CFC,100,AS Roma,2,1,0,0,HOME_TEAM,0
544480,PD,2025,27,2026-03-08 17:30:00+00:00,FINISHED,559,Sevilla FC,87,Rayo Vallecano de Madrid,1,1,1,0,DRAW,1
537086,SA,2025,28,2026-03-08 19:45:00+00:00,FINISHED,98,AC Milan,108,FC Internazionale Milano,1,0,1,0,HOME_TEAM,0
544475,PD,2025,27,2026-03-08 20:00:00+00:00,FINISHED,95,Valencia CF,263,Deportivo Alavés,3,2,0,1,HOME_TEAM,0
537092,SA,2025,28,2026-03-09 19:45:00+00:00,FINISHED,110,SS Lazio,471,US Sassuolo Calcio,2,1,1,1,HOME_TEAM,0
544474,PD,2025,27,2026-03-09 20:00:00+00:00,FINISHED,80,RCD Espanyol de Barcelona,1048,Real Oviedo,1,1,1,1,DRAW,1
537096,SA,2025,29,2026-03-13 19:45:00+00:00,FINISHED,586,Torino FC,112,Parma Calcio 1913,4,1,1,1,HOME_TEAM,0
544481,PD,2025,28,2026-03-13 20:00:00+00:00,FINISHED,263,Deportivo Alavés,94,Villarreal CF,1,1,1,0,DRAW,1
544486,PD,2025,28,2026-03-14 13:00:00+00:00,FINISHED,298,Girona FC,77,Athletic Club,3,0,1,0,HOME_TEAM,0
537098,SA,2025,29,2026-03-14 14:00:00+00:00,FINISHED,108,FC Internazionale Milano,102,Atalanta BC,1,1,1,0,DRAW,1
538075,PL,2025,30,2026-03-14 15:00:00+00:00,FINISHED,71,Sunderland AFC,397,Brighton & Hove Albion FC,0,1,0,0,AWAY_TEAM,2
538079,PL,2025,30,2026-03-14 15:00:00+00:00,FINISHED,328,Burnley FC,1044,AFC Bournemouth,0,0,0,0,DRAW,1
544482,PD,2025,28,2026-03-14 15:15:00+00:00,FINISHED,78,Club Atlético de Madrid,82,Getafe CF,1,0,1,0,HOME_TEAM,0
537102,SA,2025,29,2026-03-14 17:00:00+00:00,FINISHED,113,SSC Napoli,5890,US Lecce,2,1,0,1,HOME_TEAM,0
538077,PL,2025,30,2026-03-14 17:30:00+00:00,FINISHED,57,Arsenal FC,62,Everton FC,2,0,0,0,HOME_TEAM,0
544485,PD,2025,28,2026-03-14 17:30:00+00:00,FINISHED,1048,Real Oviedo,95,Valencia CF,1,0,1,0,HOME_TEAM,0
538080,PL,2025,30,2026-03-14 17:30:00+00:00,FINISHED,61,Chelsea FC,67,Newcastle United FC,0,1,0,1,AWAY_TEAM,2
537103,SA,2025,29,2026-03-14 19:45:00+00:00,FINISHED,115,Udinese Calcio,109,Juventus FC,0,1,0,1,AWAY_TEAM,2
538084,PL,2025,30,2026-03-14 20:00:00+00:00,FINISHED,563,West Ham United FC,65,Manchester City FC,1,1,1,1,DRAW,1
544487,PD,2025,28,2026-03-14 20:00:00+00:00,FINISHED,86,Real Madrid CF,285,Elche CF,4,1,2,0,HOME_TEAM,0
537097,SA,2025,29,2026-03-15 11:30:00+00:00,FINISHED,450,Hellas Verona FC,107,Genoa CFC,0,2,0,0,AWAY_TEAM,2
544488,PD,2025,28,2026-03-15 13:00:00+00:00,FINISHED,89,RCD Mallorca,80,RCD Espanyol de Barcelona,2,1,0,1,HOME_TEAM,0
538076,PL,2025,30,2026-03-15 14:00:00+00:00,FINISHED,354,Crystal Palace FC,341,Leeds United FC,0,0,0,0,DRAW,1
537100,SA,2025,29,2026-03-15 14:00:00+00:00,FINISHED,487,AC Pisa 1909,104,Cagliari Calcio,3,1,1,0,HOME_TEAM,0
537101,SA,2025,29,2026-03-15 14:00:00+00:00,FINISHED,471,US Sassuolo Calcio,103,Bologna FC 1909,0,1,0,1,AWAY_TEAM,2
538083,PL,2025,30,2026-03-15 14:00:00+00:00,FINISHED,351,Nottingham Forest FC,63,Fulham FC,0,0,0,0,DRAW,1
538082,PL,2025,30,2026-03-15 14:00:00+00:00,FINISHED,66,Manchester United FC,58,Aston Villa FC,3,1,0,0,HOME_TEAM,0
544483,PD,2025,28,2026-03-15 15:15:00+00:00,FINISHED,81,FC Barcelona,559,Sevilla FC,5,2,3,1,HOME_TEAM,0
538081,PL,2025,30,2026-03-15 16:30:00+00:00,FINISHED,64,Liverpool FC,73,Tottenham Hotspur FC,1,1,1,0,DRAW,1
537095,SA,2025,29,2026-03-15 17:00:00+00:00,FINISHED,7397,Como 1907,100,AS Roma,2,1,0,1,HOME_TEAM,0
544484,PD,2025,28,2026-03-15 17:30:00+00:00,FINISHED,90,Real Betis Balompié,558,RC Celta de Vigo,1,1,0,1,DRAW,1
537099,SA,2025,29,2026-03-15 19:45:00+00:00,FINISHED,110,SS Lazio,98,AC Milan,1,0,1,0,HOME_TEAM,0
544490,PD,2025,28,2026-03-15 20:00:00+00:00,FINISHED,92,Real Sociedad de Fútbol,79,CA Osasuna,3,1,2,0,HOME_TEAM,0
537104,SA,2025,29,2026-03-16 19:45:00+00:00,FINISHED,457,US Cremonese,99,ACF Fiorentina,1,4,0,2,AWAY_TEAM,2
544489,PD,2025,28,2026-03-16 20:00:00+00:00,FINISHED,87,Rayo Vallecano de Madrid,88,Levante UD,1,1,0,1,DRAW,1
538078,PL,2025,30,2026-03-16 20:00:00+00:00,FINISHED,402,Brentford FC,76,Wolverhampton Wanderers FC,2,2,2,1,DRAW,1
537109,SA,2025,30,2026-03-20 17:30:00+00:00,FINISHED,104,Cagliari Calcio,113,SSC Napoli,0,1,0,1,AWAY_TEAM,2
537110,SA,2025,30,2026-03-20 19:45:00+00:00,FINISHED,107,Genoa CFC,115,Udinese Calcio,0,2,0,0,AWAY_TEAM,2
544500,PD,2025,29,2026-03-20 20:00:00+00:00,FINISHED,94,Villarreal CF,92,Real Sociedad de Fútbol,3,1,3,0,HOME_TEAM,0
538085,PL,2025,31,2026-03-20 20:00:00+00:00,FINISHED,1044,AFC Bournemouth,66,Manchester United FC,2,2,0,0,DRAW,1
538087,PL,2025,31,2026-03-21 12:45:00+00:00,FINISHED,397,Brighton & Hove Albion FC,64,Liverpool FC,2,1,1,1,HOME_TEAM,0
544493,PD,2025,29,2026-03-21 13:00:00+00:00,FINISHED,285,Elche CF,89,RCD Mallorca,2,1,0,0,HOME_TEAM,0
537114,SA,2025,30,2026-03-21 14:00:00+00:00,FINISHED,112,Parma Calcio 1913,457,US Cremonese,0,2,0,0,AWAY_TEAM,2
538089,PL,2025,31,2026-03-21 15:00:00+00:00,FINISHED,63,Fulham FC,328,Burnley FC,3,1,0,0,HOME_TEAM,0
544494,PD,2025,29,2026-03-21 15:15:00+00:00,FINISHED,80,RCD Espanyol de Barcelona,82,Getafe CF,1,2,0,2,AWAY_TEAM,2
537106,SA,2025,30,2026-03-21 17:00:00+00:00,FINISHED,98,AC Milan,586,Torino FC,3,2,1,1,HOME_TEAM,0
544499,PD,2025,29,2026-03-21 17:30:00+00:00,FINISHED,79,CA Osasuna,298,Girona FC,1,0,0,0,HOME_TEAM,0
544495,PD,2025,29,2026-03-21 17:30:00+00:00,FINISHED,88,Levante UD,1048,Real Oviedo,4,2,2,2,HOME_TEAM,0
538088,PL,2025,31,2026-03-21 17:30:00+00:00,FINISHED,62,Everton FC,61,Chelsea FC,3,0,1,0,HOME_TEAM,0
537113,SA,2025,30,2026-03-21 19:45:00+00:00,FINISHED,109,Juventus FC,471,US Sassuolo Calcio,1,1,1,0,DRAW,1
544496,PD,2025,29,2026-03-21 20:00:00+00:00,FINISHED,559,Sevilla FC,95,Valencia CF,0,2,0,2,AWAY_TEAM,2
538090,PL,2025,31,2026-03-21 20:00:00+00:00,FINISHED,341,Leeds United FC,402,Brentford FC,0,0,0,0,DRAW,1
537111,SA,2025,30,2026-03-22 11:30:00+00:00,FINISHED,7397,Como 1907,487,AC Pisa 1909,5,0,2,0,HOME_TEAM,0
538092,PL,2025,31,2026-03-22 12:00:00+00:00,FINISHED,67,Newcastle United FC,71,Sunderland AFC,1,2,1,0,AWAY_TEAM,2
544492,PD,2025,29,2026-03-22 13:00:00+00:00,FINISHED,81,FC Barcelona,87,Rayo Vallecano de Madrid,1,0,1,0,HOME_TEAM,0
537112,SA,2025,30,2026-03-22 14:00:00+00:00,FINISHED,103,Bologna FC 1909,110,SS Lazio,0,2,0,0,AWAY_TEAM,2
537108,SA,2025,30,2026-03-22 14:00:00+00:00,FINISHED,102,Atalanta BC,450,Hellas Verona FC,1,0,1,0,HOME_TEAM,0
538086,PL,2025,31,2026-03-22 14:15:00+00:00,FINISHED,58,Aston Villa FC,563,West Ham United FC,2,0,1,0,HOME_TEAM,0
538093,PL,2025,31,2026-03-22 14:15:00+00:00,FINISHED,73,Tottenham Hotspur FC,351,Nottingham Forest FC,0,3,0,1,AWAY_TEAM,2
544497,PD,2025,29,2026-03-22 15:15:00+00:00,FINISHED,558,RC Celta de Vigo,263,Deportivo Alavés,3,4,3,1,AWAY_TEAM,2
537107,SA,2025,30,2026-03-22 17:00:00+00:00,FINISHED,100,AS Roma,5890,US Lecce,1,0,0,0,HOME_TEAM,0
544491,PD,2025,29,2026-03-22 17:30:00+00:00,FINISHED,77,Athletic Club,90,Real Betis Balompié,2,1,2,0,HOME_TEAM,0
537105,SA,2025,30,2026-03-22 19:45:00+00:00,FINISHED,99,ACF Fiorentina,108,FC Internazionale Milano,1,1,0,1,DRAW,1
544498,PD,2025,29,2026-03-22 20:00:00+00:00,FINISHED,86,Real Madrid CF,78,Club Atlético de Madrid,3,2,0,1,HOME_TEAM,0
544509,PD,2025,30,2026-04-03 19:00:00+00:00,FINISHED,87,Rayo Vallecano de Madrid,285,Elche CF,1,0,0,0,HOME_TEAM,0
544510,PD,2025,30,2026-04-04 12:00:00+00:00,FINISHED,92,Real Sociedad de Fútbol,88,Levante UD,2,0,1,0,HOME_TEAM,0
537120,SA,2025,31,2026-04-04 13:00:00+00:00,FINISHED,471,US Sassuolo Calcio,104,Cagliari Calcio,2,1,0,1,HOME_TEAM,0
544505,PD,2025,30,2026-04-04 14:15:00+00:00,FINISHED,89,RCD Mallorca,86,Real Madrid CF,2,1,1,0,HOME_TEAM,0
537115,SA,2025,31,2026-04-04 16:00:00+00:00,FINISHED,450,Hellas Verona FC,99,ACF Fiorentina,0,1,0,0,AWAY_TEAM,2
544503,PD,2025,30,2026-04-04 16:30:00+00:00,FINISHED,90,Real Betis Balompié,80,RCD Espanyol de Barcelona,0,0,0,0,DRAW,1
537118,SA,2025,31,2026-04-04 18:45:00+00:00,FINISHED,110,SS Lazio,112,Parma Calcio 1913,1,1,0,1,DRAW,1
544502,PD,2025,30,2026-04-04 19:00:00+00:00,FINISHED,78,Club Atlético de Madrid,81,FC Barcelona,1,2,1,1,AWAY_TEAM,2
544507,PD,2025,30,2026-04-05 12:00:00+00:00,FINISHED,82,Getafe CF,77,Athletic Club,2,0,1,0,HOME_TEAM,0
537123,SA,2025,31,2026-04-05 13:00:00+00:00,FINISHED,457,US Cremonese,103,Bologna FC 1909,1,2,0,2,AWAY_TEAM,2
544508,PD,2025,30,2026-04-05 14:15:00+00:00,FINISHED,95,Valencia CF,558,RC Celta de Vigo,2,3,1,0,AWAY_TEAM,2
537119,SA,2025,31,2026-04-05 16:00:00+00:00,FINISHED,487,AC Pisa 1909,586,Torino FC,0,1,0,0,AWAY_TEAM,2
544506,PD,2025,30,2026-04-05 16:30:00+00:00,FINISHED,1048,Real Oviedo,559,Sevilla FC,1,0,1,0,HOME_TEAM,0
537116,SA,2025,31,2026-04-05 18:45:00+00:00,FINISHED,108,FC Internazionale Milano,100,AS Roma,5,2,2,1,HOME_TEAM,0
544501,PD,2025,30,2026-04-05 19:00:00+00:00,FINISHED,263,Deportivo Alavés,79,CA Osasuna,2,2,1,1,DRAW,1
537122,SA,2025,31,2026-04-06 10:30:00+00:00,FINISHED,115,Udinese Calcio,7397,Como 1907,0,0,0,0,DRAW,1
537124,SA,2025,31,2026-04-06 13:00:00+00:00,FINISHED,5890,US Lecce,102,Atalanta BC,0,3,0,1,AWAY_TEAM,2
537117,SA,2025,31,2026-04-06 16:00:00+00:00,FINISHED,109,Juventus FC,107,Genoa CFC,2,0,2,0,HOME_TEAM,0
537121,SA,2025,31,2026-04-06 18:45:00+00:00,FINISHED,113,SSC Napoli,98,AC Milan,1,0,0,0,HOME_TEAM,0
544504,PD,2025,30,2026-04-06 19:00:00+00:00,FINISHED,298,Girona FC,94,Villarreal CF,1,0,1,0,HOME_TEAM,0
537127,SA,2025,32,2026-04-10 18:45:00+00:00,FINISHED,100,AS Roma,487,AC Pisa 1909,3,0,2,0,HOME_TEAM,0
544520,PD,2025,31,2026-04-10 19:00:00+00:00,FINISHED,86,Real Madrid CF,298,Girona FC,1,1,0,0,DRAW,1
538104,PL,2025,32,2026-04-10 19:00:00+00:00,FINISHED,563,West Ham United FC,76,Wolverhampton Wanderers FC,4,0,1,0,HOME_TEAM,0
538097,PL,2025,32,2026-04-11 11:30:00+00:00,FINISHED,57,Arsenal FC,1044,AFC Bournemouth,1,2,1,1,AWAY_TEAM,2
544516,PD,2025,31,2026-04-11 12:00:00+00:00,FINISHED,92,Real Sociedad de Fútbol,263,Deportivo Alavés,3,3,2,2,DRAW,1
537133,SA,2025,32,2026-04-11 13:00:00+00:00,FINISHED,586,Torino FC,450,Hellas Verona FC,2,1,1,1,HOME_TEAM,0
537129,SA,2025,32,2026-04-11 13:00:00+00:00,FINISHED,104,Cagliari Calcio,457,US Cremonese,1,0,0,0,HOME_TEAM,0
538099,PL,2025,32,2026-04-11 14:00:00+00:00,FINISHED,328,Burnley FC,397,Brighton & Hove Albion FC,0,2,0,1,AWAY_TEAM,2
538098,PL,2025,32,2026-04-11 14:00:00+00:00,FINISHED,402,Brentford FC,62,Everton FC,2,2,1,1,DRAW,1
544514,PD,2025,31,2026-04-11 14:15:00+00:00,FINISHED,285,Elche CF,95,Valencia CF,1,0,0,0,HOME_TEAM,0
537126,SA,2025,32,2026-04-11 16:00:00+00:00,FINISHED,98,AC Milan,115,Udinese Calcio,0,3,0,2,AWAY_TEAM,2
538101,PL,2025,32,2026-04-11 16:30:00+00:00,FINISHED,64,Liverpool FC,63,Fulham FC,2,0,2,0,HOME_TEAM,0
544512,PD,2025,31,2026-04-11 16:30:00+00:00,FINISHED,81,FC Barcelona,80,RCD Espanyol de Barcelona,4,1,2,0,HOME_TEAM,0
537128,SA,2025,32,2026-04-11 18:45:00+00:00,FINISHED,102,Atalanta BC,109,Juventus FC,0,1,0,0,AWAY_TEAM,2
544517,PD,2025,31,2026-04-11 19:00:00+00:00,FINISHED,559,Sevilla FC,78,Club Atlético de Madrid,2,1,2,1,HOME_TEAM,0
537130,SA,2025,32,2026-04-12 10:30:00+00:00,FINISHED,107,Genoa CFC,471,US Sassuolo Calcio,2,1,1,0,HOME_TEAM,0
544518,PD,2025,31,2026-04-12 12:00:00+00:00,FINISHED,79,CA Osasuna,90,Real Betis Balompié,1,1,1,1,DRAW,1
538095,PL,2025,32,2026-04-12 13:00:00+00:00,FINISHED,71,Sunderland AFC,73,Tottenham Hotspur FC,1,0,0,0,HOME_TEAM,0
538096,PL,2025,32,2026-04-12 13:00:00+00:00,FINISHED,354,Crystal Palace FC,67,Newcastle United FC,2,1,0,1,HOME_TEAM,0
538103,PL,2025,32,2026-04-12 13:00:00+00:00,FINISHED,351,Nottingham Forest FC,58,Aston Villa FC,1,1,1,1,DRAW,1
537134,SA,2025,32,2026-04-12 13:00:00+00:00,FINISHED,112,Parma Calcio 1913,113,SSC Napoli,1,1,1,0,DRAW,1
544515,PD,2025,31,2026-04-12 14:15:00+00:00,FINISHED,89,RCD Mallorca,87,Rayo Vallecano de Madrid,3,0,2,0,HOME_TEAM,0
538100,PL,2025,32,2026-04-12 15:30:00+00:00,FINISHED,61,Chelsea FC,65,Manchester City FC,0,3,0,0,AWAY_TEAM,2
537132,SA,2025,32,2026-04-12 16:00:00+00:00,FINISHED,103,Bologna FC 1909,5890,US Lecce,2,0,1,0,HOME_TEAM,0
544513,PD,2025,31,2026-04-12 16:30:00+00:00,FINISHED,558,RC Celta de Vigo,1048,Real Oviedo,0,3,0,2,AWAY_TEAM,2
537131,SA,2025,32,2026-04-12 18:45:00+00:00,FINISHED,7397,Como 1907,108,FC Internazionale Milano,3,4,2,1,AWAY_TEAM,2
544511,PD,2025,31,2026-04-12 19:00:00+00:00,FINISHED,77,Athletic Club,94,Villarreal CF,1,2,0,2,AWAY_TEAM,2
537125,SA,2025,32,2026-04-13 18:45:00+00:00,FINISHED,99,ACF Fiorentina,110,SS Lazio,1,0,1,0,HOME_TEAM,0
544519,PD,2025,31,2026-04-13 19:00:00+00:00,FINISHED,88,Levante UD,82,Getafe CF,1,0,0,0,HOME_TEAM,0
538102,PL,2025,32,2026-04-13 19:00:00+00:00,FINISHED,66,Manchester United FC,341,Leeds United FC,1,2,0,2,AWAY_TEAM,2
537140,SA,2025,33,2026-04-17 16:30:00+00:00,FINISHED,471,US Sassuolo Calcio,7397,Como 1907,2,1,2,1,HOME_TEAM,0
537137,SA,2025,33,2026-04-17 18:45:00+00:00,FINISHED,108,FC Internazionale Milano,104,Cagliari Calcio,3,0,0,0,HOME_TEAM,0
538107,PL,2025,33,2026-04-18 11:30:00+00:00,FINISHED,402,Brentford FC,63,Fulham FC,0,0,0,0,DRAW,1
537142,SA,2025,33,2026-04-18 13:00:00+00:00,FINISHED,115,Udinese Calcio,112,Parma Calcio 1913,0,1,0,0,AWAY_TEAM,2
538112,PL,2025,33,2026-04-18 14:00:00+00:00,FINISHED,67,Newcastle United FC,1044,AFC Bournemouth,1,2,0,1,AWAY_TEAM,2
538110,PL,2025,33,2026-04-18 14:00:00+00:00,FINISHED,341,Leeds United FC,76,Wolverhampton Wanderers FC,3,0,2,0,HOME_TEAM,0
537141,SA,2025,33,2026-04-18 16:00:00+00:00,FINISHED,113,SSC Napoli,110,SS Lazio,0,2,0,1,AWAY_TEAM,2
538114,PL,2025,33,2026-04-18 16:30:00+00:00,FINISHED,73,Tottenham Hotspur FC,397,Brighton & Hove Albion FC,2,2,1,1,DRAW,1
537135,SA,2025,33,2026-04-18 18:45:00+00:00,FINISHED,100,AS Roma,102,Atalanta BC,1,1,1,1,DRAW,1
538108,PL,2025,33,2026-04-18 19:00:00+00:00,FINISHED,61,Chelsea FC,66,Manchester United FC,0,1,0,1,AWAY_TEAM,2
537143,SA,2025,33,2026-04-19 10:30:00+00:00,FINISHED,457,US Cremonese,586,Torino FC,0,0,0,0,DRAW,1
538113,PL,2025,33,2026-04-19 13:00:00+00:00,FINISHED,351,Nottingham Forest FC,328,Burnley FC,4,1,0,1,HOME_TEAM,0
538109,PL,2025,33,2026-04-19 13:00:00+00:00,FINISHED,62,Everton FC,64,Liverpool FC,1,2,0,1,AWAY_TEAM,2
537136,SA,2025,33,2026-04-19 13:00:00+00:00,FINISHED,450,Hellas Verona FC,98,AC Milan,0,1,0,1,AWAY_TEAM,2
538105,PL,2025,33,2026-04-19 13:00:00+00:00,FINISHED,58,Aston Villa FC,71,Sunderland AFC,4,3,2,1,HOME_TEAM,0
538111,PL,2025,33,2026-04-19 15:30:00+00:00,FINISHED,65,Manchester City FC,57,Arsenal FC,2,1,1,1,HOME_TEAM,0
537139,SA,2025,33,2026-04-19 16:00:00+00:00,FINISHED,487,AC Pisa 1909,107,Genoa CFC,1,2,1,1,AWAY_TEAM,2
537138,SA,2025,33,2026-04-19 18:45:00+00:00,FINISHED,109,Juventus FC,103,Bologna FC 1909,2,0,1,0,HOME_TEAM,0
537144,SA,2025,33,2026-04-20 18:45:00+00:00,FINISHED,5890,US Lecce,99,ACF Fiorentina,1,1,0,1,DRAW,1
538106,PL,2025,33,2026-04-20 19:00:00+00:00,FINISHED,354,Crystal Palace FC,563,West Ham United FC,0,0,0,0,DRAW,1
544531,PD,2025,33,2026-04-21 17:00:00+00:00,FINISHED,77,Athletic Club,79,CA Osasuna,1,0,1,0,HOME_TEAM,0
544534,PD,2025,33,2026-04-21 17:00:00+00:00,FINISHED,89,RCD Mallorca,95,Valencia CF,1,1,0,0,DRAW,1
538117,PL,2025,34,2026-04-21 19:00:00+00:00,FINISHED,397,Brighton & Hove Albion FC,61,Chelsea FC,3,0,1,0,HOME_TEAM,0
544538,PD,2025,33,2026-04-21 19:30:00+00:00,FINISHED,298,Girona FC,90,Real Betis Balompié,2,3,1,1,AWAY_TEAM,2
544536,PD,2025,33,2026-04-21 19:30:00+00:00,FINISHED,86,Real Madrid CF,263,Deportivo Alavés,2,1,1,0,HOME_TEAM,0
544537,PD,2025,33,2026-04-22 17:00:00+00:00,FINISHED,285,Elche CF,78,Club Atlético de Madrid,3,2,2,2,HOME_TEAM,0
544540,PD,2025,33,2026-04-22 18:00:00+00:00,FINISHED,92,Real Sociedad de Fútbol,82,Getafe CF,0,1,0,1,AWAY_TEAM,2
538115,PL,2025,34,2026-04-22 19:00:00+00:00,FINISHED,1044,AFC Bournemouth,341,Leeds United FC,2,2,0,0,DRAW,1
538119,PL,2025,34,2026-04-22 19:00:00+00:00,FINISHED,328,Burnley FC,65,Manchester City FC,0,1,0,1,AWAY_TEAM,2
544532,PD,2025,33,2026-04-22 19:30:00+00:00,FINISHED,81,FC Barcelona,558,RC Celta de Vigo,1,0,1,0,HOME_TEAM,0
544533,PD,2025,33,2026-04-23 17:00:00+00:00,FINISHED,88,Levante UD,559,Sevilla FC,2,0,1,0,HOME_TEAM,0
544539,PD,2025,33,2026-04-23 18:00:00+00:00,FINISHED,87,Rayo Vallecano de Madrid,80,RCD Espanyol de Barcelona,1,0,0,0,HOME_TEAM,0
544535,PD,2025,33,2026-04-23 19:30:00+00:00,FINISHED,1048,Real Oviedo,94,Villarreal CF,1,1,0,1,DRAW,1
537154,SA,2025,34,2026-04-24 18:45:00+00:00,FINISHED,113,SSC Napoli,457,US Cremonese,4,0,3,0,HOME_TEAM,0
538116,PL,2025,34,2026-04-24 19:00:00+00:00,FINISHED,71,Sunderland AFC,351,Nottingham Forest FC,0,5,0,4,AWAY_TEAM,2
544522,PD,2025,32,2026-04-24 19:00:00+00:00,FINISHED,90,Real Betis Balompié,86,Real Madrid CF,1,1,0,1,DRAW,1
538120,PL,2025,34,2026-04-25 11:30:00+00:00,FINISHED,63,Fulham FC,58,Aston Villa FC,1,0,1,0,HOME_TEAM,0
544521,PD,2025,32,2026-04-25 12:00:00+00:00,FINISHED,263,Deportivo Alavés,89,RCD Mallorca,2,1,0,1,HOME_TEAM,0
537153,SA,2025,34,2026-04-25 13:00:00+00:00,FINISHED,112,Parma Calcio 1913,487,AC Pisa 1909,1,0,0,0,HOME_TEAM,0
538121,PL,2025,34,2026-04-25 14:00:00+00:00,FINISHED,64,Liverpool FC,354,Crystal Palace FC,3,1,2,0,HOME_TEAM,0
538123,PL,2025,34,2026-04-25 14:00:00+00:00,FINISHED,563,West Ham United FC,62,Everton FC,2,1,0,0,HOME_TEAM,0
538124,PL,2025,34,2026-04-25 14:00:00+00:00,FINISHED,76,Wolverhampton Wanderers FC,73,Tottenham Hotspur FC,0,1,0,0,AWAY_TEAM,2
544527,PD,2025,32,2026-04-25 14:15:00+00:00,FINISHED,82,Getafe CF,81,FC Barcelona,0,2,0,1,AWAY_TEAM,2
537149,SA,2025,34,2026-04-25 16:00:00+00:00,FINISHED,103,Bologna FC 1909,100,AS Roma,0,2,0,2,AWAY_TEAM,2
544530,PD,2025,32,2026-04-25 16:30:00+00:00,FINISHED,95,Valencia CF,298,Girona FC,2,1,0,0,HOME_TEAM,0
538118,PL,2025,34,2026-04-25 16:30:00+00:00,FINISHED,57,Arsenal FC,67,Newcastle United FC,1,0,1,0,HOME_TEAM,0
537151,SA,2025,34,2026-04-25 18:45:00+00:00,FINISHED,450,Hellas Verona FC,5890,US Lecce,0,0,0,0,DRAW,1
544526,PD,2025,32,2026-04-25 19:00:00+00:00,FINISHED,78,Club Atlético de Madrid,77,Athletic Club,3,2,0,1,HOME_TEAM,0
537145,SA,2025,34,2026-04-26 10:30:00+00:00,FINISHED,99,ACF Fiorentina,471,US Sassuolo Calcio,0,0,0,0,DRAW,1
544525,PD,2025,32,2026-04-26 12:00:00+00:00,FINISHED,87,Rayo Vallecano de Madrid,92,Real Sociedad de Fútbol,3,3,1,1,DRAW,1
537148,SA,2025,34,2026-04-26 13:00:00+00:00,FINISHED,107,Genoa CFC,7397,Como 1907,0,2,0,1,AWAY_TEAM,2
544529,PD,2025,32,2026-04-26 14:15:00+00:00,FINISHED,1048,Real Oviedo,285,Elche CF,1,2,0,2,AWAY_TEAM,2
537150,SA,2025,34,2026-04-26 16:00:00+00:00,FINISHED,586,Torino FC,108,FC Internazionale Milano,2,2,0,1,DRAW,1
544524,PD,2025,32,2026-04-26 16:30:00+00:00,FINISHED,79,CA Osasuna,559,Sevilla FC,2,1,0,0,HOME_TEAM,0
537146,SA,2025,34,2026-04-26 18:45:00+00:00,FINISHED,98,AC Milan,109,Juventus FC,0,0,0,0,DRAW,1
544528,PD,2025,32,2026-04-26 19:00:00+00:00,FINISHED,94,Villarreal CF,558,RC Celta de Vigo,2,1,2,0,HOME_TEAM,0
537147,SA,2025,34,2026-04-27 16:30:00+00:00,FINISHED,104,Cagliari Calcio,102,Atalanta BC,3,2,2,2,HOME_TEAM,0
537152,SA,2025,34,2026-04-27 18:45:00+00:00,FINISHED,110,SS Lazio,115,Udinese Calcio,3,3,0,1,DRAW,1
538122,PL,2025,34,2026-04-27 19:00:00+00:00,FINISHED,66,Manchester United FC,402,Brentford FC,2,1,2,0,HOME_TEAM,0
544523,PD,2025,32,2026-04-27 19:00:00+00:00,FINISHED,80,RCD Espanyol de Barcelona,88,Levante UD,0,0,0,0,DRAW,1
537161,SA,2025,35,2026-05-01 18:45:00+00:00,FINISHED,487,AC Pisa 1909,5890,US Lecce,1,2,0,0,AWAY_TEAM,2
544546,PD,2025,34,2026-05-01 19:00:00+00:00,FINISHED,298,Girona FC,89,RCD Mallorca,0,1,0,1,AWAY_TEAM,2
538131,PL,2025,35,2026-05-01 19:00:00+00:00,FINISHED,341,Leeds United FC,328,Burnley FC,3,1,1,0,HOME_TEAM,0
544549,PD,2025,34,2026-05-02 12:00:00+00:00,FINISHED,94,Villarreal CF,88,Levante UD,5,1,1,0,HOME_TEAM,0
537163,SA,2025,35,2026-05-02 13:00:00+00:00,FINISHED,115,Udinese Calcio,586,Torino FC,2,0,1,0,HOME_TEAM,0
538128,PL,2025,35,2026-05-02 14:00:00+00:00,FINISHED,402,Brentford FC,563,West Ham United FC,3,0,1,0,HOME_TEAM,0
538134,PL,2025,35,2026-05-02 14:00:00+00:00,FINISHED,76,Wolverhampton Wanderers FC,71,Sunderland AFC,1,1,0,1,DRAW,1
538133,PL,2025,35,2026-05-02 14:00:00+00:00,FINISHED,67,Newcastle United FC,397,Brighton & Hove Albion FC,3,1,2,0,HOME_TEAM,0
544547,PD,2025,34,2026-05-02 14:15:00+00:00,FINISHED,95,Valencia CF,78,Club Atlético de Madrid,0,2,0,0,AWAY_TEAM,2
537157,SA,2025,35,2026-05-02 16:00:00+00:00,FINISHED,7397,Como 1907,113,SSC Napoli,0,0,0,0,DRAW,1
538127,PL,2025,35,2026-05-02 16:30:00+00:00,FINISHED,57,Arsenal FC,63,Fulham FC,3,0,3,0,HOME_TEAM,0
544541,PD,2025,34,2026-05-02 16:30:00+00:00,FINISHED,263,Deportivo Alavés,77,Athletic Club,2,4,1,0,AWAY_TEAM,2
537156,SA,2025,35,2026-05-02 18:45:00+00:00,FINISHED,102,Atalanta BC,107,Genoa CFC,0,0,0,0,DRAW,1
544548,PD,2025,34,2026-05-02 19:00:00+00:00,FINISHED,79,CA Osasuna,81,FC Barcelona,1,2,0,0,AWAY_TEAM,2
537158,SA,2025,35,2026-05-03 10:30:00+00:00,FINISHED,103,Bologna FC 1909,104,Cagliari Calcio,0,0,0,0,DRAW,1
544543,PD,2025,34,2026-05-03 12:00:00+00:00,FINISHED,558,RC Celta de Vigo,285,Elche CF,3,1,2,0,HOME_TEAM,0
537162,SA,2025,35,2026-05-03 13:00:00+00:00,FINISHED,471,US Sassuolo Calcio,98,AC Milan,2,0,1,0,HOME_TEAM,0
538125,PL,2025,35,2026-05-03 13:00:00+00:00,FINISHED,1044,AFC Bournemouth,354,Crystal Palace FC,3,0,2,0,HOME_TEAM,0
544545,PD,2025,34,2026-05-03 14:15:00+00:00,FINISHED,82,Getafe CF,87,Rayo Vallecano de Madrid,0,2,0,1,AWAY_TEAM,2
538132,PL,2025,35,2026-05-03 14:30:00+00:00,FINISHED,66,Manchester United FC,64,Liverpool FC,3,2,2,0,HOME_TEAM,0
537160,SA,2025,35,2026-05-03 16:00:00+00:00,FINISHED,109,Juventus FC,450,Hellas Verona FC,1,1,0,1,DRAW,1
544542,PD,2025,34,2026-05-03 16:30:00+00:00,FINISHED,90,Real Betis Balompié,1048,Real Oviedo,3,0,2,0,HOME_TEAM,0
538126,PL,2025,35,2026-05-03 18:00:00+00:00,FINISHED,58,Aston Villa FC,73,Tottenham Hotspur FC,1,2,0,2,AWAY_TEAM,2
537159,SA,2025,35,2026-05-03 18:45:00+00:00,FINISHED,108,FC Internazionale Milano,112,Parma Calcio 1913,2,0,1,0,HOME_TEAM,0
544544,PD,2025,34,2026-05-03 19:00:00+00:00,FINISHED,80,RCD Espanyol de Barcelona,86,Real Madrid CF,0,2,0,0,AWAY_TEAM,2
538129,PL,2025,35,2026-05-04 14:00:00+00:00,FINISHED,61,Chelsea FC,351,Nottingham Forest FC,1,3,0,2,AWAY_TEAM,2
537164,SA,2025,35,2026-05-04 16:30:00+00:00,FINISHED,457,US Cremonese,110,SS Lazio,1,2,1,0,AWAY_TEAM,2
537155,SA,2025,35,2026-05-04 18:45:00+00:00,FINISHED,100,AS Roma,99,ACF Fiorentina,4,0,3,0,HOME_TEAM,0
544550,PD,2025,34,2026-05-04 19:00:00+00:00,FINISHED,559,Sevilla FC,92,Real Sociedad de Fútbol,1,0,0,0,HOME_TEAM,0
538130,PL,2025,35,2026-05-04 19:00:00+00:00,FINISHED,62,Everton FC,65,Manchester City FC,3,3,0,1,DRAW,1
537168,SA,2025,36,2026-05-08 18:45:00+00:00,FINISHED,586,Torino FC,471,US Sassuolo Calcio,2,1,0,0,HOME_TEAM,0
544554,PD,2025,35,2026-05-08 19:00:00+00:00,FINISHED,88,Levante UD,79,CA Osasuna,3,2,2,2,HOME_TEAM,0
538140,PL,2025,36,2026-05-09 11:30:00+00:00,FINISHED,64,Liverpool FC,61,Chelsea FC,1,1,1,1,DRAW,1
544556,PD,2025,35,2026-05-09 12:00:00+00:00,FINISHED,285,Elche CF,263,Deportivo Alavés,1,1,0,0,DRAW,1
537167,SA,2025,36,2026-05-09 13:00:00+00:00,FINISHED,104,Cagliari Calcio,115,Udinese Calcio,0,2,0,0,AWAY_TEAM,2
538136,PL,2025,36,2026-05-09 14:00:00+00:00,FINISHED,397,Brighton & Hove Albion FC,76,Wolverhampton Wanderers FC,3,0,2,0,HOME_TEAM,0
538139,PL,2025,36,2026-05-09 14:00:00+00:00,FINISHED,63,Fulham FC,1044,AFC Bournemouth,0,1,0,0,AWAY_TEAM,2
538135,PL,2025,36,2026-05-09 14:00:00+00:00,FINISHED,71,Sunderland AFC,66,Manchester United FC,0,0,0,0,DRAW,1
544558,PD,2025,35,2026-05-09 14:15:00+00:00,FINISHED,559,Sevilla FC,80,RCD Espanyol de Barcelona,2,1,0,0,HOME_TEAM,0
537170,SA,2025,36,2026-05-09 16:00:00+00:00,FINISHED,110,SS Lazio,108,FC Internazionale Milano,0,3,0,2,AWAY_TEAM,2
544552,PD,2025,35,2026-05-09 16:30:00+00:00,FINISHED,78,Club Atlético de Madrid,558,RC Celta de Vigo,0,1,0,0,AWAY_TEAM,2
538141,PL,2025,36,2026-05-09 16:30:00+00:00,FINISHED,65,Manchester City FC,402,Brentford FC,3,0,0,0,HOME_TEAM,0
537174,SA,2025,36,2026-05-09 18:45:00+00:00,FINISHED,5890,US Lecce,109,Juventus FC,0,1,0,1,AWAY_TEAM,2
544557,PD,2025,35,2026-05-09 19:00:00+00:00,FINISHED,92,Real Sociedad de Fútbol,90,Real Betis Balompié,2,2,0,1,DRAW,1
537169,SA,2025,36,2026-05-10 10:30:00+00:00,FINISHED,450,Hellas Verona FC,7397,Como 1907,0,1,0,0,AWAY_TEAM,2
544555,PD,2025,35,2026-05-10 12:00:00+00:00,FINISHED,89,RCD Mallorca,94,Villarreal CF,1,1,1,1,DRAW,1
537173,SA,2025,36,2026-05-10 13:00:00+00:00,FINISHED,457,US Cremonese,487,AC Pisa 1909,3,0,1,0,HOME_TEAM,0
537165,SA,2025,36,2026-05-10 13:00:00+00:00,FINISHED,99,ACF Fiorentina,107,Genoa CFC,0,0,0,0,DRAW,1
538142,PL,2025,36,2026-05-10 13:00:00+00:00,FINISHED,351,Nottingham Forest FC,67,Newcastle United FC,1,1,0,0,DRAW,1
538138,PL,2025,36,2026-05-10 13:00:00+00:00,FINISHED,328,Burnley FC,58,Aston Villa FC,2,2,1,1,DRAW,1
538137,PL,2025,36,2026-05-10 13:00:00+00:00,FINISHED,354,Crystal Palace FC,62,Everton FC,2,2,1,1,DRAW,1
544551,PD,2025,35,2026-05-10 14:15:00+00:00,FINISHED,77,Athletic Club,95,Valencia CF,0,1,0,0,AWAY_TEAM,2
538144,PL,2025,36,2026-05-10 15:30:00+00:00,FINISHED,563,West Ham United FC,57,Arsenal FC,0,1,0,0,AWAY_TEAM,2
537171,SA,2025,36,2026-05-10 16:00:00+00:00,FINISHED,112,Parma Calcio 1913,100,AS Roma,2,3,0,1,AWAY_TEAM,2
544559,PD,2025,35,2026-05-10 16:30:00+00:00,FINISHED,1048,Real Oviedo,82,Getafe CF,0,0,0,0,DRAW,1
537166,SA,2025,36,2026-05-10 18:45:00+00:00,FINISHED,98,AC Milan,102,Atalanta BC,2,3,0,2,AWAY_TEAM,2
544553,PD,2025,35,2026-05-10 19:00:00+00:00,FINISHED,81,FC Barcelona,86,Real Madrid CF,2,0,2,0,HOME_TEAM,0
537172,SA,2025,36,2026-05-11 18:45:00+00:00,FINISHED,113,SSC Napoli,103,Bologna FC 1909,2,3,1,2,AWAY_TEAM,2
544560,PD,2025,35,2026-05-11 19:00:00+00:00,FINISHED,87,Rayo Vallecano de Madrid,298,Girona FC,1,1,0,0,DRAW,1
538143,PL,2025,36,2026-05-11 19:00:00+00:00,FINISHED,73,Tottenham Hotspur FC,341,Leeds United FC,1,1,0,0,DRAW,1
544563,PD,2025,36,2026-05-12 17:00:00+00:00,FINISHED,558,RC Celta de Vigo,88,Levante UD,2,3,1,1,AWAY_TEAM,2
544562,PD,2025,36,2026-05-12 18:00:00+00:00,FINISHED,90,Real Betis Balompié,285,Elche CF,2,1,1,1,HOME_TEAM,0
544567,PD,2025,36,2026-05-12 19:30:00+00:00,FINISHED,79,CA Osasuna,78,Club Atlético de Madrid,1,2,0,1,AWAY_TEAM,2
544566,PD,2025,36,2026-05-13 17:00:00+00:00,FINISHED,80,RCD Espanyol de Barcelona,77,Athletic Club,2,0,0,0,HOME_TEAM,0
544569,PD,2025,36,2026-05-13 17:00:00+00:00,FINISHED,94,Villarreal CF,559,Sevilla FC,2,3,2,2,AWAY_TEAM,2
538091,PL,2025,31,2026-05-13 19:00:00+00:00,FINISHED,65,Manchester City FC,354,Crystal Palace FC,3,0,2,0,HOME_TEAM,0
544561,PD,2025,36,2026-05-13 19:30:00+00:00,FINISHED,263,Deportivo Alavés,81,FC Barcelona,1,0,1,0,HOME_TEAM,0
544564,PD,2025,36,2026-05-13 19:30:00+00:00,FINISHED,82,Getafe CF,89,RCD Mallorca,3,1,2,0,HOME_TEAM,0
544568,PD,2025,36,2026-05-14 17:00:00+00:00,FINISHED,95,Valencia CF,87,Rayo Vallecano de Madrid,1,1,1,1,DRAW,1
544565,PD,2025,36,2026-05-14 18:00:00+00:00,FINISHED,298,Girona FC,92,Real Sociedad de Fútbol,1,1,0,1,DRAW,1
544570,PD,2025,36,2026-05-14 19:30:00+00:00,FINISHED,86,Real Madrid CF,1048,Real Oviedo,2,0,1,0,HOME_TEAM,0
538146,PL,2025,37,2026-05-15 19:00:00+00:00,FINISHED,58,Aston Villa FC,64,Liverpool FC,4,2,1,0,HOME_TEAM,0
537181,SA,2025,37,2026-05-17 10:00:00+00:00,FINISHED,109,Juventus FC,99,ACF Fiorentina,0,2,0,1,AWAY_TEAM,2
537182,SA,2025,37,2026-05-17 10:00:00+00:00,FINISHED,487,AC Pisa 1909,113,SSC Napoli,0,3,0,2,AWAY_TEAM,2
537175,SA,2025,37,2026-05-17 10:00:00+00:00,FINISHED,100,AS Roma,110,SS Lazio,2,0,1,0,HOME_TEAM,0
537178,SA,2025,37,2026-05-17 10:00:00+00:00,FINISHED,107,Genoa CFC,98,AC Milan,1,2,0,0,AWAY_TEAM,2
537179,SA,2025,37,2026-05-17 10:00:00+00:00,FINISHED,7397,Como 1907,112,Parma Calcio 1913,1,0,0,0,HOME_TEAM,0
538152,PL,2025,37,2026-05-17 11:30:00+00:00,FINISHED,66,Manchester United FC,351,Nottingham Forest FC,3,2,1,0,HOME_TEAM,0
537180,SA,2025,37,2026-05-17 13:00:00+00:00,FINISHED,108,FC Internazionale Milano,450,Hellas Verona FC,1,1,0,0,DRAW,1
538150,PL,2025,37,2026-05-17 14:00:00+00:00,FINISHED,62,Everton FC,71,Sunderland AFC,1,3,1,0,AWAY_TEAM,2
538154,PL,2025,37,2026-05-17 14:00:00+00:00,FINISHED,76,Wolverhampton Wanderers FC,63,Fulham FC,1,1,1,1,DRAW,1
538148,PL,2025,37,2026-05-17 14:00:00+00:00,FINISHED,402,Brentford FC,354,Crystal Palace FC,2,2,1,1,DRAW,1
538151,PL,2025,37,2026-05-17 14:00:00+00:00,FINISHED,341,Leeds United FC,397,Brighton & Hove Albion FC,1,0,0,0,HOME_TEAM,0
537176,SA,2025,37,2026-05-17 16:00:00+00:00,FINISHED,102,Atalanta BC,103,Bologna FC 1909,0,1,0,0,AWAY_TEAM,2
538153,PL,2025,37,2026-05-17 16:30:00+00:00,FINISHED,67,Newcastle United FC,563,West Ham United FC,3,1,2,0,HOME_TEAM,0
544578,PD,2025,37,2026-05-17 17:00:00+00:00,FINISHED,1048,Real Oviedo,263,Deportivo Alavés,0,1,0,1,AWAY_TEAM,2
544580,PD,2025,37,2026-05-17 17:00:00+00:00,FINISHED,559,Sevilla FC,86,Real Madrid CF,0,1,0,1,AWAY_TEAM,2
544579,PD,2025,37,2026-05-17 17:00:00+00:00,FINISHED,79,CA Osasuna,80,RCD Espanyol de Barcelona,1,2,0,1,AWAY_TEAM,2
544577,PD,2025,37,2026-05-17 17:00:00+00:00,FINISHED,92,Real Sociedad de Fútbol,95,Valencia CF,3,4,1,2,AWAY_TEAM,2
544576,PD,2025,37,2026-05-17 17:00:00+00:00,FINISHED,87,Rayo Vallecano de Madrid,94,Villarreal CF,2,0,1,0,HOME_TEAM,0
544575,PD,2025,37,2026-05-17 17:00:00+00:00,FINISHED,88,Levante UD,89,RCD Mallorca,2,0,1,0,HOME_TEAM,0
544574,PD,2025,37,2026-05-17 17:00:00+00:00,FINISHED,285,Elche CF,82,Getafe CF,1,0,1,0,HOME_TEAM,0
544572,PD,2025,37,2026-05-17 17:00:00+00:00,FINISHED,78,Club Atlético de Madrid,298,Girona FC,1,0,1,0,HOME_TEAM,0
544571,PD,2025,37,2026-05-17 17:00:00+00:00,FINISHED,77,Athletic Club,558,RC Celta de Vigo,1,1,0,1,DRAW,1
537184,SA,2025,37,2026-05-17 18:45:00+00:00,FINISHED,115,Udinese Calcio,457,US Cremonese,0,1,0,1,AWAY_TEAM,2
537177,SA,2025,37,2026-05-17 18:45:00+00:00,FINISHED,104,Cagliari Calcio,586,Torino FC,2,1,2,1,HOME_TEAM,0
537183,SA,2025,37,2026-05-17 18:45:00+00:00,FINISHED,471,US Sassuolo Calcio,5890,US Lecce,2,3,1,2,AWAY_TEAM,2
544573,PD,2025,37,2026-05-17 19:15:00+00:00,FINISHED,81,FC Barcelona,90,Real Betis Balompié,3,1,1,0,HOME_TEAM,0
538147,PL,2025,37,2026-05-18 19:00:00+00:00,FINISHED,57,Arsenal FC,328,Burnley FC,1,0,1,0,HOME_TEAM,0
538145,PL,2025,37,2026-05-19 18:30:00+00:00,FINISHED,1044,AFC Bournemouth,65,Manchester City FC,1,1,1,0,DRAW,1
538149,PL,2025,37,2026-05-19 19:15:00+00:00,FINISHED,61,Chelsea FC,73,Tottenham Hotspur FC,2,1,1,0,HOME_TEAM,0
537185,SA,2025,38,2026-05-22 18:45:00+00:00,FINISHED,99,ACF Fiorentina,102,Atalanta BC,1,1,1,0,DRAW,1
537187,SA,2025,38,2026-05-23 16:00:00+00:00,FINISHED,103,Bologna FC 1909,108,FC Internazionale Milano,3,3,2,1,DRAW,1
537190,SA,2025,38,2026-05-23 18:45:00+00:00,FINISHED,110,SS Lazio,487,AC Pisa 1909,2,1,2,1,HOME_TEAM,0
544582,PD,2025,38,2026-05-23 19:00:00+00:00,FINISHED,90,Real Betis Balompié,88,Levante UD,2,1,1,1,HOME_TEAM,0
544589,PD,2025,38,2026-05-23 19:00:00+00:00,FINISHED,95,Valencia CF,81,FC Barcelona,3,1,0,0,HOME_TEAM,0
544587,PD,2025,38,2026-05-23 19:00:00+00:00,FINISHED,86,Real Madrid CF,77,Athletic Club,4,2,2,1,HOME_TEAM,0
544586,PD,2025,38,2026-05-23 19:00:00+00:00,FINISHED,89,RCD Mallorca,1048,Real Oviedo,3,0,1,0,HOME_TEAM,0
544585,PD,2025,38,2026-05-23 19:00:00+00:00,FINISHED,82,Getafe CF,79,CA Osasuna,1,0,0,0,HOME_TEAM,0
544584,PD,2025,38,2026-05-23 19:00:00+00:00,FINISHED,80,RCD Espanyol de Barcelona,92,Real Sociedad de Fútbol,1,1,0,1,DRAW,1
544583,PD,2025,38,2026-05-23 19:00:00+00:00,FINISHED,558,RC Celta de Vigo,559,Sevilla FC,1,0,0,0,HOME_TEAM,0
544581,PD,2025,38,2026-05-23 19:00:00+00:00,FINISHED,263,Deportivo Alavés,87,Rayo Vallecano de Madrid,1,2,1,0,AWAY_TEAM,2
544590,PD,2025,38,2026-05-23 19:00:00+00:00,FINISHED,298,Girona FC,285,Elche CF,1,1,0,1,DRAW,1
537191,SA,2025,38,2026-05-24 13:00:00+00:00,FINISHED,112,Parma Calcio 1913,471,US Sassuolo Calcio,1,0,0,0,HOME_TEAM,0
538159,PL,2025,38,2026-05-24 15:00:00+00:00,FINISHED,63,Fulham FC,67,Newcastle United FC,2,0,1,0,HOME_TEAM,0
538156,PL,2025,38,2026-05-24 15:00:00+00:00,FINISHED,397,Brighton & Hove Albion FC,66,Manchester United FC,0,3,0,2,AWAY_TEAM,2
538157,PL,2025,38,2026-05-24 15:00:00+00:00,FINISHED,354,Crystal Palace FC,57,Arsenal FC,1,2,0,1,AWAY_TEAM,2
538158,PL,2025,38,2026-05-24 15:00:00+00:00,FINISHED,328,Burnley FC,76,Wolverhampton Wanderers FC,1,1,0,1,DRAW,1
538160,PL,2025,38,2026-05-24 15:00:00+00:00,FINISHED,64,Liverpool FC,402,Brentford FC,1,1,0,0,DRAW,1
538161,PL,2025,38,2026-05-24 15:00:00+00:00,FINISHED,65,Manchester City FC,58,Aston Villa FC,1,2,1,0,AWAY_TEAM,2
538162,PL,2025,38,2026-05-24 15:00:00+00:00,FINISHED,351,Nottingham Forest FC,1044,AFC Bournemouth,1,1,1,0,DRAW,1
538163,PL,2025,38,2026-05-24 15:00:00+00:00,FINISHED,73,Tottenham Hotspur FC,62,Everton FC,1,0,1,0,HOME_TEAM,0
538164,PL,2025,38,2026-05-24 15:00:00+00:00,FINISHED,563,West Ham United FC,341,Leeds United FC,3,0,0,0,HOME_TEAM,0
538155,PL,2025,38,2026-05-24 15:00:00+00:00,FINISHED,71,Sunderland AFC,61,Chelsea FC,2,1,1,0,HOME_TEAM,0
537192,SA,2025,38,2026-05-24 16:00:00+00:00,FINISHED,113,SSC Napoli,115,Udinese Calcio,1,0,1,0,HOME_TEAM,0
537194,SA,2025,38,2026-05-24 18:45:00+00:00,FINISHED,5890,US Lecce,107,Genoa CFC,1,0,1,0,HOME_TEAM,0
537186,SA,2025,38,2026-05-24 18:45:00+00:00,FINISHED,98,AC Milan,104,Cagliari Calcio,1,2,1,1,AWAY_TEAM,2
537189,SA,2025,38,2026-05-24 18:45:00+00:00,FINISHED,450,Hellas Verona FC,100,AS Roma,0,2,0,0,AWAY_TEAM,2
537193,SA,2025,38,2026-05-24 18:45:00+00:00,FINISHED,457,US Cremonese,7397,Como 1907,1,4,0,1,AWAY_TEAM,2
544588,PD,2025,38,2026-05-24 19:00:00+00:00,FINISHED,94,Villarreal CF,78,Club Atlético de Madrid,5,1,4,1,HOME_TEAM,0
537188,SA,2025,38,2026-05-24 19:45:00+00:00,FINISHED,586,Torino FC,109,Juventus FC,2,2,0,1,DRAW,1
